ISO-10303-21;
HEADER;
FILE_DESCRIPTION (( 'STEP AP214' ),
    '1' );
FILE_NAME ('TO-220_correct_angle.STEP',
    '2017-01-25T12:21:37',
    ( '' ),
    ( '' ),
    'SwSTEP 2.0',
    'SolidWorks 2013',
    '' );
FILE_SCHEMA (( 'AUTOMOTIVE_DESIGN' ));
ENDSEC;

DATA;
#1 = CARTESIAN_POINT ( 'NONE',  ( 6.085564313616071500, 4.509999999999999800, -2.736630341376733000 ) ) ;
#2 =( NAMED_UNIT ( * ) SI_UNIT ( $, .STERADIAN. ) SOLID_ANGLE_UNIT ( ) );
#3 = FACE_OUTER_BOUND ( 'NONE', #5603, .T. ) ;
#4 = ORIENTED_EDGE ( 'NONE', *, *, #5750, .T. ) ;
#5 = CARTESIAN_POINT ( 'NONE',  ( 6.632056859210994300, 4.499999999999999100, -1.570486415845414200 ) ) ;
#6 =( LENGTH_UNIT ( ) NAMED_UNIT ( * ) SI_UNIT ( .MILLI., .METRE. ) );
#7 = PRESENTATION_STYLE_ASSIGNMENT (( #6057 ) ) ;
#8 =( NAMED_UNIT ( * ) PLANE_ANGLE_UNIT ( ) SI_UNIT ( $, .RADIAN. ) );
#9 = ORIENTED_EDGE ( 'NONE', *, *, #5563, .F. ) ;
#10 = DIRECTION ( 'NONE',  ( -0.0000000000000000000, -1.000000000000000000, -0.0000000000000000000 ) ) ;
#11 = CARTESIAN_POINT ( 'NONE',  ( 6.036434791201636500, 4.509999999999999800, -2.554729299710066600 ) ) ;
#12 = UNCERTAINTY_MEASURE_WITH_UNIT (LENGTH_MEASURE( 1.000000000000000100E-005 ), #4689, 'distance_accuracy_value', 'NONE');
#13 = CARTESIAN_POINT ( 'NONE',  ( 6.053044789504038000, 4.509999999999999800, -0.9299409107028424600 ) ) ;
#14 = STYLED_ITEM ( 'NONE', ( #4634 ), #6508 ) ;
#15 = CARTESIAN_POINT ( 'NONE',  ( 4.926942312885029400, 4.510000000000000700, -2.735827419742393300 ) ) ;
#16 = CARTESIAN_POINT ( 'NONE',  ( 6.394958496093749100, 4.509999999999999800, -2.560413707262149800 ) ) ;
#17 = ORIENTED_EDGE ( 'NONE', *, *, #7650, .T. ) ;
#18 =( NAMED_UNIT ( * ) PLANE_ANGLE_UNIT ( ) SI_UNIT ( $, .RADIAN. ) );
#19 = CARTESIAN_POINT ( 'NONE',  ( 2.507229759579612200, 4.509999999999999800, -1.284264211819442100 ) ) ;
#20 = CARTESIAN_POINT ( 'NONE',  ( 2.077576397313863700, 4.500000000000001800, -1.102060676745144000 ) ) ;
#21 = DIRECTION ( 'NONE',  ( 0.0000000000000000000, -1.000000000000000000, 4.336808689942025100E-016 ) ) ;
#22 = EDGE_CURVE ( 'NONE', #1345, #8346, #5720, .T. ) ;
#23 = CARTESIAN_POINT ( 'NONE',  ( 2.779053092963356300, 4.509999999999999800, -2.420693911209388400 ) ) ;
#24 = PLANE ( 'NONE',  #496 ) ;
#25 = EDGE_LOOP ( 'NONE', ( #9215, #1976, #1589, #7665 ) ) ;
#26 = EDGE_LOOP ( 'NONE', ( #5524, #2702, #6568, #5107 ) ) ;
#27 = CARTESIAN_POINT ( 'NONE',  ( 4.447840541514372200, 4.500000000000000000, -2.289430927563799800 ) ) ;
#28 = CARTESIAN_POINT ( 'NONE',  ( 6.085564313616071500, 4.509999999999999800, -2.736630341376733000 ) ) ;
#29 = CARTESIAN_POINT ( 'NONE',  ( 2.324988204433651200, 4.509999999999997100, -2.509979398164091400 ) ) ;
#30 = CARTESIAN_POINT ( 'NONE',  ( 6.057327357527889000, 4.510000000000000700, -2.735827419742393300 ) ) ;
#31 = LINE ( 'NONE', #1775, #1709 ) ;
#32 = SURFACE_SIDE_STYLE ('',( #4970 ) ) ;
#33 = MECHANICAL_DESIGN_GEOMETRIC_PRESENTATION_REPRESENTATION (  '', ( #8063 ), #3119 ) ;
#34 = ORIENTED_EDGE ( 'NONE', *, *, #6249, .F. ) ;
#35 = MECHANICAL_DESIGN_GEOMETRIC_PRESENTATION_REPRESENTATION (  '', ( #5475 ), #5274 ) ;
#36 =( NAMED_UNIT ( * ) PLANE_ANGLE_UNIT ( ) SI_UNIT ( $, .RADIAN. ) );
#37 = ORIENTED_EDGE ( 'NONE', *, *, #1568, .F. ) ;
#38 = CARTESIAN_POINT ( 'NONE',  ( -1.009999999999997300, 4.500000000000000900, -5.000000000000015100 ) ) ;
#39 = CARTESIAN_POINT ( 'NONE',  ( 6.004933854183627200, 4.510000000000000700, -1.099391563974918600 ) ) ;
#40 = FACE_OUTER_BOUND ( 'NONE', #7270, .T. ) ;
#41 = CARTESIAN_POINT ( 'NONE',  ( 6.613693479778741700, 4.509999999999998900, -1.377248336182649500 ) ) ;
#42 = DIRECTION ( 'NONE',  ( 0.0000000000000000000, -1.000000000000000000, 4.336808689942025600E-016 ) ) ;
#43 = CARTESIAN_POINT ( 'NONE',  ( 7.045270938289092100, 4.500000000000000900, -2.514009616099471600 ) ) ;
#44 = ORIENTED_EDGE ( 'NONE', *, *, #3807, .T. ) ;
#45 = STYLED_ITEM ( 'NONE', ( #4057 ), #8900 ) ;
#46 = ORIENTED_EDGE ( 'NONE', *, *, #2019, .T. ) ;
#47 = EDGE_CURVE ( 'NONE', #588, #8195, #3842, .T. ) ;
#48 =( NAMED_UNIT ( * ) SI_UNIT ( $, .STERADIAN. ) SOLID_ANGLE_UNIT ( ) );
#49 = PRESENTATION_LAYER_ASSIGNMENT (  '', '', ( #9121 ) ) ;
#50 = CARTESIAN_POINT ( 'NONE',  ( 6.674009598991005100, 4.500000000000002700, -1.135731047707683600 ) ) ;
#51 = CARTESIAN_POINT ( 'NONE',  ( 4.657965959821427600, 4.509999999999999800, -2.429672333564233600 ) ) ;
#52 = EDGE_LOOP ( 'NONE', ( #4545, #275, #6950, #7403 ) ) ;
#53 = VECTOR ( 'NONE', #6108, 1000.000000000000000 ) ;
#54 = CARTESIAN_POINT ( 'NONE',  ( 1.857948174093059700, 4.510000000000000700, -1.290399275540088400 ) ) ;
#55 = ORIENTED_EDGE ( 'NONE', *, *, #9671, .F. ) ;
#56 = CARTESIAN_POINT ( 'NONE',  ( 2.779053092963356300, 4.500000000000000900, -2.420693911209388400 ) ) ;
#57 = CARTESIAN_POINT ( 'NONE',  ( 6.088129048949335600, 4.510000000000000700, -1.029296115152946500 ) ) ;
#58 = LINE ( 'NONE', #1963, #7974 ) ;
#59 = CARTESIAN_POINT ( 'NONE',  ( 6.431757091387573200, 4.500000000000003600, -1.340697637201566000 ) ) ;
#60 = CARTESIAN_POINT ( 'NONE',  ( 1.922785347974640800, 4.500000000000000900, -0.9559830000762953300 ) ) ;
#61 = CARTESIAN_POINT ( 'NONE',  ( 2.279265416916611100, 4.500000000000002700, -2.484180698914966600 ) ) ;
#62 = EDGE_CURVE ( 'NONE', #4839, #1456, #6909, .T. ) ;
#63 = CARTESIAN_POINT ( 'NONE',  ( 3.064703808632549500, 4.509999999999998900, -1.364104977045783800 ) ) ;
#64 = CARTESIAN_POINT ( 'NONE',  ( 2.135713123139880500, 4.510000000000000700, -1.099520966376733800 ) ) ;
#65 = B_SPLINE_CURVE_WITH_KNOTS ( 'NONE', 3,
 ( #3794, #4558, #2324, #7645, #1506, #2986, #3047 ),
 .UNSPECIFIED., .F., .F.,
 ( 4, 1, 1, 1, 4 ),
 ( 0.0000000000000000000, 0.2589140960132656500, 0.5002977096673241200, 0.7469838535467533400, 1.000000000000000000 ),
 .UNSPECIFIED. ) ;
#66 = LINE ( 'NONE', #638, #7978 ) ;
#67 = ORIENTED_EDGE ( 'NONE', *, *, #2636, .F. ) ;
#68 = SURFACE_SIDE_STYLE ('',( #6038 ) ) ;
#69 = LINE ( 'NONE', #3154, #182 ) ;
#70 = B_SPLINE_CURVE_WITH_KNOTS ( 'NONE', 3,
 ( #2668, #2633, #8026, #5725, #1164 ),
 .UNSPECIFIED., .F., .F.,
 ( 4, 1, 4 ),
 ( 0.0000000000000000000, 0.5021492086968814000, 1.000000000000000000 ),
 .UNSPECIFIED. ) ;
#71 = CARTESIAN_POINT ( 'NONE',  ( 2.940056791759671800, 4.500000000000000000, -2.498291253300096900 ) ) ;
#72 = CARTESIAN_POINT ( 'NONE',  ( 3.018527336545354000, 4.509999999999999800, -1.411113213743273600 ) ) ;
#73 = CARTESIAN_POINT ( 'NONE',  ( 0.6497794413388472400, 4.510000000000000700, -2.638611333244233100 ) ) ;
#74 = EDGE_LOOP ( 'NONE', ( #5857, #6446, #6867, #2573 ) ) ;
#75 = FILL_AREA_STYLE_COLOUR ( '', #2876 ) ;
#76 = ORIENTED_EDGE ( 'NONE', *, *, #1819, .T. ) ;
#77 = CARTESIAN_POINT ( 'NONE',  ( 0.7730794270833332100, 4.509999999999999800, -0.9176199247100669300 ) ) ;
#78 = SURFACE_STYLE_FILL_AREA ( #7529 ) ;
#79 = CARTESIAN_POINT ( 'NONE',  ( 5.210567659544008000, 4.509999999999999800, -0.9223453044267364600 ) ) ;
#80 = EDGE_CURVE ( 'NONE', #6805, #9688, #954, .T. ) ;
#81 = CARTESIAN_POINT ( 'NONE',  ( 6.381557287843257600, 4.500000000000000000, -2.145994865886197800 ) ) ;
#82 = CARTESIAN_POINT ( 'NONE',  ( 6.102104859207315700, 4.510000000000001600, -2.736063023224931900 ) ) ;
#83 = CARTESIAN_POINT ( 'NONE',  ( 4.759129499744084100, 4.500000000000000000, -2.505895107314502400 ) ) ;
#84 = SURFACE_STYLE_FILL_AREA ( #3236 ) ;
#85 = ORIENTED_EDGE ( 'NONE', *, *, #4562, .F. ) ;
#86 = CARTESIAN_POINT ( 'NONE',  ( 2.607112920851933700, 4.509999999999999800, -1.463323049710066900 ) ) ;
#87 = PRESENTATION_LAYER_ASSIGNMENT (  '', '', ( #4679 ) ) ;
#88 =( LENGTH_UNIT ( ) NAMED_UNIT ( * ) SI_UNIT ( .MILLI., .METRE. ) );
#89 = ORIENTED_EDGE ( 'NONE', *, *, #9073, .T. ) ;
#90 = VECTOR ( 'NONE', #6125, 1000.000000000000000 ) ;
#91 = CARTESIAN_POINT ( 'NONE',  ( 7.190887899038131100, 4.500000000000000900, -2.736396512413260800 ) ) ;
#92 = CARTESIAN_POINT ( 'NONE',  ( 7.128653099423362800, 4.510000000000000700, -1.516918892343995800 ) ) ;
#93 = COLOUR_RGB ( '',0.09803921568627450800, 0.09803921568627450800, 0.09803921568627450800 ) ;
#94 = STYLED_ITEM ( 'NONE', ( #528 ), #4071 ) ;
#95 = CARTESIAN_POINT ( 'NONE',  ( 1.872606259300594500, 4.500000000000000900, -0.9878629608893823000 ) ) ;
#96 =( GEOMETRIC_REPRESENTATION_CONTEXT ( 3 ) GLOBAL_UNCERTAINTY_ASSIGNED_CONTEXT ( ( #6472 ) ) GLOBAL_UNIT_ASSIGNED_CONTEXT ( ( #7869, #5568, #998 ) ) REPRESENTATION_CONTEXT ( 'NONE', 'WORKASPACE' ) );
#97 = CARTESIAN_POINT ( 'NONE',  ( 5.029727901015373700, 4.509999999999998900, -2.148605785864427200 ) ) ;
#98 = ORIENTED_EDGE ( 'NONE', *, *, #8960, .T. ) ;
#99 = DIRECTION ( 'NONE',  ( -0.0000000000000000000, -1.000000000000000000, -0.0000000000000000000 ) ) ;
#100 = ORIENTED_EDGE ( 'NONE', *, *, #4808, .T. ) ;
#101 = SURFACE_STYLE_USAGE ( .BOTH. , #8483 ) ;
#102 = SURFACE_STYLE_USAGE ( .BOTH. , #6155 ) ;
#103 = SURFACE_SIDE_STYLE ('',( #2340 ) ) ;
#104 = CARTESIAN_POINT ( 'NONE',  ( 4.952837003297808000, 4.510000000000000700, -1.047963875669278400 ) ) ;
#105 = FILL_AREA_STYLE ('',( #911 ) ) ;
#106 = VECTOR ( 'NONE', #4126, 1000.000000000000000 ) ;
#107 = LINE ( 'NONE', #2845, #4753 ) ;
#108 = CARTESIAN_POINT ( 'NONE',  ( 6.053322083027819800, 4.500000000000000900, -1.087793544779792600 ) ) ;
#109 =( GEOMETRIC_REPRESENTATION_CONTEXT ( 3 ) GLOBAL_UNCERTAINTY_ASSIGNED_CONTEXT ( ( #1435 ) ) GLOBAL_UNIT_ASSIGNED_CONTEXT ( ( #8255, #5127, #630 ) ) REPRESENTATION_CONTEXT ( 'NONE', 'WORKASPACE' ) );
#110 =( GEOMETRIC_REPRESENTATION_CONTEXT ( 3 ) GLOBAL_UNCERTAINTY_ASSIGNED_CONTEXT ( ( #4591 ) ) GLOBAL_UNIT_ASSIGNED_CONTEXT ( ( #2760, #8055, #3474 ) ) REPRESENTATION_CONTEXT ( 'NONE', 'WORKASPACE' ) );
#111 =( NAMED_UNIT ( * ) PLANE_ANGLE_UNIT ( ) SI_UNIT ( $, .RADIAN. ) );
#112 = CARTESIAN_POINT ( 'NONE',  ( 7.193877255147151000, 4.500000000000000900, -1.678252156637761700 ) ) ;
#113 = CARTESIAN_POINT ( 'NONE',  ( 1.767717884740021500, 4.509999999999999800, -2.638611333244233100 ) ) ;
#114 = STYLED_ITEM ( 'NONE', ( #3636 ), #1149 ) ;
#115 = FILL_AREA_STYLE ('',( #1623 ) ) ;
#116 = LINE ( 'NONE', #747, #4769 ) ;
#117 = ORIENTED_EDGE ( 'NONE', *, *, #3143, .T. ) ;
#118 = CARTESIAN_POINT ( 'NONE',  ( 4.501951989180579300, 4.510000000000000700, -2.284214916070034500 ) ) ;
#119 = DIRECTION ( 'NONE',  ( 1.000000000000000000, -0.0000000000000000000, 0.0000000000000000000 ) ) ;
#120 = CARTESIAN_POINT ( 'NONE',  ( 2.802006894066219700, 4.509999999999999800, -2.190927216376733300 ) ) ;
#121 = CARTESIAN_POINT ( 'NONE',  ( 2.235286077546879500, 4.500000000000000900, -2.452624973298953600 ) ) ;
#122 = FILL_AREA_STYLE ('',( #3135 ) ) ;
#123 = EDGE_CURVE ( 'NONE', #8464, #9899, #4309, .T. ) ;
#124 = LINE ( 'NONE', #3314, #1343 ) ;
#125 =( NAMED_UNIT ( * ) SI_UNIT ( $, .STERADIAN. ) SOLID_ANGLE_UNIT ( ) );
#126 = ORIENTED_EDGE ( 'NONE', *, *, #961, .F. ) ;
#127 =( NAMED_UNIT ( * ) PLANE_ANGLE_UNIT ( ) SI_UNIT ( $, .RADIAN. ) );
#128 = CARTESIAN_POINT ( 'NONE',  ( 5.105059730956707400, 4.509999999999999800, -2.257470553048837900 ) ) ;
#129 = CARTESIAN_POINT ( 'NONE',  ( 7.487459807072171200, 4.510000000000000700, -2.443708560545272000 ) ) ;
#130 = CARTESIAN_POINT ( 'NONE',  ( 6.934007784893021900, 4.500000000000000000, -2.390852232573268400 ) ) ;
#131 = CARTESIAN_POINT ( 'NONE',  ( 5.178995119180719100, 4.510000000000000700, -1.066209992267790600 ) ) ;
#132 = ORIENTED_EDGE ( 'NONE', *, *, #6471, .T. ) ;
#133 = CARTESIAN_POINT ( 'NONE',  ( 4.867476981026784200, 4.500000000000000900, -1.099520966376733600 ) ) ;
#134 = CARTESIAN_POINT ( 'NONE',  ( 2.118952050712644000, 4.500000000000000900, -2.331300673399069100 ) ) ;
#135 = UNCERTAINTY_MEASURE_WITH_UNIT (LENGTH_MEASURE( 1.000000000000000100E-005 ), #7466, 'distance_accuracy_value', 'NONE');
#136 =( NAMED_UNIT ( * ) PLANE_ANGLE_UNIT ( ) SI_UNIT ( $, .RADIAN. ) );
#137 = CARTESIAN_POINT ( 'NONE',  ( -1.009999999999997300, 4.745000000000015200, -4.754999999999999000 ) ) ;
#138 = EDGE_CURVE ( 'NONE', #2639, #7761, #5112, .T. ) ;
#139 = CARTESIAN_POINT ( 'NONE',  ( 2.408420463913561300, 4.500000000000000900, -2.721722860368197300 ) ) ;
#140 = CARTESIAN_POINT ( 'NONE',  ( 7.240717134021577000, 4.500000000000000900, -1.827125133043400000 ) ) ;
#141 = DIRECTION ( 'NONE',  ( 0.0000000000000000000, 0.0000000000000000000, -1.000000000000000000 ) ) ;
#142 = ORIENTED_EDGE ( 'NONE', *, *, #9167, .F. ) ;
#143 = PRESENTATION_LAYER_ASSIGNMENT (  '', '', ( #8846 ) ) ;
#144 = CARTESIAN_POINT ( 'NONE',  ( 4.536507867071308400, 4.510000000000000700, -2.301346730429791900 ) ) ;
#145 = VECTOR ( 'NONE', #5260, 1000.000000000000000 ) ;
#146 = ADVANCED_FACE ( 'NONE', ( #9424 ), #3466, .T. ) ;
#147 = CARTESIAN_POINT ( 'NONE',  ( 4.897092457145723700, 4.509999999999999800, -2.554278226873297500 ) ) ;
#148 = ORIENTED_EDGE ( 'NONE', *, *, #8077, .T. ) ;
#149 = UNCERTAINTY_MEASURE_WITH_UNIT (LENGTH_MEASURE( 1.000000000000000100E-005 ), #9819, 'distance_accuracy_value', 'NONE');
#150 = MECHANICAL_DESIGN_GEOMETRIC_PRESENTATION_REPRESENTATION (  '', ( #9749 ), #9361 ) ;
#151 = EDGE_LOOP ( 'NONE', ( #5892, #1839, #750, #1175 ) ) ;
#152 = SURFACE_STYLE_USAGE ( .BOTH. , #4715 ) ;
#153 = CARTESIAN_POINT ( 'NONE',  ( 1.893037065655912600, 4.500000000000000900, -1.217738128935783800 ) ) ;
#154 = EDGE_CURVE ( 'NONE', #2225, #6259, #4381, .T. ) ;
#155 = CARTESIAN_POINT ( 'NONE',  ( 6.434984256956553800, 4.509999999999998900, -2.283935102730433100 ) ) ;
#156 = CARTESIAN_POINT ( 'NONE',  ( 7.332629869282484900, 4.509999999999999800, -2.709577293894838100 ) ) ;
#157 = CARTESIAN_POINT ( 'NONE',  ( 5.160450128570917400, 4.500000000000001800, -1.025705839578742200 ) ) ;
#158 = CARTESIAN_POINT ( 'NONE',  ( 3.025149001677140500, 4.500000000000001800, -1.506115743682548500 ) ) ;
#159 =( NAMED_UNIT ( * ) PLANE_ANGLE_UNIT ( ) SI_UNIT ( $, .RADIAN. ) );
#160 = VERTEX_POINT ( 'NONE', #8064 ) ;
#161 = CARTESIAN_POINT ( 'NONE',  ( 6.246890928115340600, 4.509999999999998900, -2.287051556701786800 ) ) ;
#162 = CARTESIAN_POINT ( 'NONE',  ( 7.148522036177767300, 4.500000000000000000, -2.554411569219188700 ) ) ;
#163 =( NAMED_UNIT ( * ) PLANE_ANGLE_UNIT ( ) SI_UNIT ( $, .RADIAN. ) );
#164 = COLOUR_RGB ( '',0.8980392156862745400, 0.8980392156862745400, 0.8980392156862745400 ) ;
#165 = CARTESIAN_POINT ( 'NONE',  ( 6.798145403180804200, 4.510000000000000700, -2.137331373742805700 ) ) ;
#166 = AXIS2_PLACEMENT_3D ( 'NONE', #9440, #289, #2643 ) ;
#167 = SURFACE_STYLE_FILL_AREA ( #7372 ) ;
#168 = PRESENTATION_LAYER_ASSIGNMENT (  '', '', ( #875 ) ) ;
#169 = CARTESIAN_POINT ( 'NONE',  ( 0.8031435130265859300, 4.510000000000000700, -0.9193368064240683400 ) ) ;
#170 = FILL_AREA_STYLE ('',( #329 ) ) ;
#171 = CARTESIAN_POINT ( 'NONE',  ( 0.6496465773809523300, 4.509999999999999800, -2.645679820543399800 ) ) ;
#172 = ORIENTED_EDGE ( 'NONE', *, *, #8115, .T. ) ;
#173 = SURFACE_STYLE_USAGE ( .BOTH. , #8563 ) ;
#174 = DIRECTION ( 'NONE',  ( -1.000000000000000000, 0.0000000000000000000, 0.0000000000000000000 ) ) ;
#175 = CARTESIAN_POINT ( 'NONE',  ( 6.523260991002296700, 4.500000000000000900, -1.002022223431515300 ) ) ;
#176 =( GEOMETRIC_REPRESENTATION_CONTEXT ( 3 ) GLOBAL_UNCERTAINTY_ASSIGNED_CONTEXT ( ( #7090 ) ) GLOBAL_UNIT_ASSIGNED_CONTEXT ( ( #6, #9141, #1457 ) ) REPRESENTATION_CONTEXT ( 'NONE', 'WORKASPACE' ) );
#177 = LINE ( 'NONE', #3055, #1032 ) ;
#178 = EDGE_CURVE ( 'NONE', #9396, #8507, #7910, .T. ) ;
#179 = VERTEX_POINT ( 'NONE', #4274 ) ;
#180 = CARTESIAN_POINT ( 'NONE',  ( 4.482561383928570300, 4.509999999999999800, -2.283095824542656200 ) ) ;
#181 = AXIS2_PLACEMENT_3D ( 'NONE', #472, #4285, #3495 ) ;
#182 = VECTOR ( 'NONE', #6334, 1000.000000000000000 ) ;
#183 = CARTESIAN_POINT ( 'NONE',  ( 5.777388218470981900, 4.509999999999999800, -2.655424519204114400 ) ) ;
#184 = CARTESIAN_POINT ( 'NONE',  ( 7.190887899038131100, 4.500000000000003600, -2.736396512413260800 ) ) ;
#185 = ORIENTED_EDGE ( 'NONE', *, *, #9826, .F. ) ;
#186 = CARTESIAN_POINT ( 'NONE',  ( 4.034219201762550000, 4.509999999999998900, -1.042164952054619200 ) ) ;
#187 =( NAMED_UNIT ( * ) SI_UNIT ( $, .STERADIAN. ) SOLID_ANGLE_UNIT ( ) );
#188 = LINE ( 'NONE', #3181, #9866 ) ;
#189 = EDGE_LOOP ( 'NONE', ( #1734, #6667, #2276, #7799 ) ) ;
#190 = ORIENTED_EDGE ( 'NONE', *, *, #7400, .F. ) ;
#191 = CARTESIAN_POINT ( 'NONE',  ( 7.405146722558822800, 4.509999999999999800, -2.652219584101968700 ) ) ;
#192 = CARTESIAN_POINT ( 'NONE',  ( 6.940000000000003100, -2.260000000000004200, 7.249999999999985800 ) ) ;
#193 = COLOUR_RGB ( '',1.000000000000000000, 1.000000000000000000, 1.000000000000000000 ) ;
#194 = B_SPLINE_CURVE_WITH_KNOTS ( 'NONE', 3,
 ( #2002, #8872, #7367, #4279, #1312, #9642, #601 ),
 .UNSPECIFIED., .F., .F.,
 ( 4, 1, 1, 1, 4 ),
 ( 0.0000000000000000000, 0.2448558477671817800, 0.4902544414021258200, 0.7414839543316897900, 1.000000000000000000 ),
 .UNSPECIFIED. ) ;
#195 = LINE ( 'NONE', #5158, #7871 ) ;
#196 = VERTEX_POINT ( 'NONE', #4237 ) ;
#197 = FILL_AREA_STYLE_COLOUR ( '', #9389 ) ;
#198 = CARTESIAN_POINT ( 'NONE',  ( 5.125773605048189900, 4.500000000000003600, -2.315811436865796900 ) ) ;
#199 = EDGE_CURVE ( 'NONE', #4965, #3369, #8973, .T. ) ;
#200 = CARTESIAN_POINT ( 'NONE',  ( 6.262295226800813600, 4.500000000000000900, -2.363467509424859600 ) ) ;
#201 = CARTESIAN_POINT ( 'NONE',  ( 4.867476981026784200, 4.500000000000000900, -1.099520966376733600 ) ) ;
#202 = LINE ( 'NONE', #3256, #9394 ) ;
#203 = DIRECTION ( 'NONE',  ( 0.0000000000000000000, -0.0000000000000000000, -1.000000000000000000 ) ) ;
#204 = ADVANCED_FACE ( 'NONE', ( #6216 ), #6823, .T. ) ;
#205 = LINE ( 'NONE', #2871, #8119 ) ;
#206 = CARTESIAN_POINT ( 'NONE',  ( -1.000000000000000700, 1.000000000000000000, -12.00000000000000000 ) ) ;
#207 = CARTESIAN_POINT ( 'NONE',  ( 6.798145403180804200, 4.500000000000001800, -2.137331373742805700 ) ) ;
#208 = ORIENTED_EDGE ( 'NONE', *, *, #8348, .F. ) ;
#209 = CARTESIAN_POINT ( 'NONE',  ( 5.997862025669642900, 4.500000000000000900, -0.9176199247100669300 ) ) ;
#210 = CARTESIAN_POINT ( 'NONE',  ( 6.088406517392113100, 4.509999999999999800, -1.008570445543400100 ) ) ;
#211 = CARTESIAN_POINT ( 'NONE',  ( 7.219698003989985400, 4.500000000000000900, -1.753814059769081400 ) ) ;
#212 = CARTESIAN_POINT ( 'NONE',  ( 6.431757091387573200, 4.500000000000000900, -1.340697637201566000 ) ) ;
#213 = VECTOR ( 'NONE', #979, 1000.000000000000000 ) ;
#214 = EDGE_LOOP ( 'NONE', ( #2908, #117, #722, #3335, #132, #1947, #3944, #6039, #8567, #1184, #7872, #7176 ) ) ;
#215 = ORIENTED_EDGE ( 'NONE', *, *, #8666, .F. ) ;
#216 = EDGE_CURVE ( 'NONE', #8099, #903, #5409, .T. ) ;
#217 = VERTEX_POINT ( 'NONE', #8054 ) ;
#218 = COLOUR_RGB ( '',0.8470588235294117500, 0.8470588235294117500, 0.8470588235294117500 ) ;
#219 = FILL_AREA_STYLE ('',( #4495 ) ) ;
#220 = CARTESIAN_POINT ( 'NONE',  ( 1.846620396205356500, 4.509999999999999800, -1.375214732652775300 ) ) ;
#221 = CARTESIAN_POINT ( 'NONE',  ( 6.802703164427086300, 4.509999999999999800, -2.516661002011852900 ) ) ;
#222 = VECTOR ( 'NONE', #4966, 1000.000000000000000 ) ;
#223 = CARTESIAN_POINT ( 'NONE',  ( 2.118952050712644000, 4.500000000000000900, -2.331300673399069100 ) ) ;
#224 = CARTESIAN_POINT ( 'NONE',  ( 0.7100000000000031800, 2.990000000000000200, 1.999999999999984500 ) ) ;
#225 = CARTESIAN_POINT ( 'NONE',  ( 6.076527827768488900, 4.500000000000000000, -0.9531179552905872900 ) ) ;
#226 = CARTESIAN_POINT ( 'NONE',  ( 2.814187767392112500, 4.509999999999999800, -2.279035533434024900 ) ) ;
#227 = COLOUR_RGB ( '',1.000000000000000000, 1.000000000000000000, 1.000000000000000000 ) ;
#228 = CARTESIAN_POINT ( 'NONE',  ( 2.949664431293046500, 4.500000000000000000, -2.480804136781038900 ) ) ;
#229 = CARTESIAN_POINT ( 'NONE',  ( 3.859452570610312000, 4.500000000000000900, -1.359749652173699400 ) ) ;
#230 = EDGE_CURVE ( 'NONE', #6149, #5186, #1326, .T. ) ;
#231 = CARTESIAN_POINT ( 'NONE',  ( 5.069771420688033100, 4.500000000000003600, -2.198146564422811100 ) ) ;
#232 = CARTESIAN_POINT ( 'NONE',  ( 5.675533885096159600, 4.510000000000000700, -2.311040072749954300 ) ) ;
#233 = CARTESIAN_POINT ( 'NONE',  ( 4.955179268973211900, 4.499999999999999100, -2.736630341376733000 ) ) ;
#234 = B_SPLINE_SURFACE_WITH_KNOTS ( 'NONE', 3, 1, ( 
 ( #4925, #4957 ),
 ( #1139, #6487 ),
 ( #291, #1901 ),
 ( #5637, #1077 ),
 ( #8036, #2608 ),
 ( #6415, #3452 ),
 ( #9472, #1867 ),
 ( #1838, #3379 ),
 ( #8708, #5670 ),
 ( #2836, #1339 ),
 ( #2045, #6701 ) ),
 .UNSPECIFIED., .F., .F., .F.,
 ( 4, 1, 1, 1, 1, 1, 1, 1, 4 ),
 ( 2, 2 ),
 ( 0.0000000000000000000, 0.1291105823789963100, 0.2450588575812230300, 0.3531069179282673200, 0.4605420137297475700, 0.5744332052480215500, 0.6984684015256525900, 0.8392786984694942100, 1.000000000000000000 ),
 ( 0.0000000000000000000, 1.000000000000000000 ),
 .UNSPECIFIED. ) ;
#235 =( NAMED_UNIT ( * ) PLANE_ANGLE_UNIT ( ) SI_UNIT ( $, .RADIAN. ) );
#236 = CARTESIAN_POINT ( 'NONE',  ( 4.935599472145616700, 4.500000000000000000, -1.077106416611775000 ) ) ;
#237 =( NAMED_UNIT ( * ) SI_UNIT ( $, .STERADIAN. ) SOLID_ANGLE_UNIT ( ) );
#238 = CARTESIAN_POINT ( 'NONE',  ( 6.786260351770802200, 4.500000000000003600, -2.109548439480166200 ) ) ;
#239 = COLOUR_RGB ( '',0.8980392156862745400, 0.8980392156862745400, 0.8980392156862745400 ) ;
#240 = STYLED_ITEM ( 'NONE', ( #5850 ), #8661 ) ;
#241 = SURFACE_STYLE_FILL_AREA ( #1524 ) ;
#242 = ORIENTED_EDGE ( 'NONE', *, *, #5944, .T. ) ;
#243 = DIRECTION ( 'NONE',  ( -1.000000000000000000, -7.186068289332658600E-014, 0.0000000000000000000 ) ) ;
#244 = STYLED_ITEM ( 'NONE', ( #4412 ), #2106 ) ;
#245 = CARTESIAN_POINT ( 'NONE',  ( 4.888042187279578100, 4.510000000000000700, -1.099144658173321700 ) ) ;
#246 = FILL_AREA_STYLE ('',( #4811 ) ) ;
#247 = B_SPLINE_CURVE_WITH_KNOTS ( 'NONE', 3,
 ( #6208, #9324, #144, #3131, #118, #2445, #180 ),
 .UNSPECIFIED., .F., .F.,
 ( 4, 1, 1, 1, 4 ),
 ( 0.0000000000000000000, 0.2562600947496478400, 0.5024194315356200800, 0.7465536571045319200, 1.000000000000000000 ),
 .UNSPECIFIED. ) ;
#248 = UNCERTAINTY_MEASURE_WITH_UNIT (LENGTH_MEASURE( 1.000000000000000100E-005 ), #7731, 'distance_accuracy_value', 'NONE');
#249 = ADVANCED_FACE ( 'NONE', ( #9178 ), #3551, .T. ) ;
#250 = EDGE_LOOP ( 'NONE', ( #8631, #7073, #7990, #8076 ) ) ;
#251 = CARTESIAN_POINT ( 'NONE',  ( 7.190887899038131100, 4.509999999999999800, -2.736396512413260800 ) ) ;
#252 = FILL_AREA_STYLE_COLOUR ( '', #5451 ) ;
#253 =( LENGTH_UNIT ( ) NAMED_UNIT ( * ) SI_UNIT ( .MILLI., .METRE. ) );
#254 = EDGE_CURVE ( 'NONE', #7866, #1028, #8955, .T. ) ;
#255 = CARTESIAN_POINT ( 'NONE',  ( 7.306847044677363500, 4.500000000000001800, -2.405307998898009300 ) ) ;
#256 = CARTESIAN_POINT ( 'NONE',  ( 6.066291637367614300, 4.500000000000000900, -0.9399744836577721400 ) ) ;
#257 = ORIENTED_EDGE ( 'NONE', *, *, #7459, .T. ) ;
#258 = SURFACE_STYLE_USAGE ( .BOTH. , #9437 ) ;
#259 = CARTESIAN_POINT ( 'NONE',  ( 5.182555571056547600, 4.509999999999999800, -1.070692899505453900 ) ) ;
#260 = CARTESIAN_POINT ( 'NONE',  ( 0.7730794270833332100, 4.509999999999999800, -0.9176199247100669300 ) ) ;
#261 = UNCERTAINTY_MEASURE_WITH_UNIT (LENGTH_MEASURE( 1.000000000000000100E-005 ), #5417, 'distance_accuracy_value', 'NONE');
#262 = CARTESIAN_POINT ( 'NONE',  ( 7.496176236442014600, 4.509999999999998900, -2.346887391394324200 ) ) ;
#263 = CARTESIAN_POINT ( 'NONE',  ( 6.256158649691046800, 4.500000000000001800, -2.315811436865796900 ) ) ;
#264 = CARTESIAN_POINT ( 'NONE',  ( 6.462727554227070600, 4.509999999999999800, -1.685479915746322900 ) ) ;
#265 = CARTESIAN_POINT ( 'NONE',  ( 5.182555571056547600, 4.509999999999999800, -1.070692899505453900 ) ) ;
#266 =( NAMED_UNIT ( * ) PLANE_ANGLE_UNIT ( ) SI_UNIT ( $, .RADIAN. ) );
#267 = ORIENTED_EDGE ( 'NONE', *, *, #3238, .T. ) ;
#268 = DIRECTION ( 'NONE',  ( -0.0000000000000000000, 0.0000000000000000000, 1.000000000000000000 ) ) ;
#269 = CARTESIAN_POINT ( 'NONE',  ( 0.8591575985863093600, 4.509999999999999800, -0.9850207571133405800 ) ) ;
#270 = ORIENTED_EDGE ( 'NONE', *, *, #9391, .F. ) ;
#271 = CARTESIAN_POINT ( 'NONE',  ( -1.000000000000000000, 0.0000000000000000000, -6.000000000000000000 ) ) ;
#272 = CARTESIAN_POINT ( 'NONE',  ( 2.697657345998461400, 4.510000000000000700, -1.233771974234883200 ) ) ;
#273 = VECTOR ( 'NONE', #1453, 1000.000000000000000 ) ;
#274 = EDGE_CURVE ( 'NONE', #9146, #6010, #8597, .T. ) ;
#275 = ORIENTED_EDGE ( 'NONE', *, *, #274, .F. ) ;
#276 = EDGE_LOOP ( 'NONE', ( #4327, #1405, #9364, #7634, #2402, #5900, #9027, #1778, #7085, #2798, #7765, #7541 ) ) ;
#277 = AXIS2_PLACEMENT_3D ( 'NONE', #940, #6253, #1746 ) ;
#278 = VECTOR ( 'NONE', #8962, 1000.000000000000000 ) ;
#279 = CARTESIAN_POINT ( 'NONE',  ( 6.970921810634038700, 4.510000000000001600, -2.671709991107279200 ) ) ;
#280 = VECTOR ( 'NONE', #864, 1000.000000000000000 ) ;
#281 =( GEOMETRIC_REPRESENTATION_CONTEXT ( 3 ) GLOBAL_UNCERTAINTY_ASSIGNED_CONTEXT ( ( #2158 ) ) GLOBAL_UNIT_ASSIGNED_CONTEXT ( ( #7643, #2135, #1382 ) ) REPRESENTATION_CONTEXT ( 'NONE', 'WORKASPACE' ) );
#282 = CARTESIAN_POINT ( 'NONE',  ( 3.872969410121840800, 4.509999999999999800, -1.540904330792368700 ) ) ;
#283 = DIRECTION ( 'NONE',  ( -0.0000000000000000000, -1.000000000000000000, -0.0000000000000000000 ) ) ;
#284 = EDGE_CURVE ( 'NONE', #5653, #8922, #1144, .T. ) ;
#285 = ORIENTED_EDGE ( 'NONE', *, *, #8620, .T. ) ;
#286 = CARTESIAN_POINT ( 'NONE',  ( 2.651951591901908800, 4.500000000000000900, -1.169746037949487500 ) ) ;
#287 = CARTESIAN_POINT ( 'NONE',  ( 6.459098163391353800, 4.500000000000003600, -1.126649268933905600 ) ) ;
#288 = CARTESIAN_POINT ( 'NONE',  ( 6.486787249105327100, 4.509999999999998900, -1.057639476242006700 ) ) ;
#289 = DIRECTION ( 'NONE',  ( 1.000000000000000000, -0.0000000000000000000, -0.0000000000000000000 ) ) ;
#290 = VECTOR ( 'NONE', #7597, 1000.000000000000000 ) ;
#291 = CARTESIAN_POINT ( 'NONE',  ( 5.130347207359171200, 4.510000000000000700, -2.414232400811927800 ) ) ;
#292 = SURFACE_STYLE_USAGE ( .BOTH. , #1868 ) ;
#293 = CARTESIAN_POINT ( 'NONE',  ( 6.235444775599567000, 4.500000000000000900, -2.257470553048837900 ) ) ;
#294 = STYLED_ITEM ( 'NONE', ( #8382 ), #8133 ) ;
#295 = ORIENTED_EDGE ( 'NONE', *, *, #5164, .F. ) ;
#296 = CARTESIAN_POINT ( 'NONE',  ( 5.788351004464285400, 4.509999999999999800, -2.429672333564233600 ) ) ;
#297 = DIRECTION ( 'NONE',  ( 0.0000000000000000000, 1.000000000000000000, 0.0000000000000000000 ) ) ;
#298 = PRESENTATION_STYLE_ASSIGNMENT (( #3312 ) ) ;
#299 = CARTESIAN_POINT ( 'NONE',  ( 3.859476032383031700, 4.500000000000001800, -1.541151236593965900 ) ) ;
#300 = STYLED_ITEM ( 'NONE', ( #3394 ), #5509 ) ;
#301 = ADVANCED_FACE ( 'NONE', ( #1080 ), #1889, .F. ) ;
#302 = VECTOR ( 'NONE', #5636, 1000.000000000000000 ) ;
#303 = CARTESIAN_POINT ( 'NONE',  ( 2.187454461912925000, 4.500000000000000900, -1.101142754699390400 ) ) ;
#304 = CARTESIAN_POINT ( 'NONE',  ( 2.770956207085554500, 4.509999999999999800, -1.380725642570658000 ) ) ;
#305 = B_SPLINE_CURVE_WITH_KNOTS ( 'NONE', 3,
 ( #7782, #5513, #3121, #879, #108, #7047, #7082, #3224, #6290, #5406, #9210 ),
 .UNSPECIFIED., .F., .F.,
 ( 4, 1, 1, 1, 1, 1, 1, 1, 4 ),
 ( 0.0000000000000000000, 0.1436409104313061700, 0.2740735383166260100, 0.3888763523592596000, 0.4987022707778745500, 0.6085281891964925400, 0.7258537232309749700, 0.8536058418296557100, 1.000000000000000000 ),
 .UNSPECIFIED. ) ;
#306 = ORIENTED_EDGE ( 'NONE', *, *, #606, .T. ) ;
#307 = ORIENTED_EDGE ( 'NONE', *, *, #8330, .F. ) ;
#308 = CARTESIAN_POINT ( 'NONE',  ( 1.060000000000003600, 2.990000000000000200, 5.799999999999983800 ) ) ;
#309 = ORIENTED_EDGE ( 'NONE', *, *, #7348, .T. ) ;
#310 = EDGE_CURVE ( 'NONE', #8530, #2806, #8657, .T. ) ;
#311 =( GEOMETRIC_REPRESENTATION_CONTEXT ( 3 ) GLOBAL_UNCERTAINTY_ASSIGNED_CONTEXT ( ( #149 ) ) GLOBAL_UNIT_ASSIGNED_CONTEXT ( ( #9819, #9303, #938 ) ) REPRESENTATION_CONTEXT ( 'NONE', 'WORKASPACE' ) );
#312 = CARTESIAN_POINT ( 'NONE',  ( 2.114653012706989400, 4.509999999999999800, -0.9183319625429866600 ) ) ;
#313 =( NAMED_UNIT ( * ) PLANE_ANGLE_UNIT ( ) SI_UNIT ( $, .RADIAN. ) );
#314 = VERTEX_POINT ( 'NONE', #456 ) ;
#315 = ORIENTED_EDGE ( 'NONE', *, *, #8077, .F. ) ;
#316 = CARTESIAN_POINT ( 'NONE',  ( 7.045025430068758300, 4.510000000000000700, -2.708497983087221800 ) ) ;
#317 = UNCERTAINTY_MEASURE_WITH_UNIT (LENGTH_MEASURE( 1.000000000000000100E-005 ), #886, 'distance_accuracy_value', 'NONE');
#318 = CARTESIAN_POINT ( 'NONE',  ( 4.926942312885029400, 4.500000000000001800, -2.735827419742393300 ) ) ;
#319 = CARTESIAN_POINT ( 'NONE',  ( 2.141840252967773600, 4.500000000000000000, -2.358750625986579600 ) ) ;
#320 = LINE ( 'NONE', #883, #8688 ) ;
#321 = CARTESIAN_POINT ( 'NONE',  ( 2.786928875798800200, 4.509999999999999800, -1.435359174371566800 ) ) ;
#322 = COLOUR_RGB ( '',0.8980392156862745400, 0.8980392156862745400, 0.8980392156862745400 ) ;
#323 = DIRECTION ( 'NONE',  ( -1.000000000000000000, -0.0000000000000000000, -0.0000000000000000000 ) ) ;
#324 = CARTESIAN_POINT ( 'NONE',  ( 4.750000000000004400, 2.990000000000000200, 5.799999999999983800 ) ) ;
#325 = CARTESIAN_POINT ( 'NONE',  ( 0.6809108189174105700, 4.509999999999999800, -1.005728241767358500 ) ) ;
#326 =( LENGTH_UNIT ( ) NAMED_UNIT ( * ) SI_UNIT ( .MILLI., .METRE. ) );
#327 = ORIENTED_EDGE ( 'NONE', *, *, #5380, .T. ) ;
#328 = PLANE ( 'NONE',  #5836 ) ;
#329 = FILL_AREA_STYLE_COLOUR ( '', #322 ) ;
#330 = ORIENTED_EDGE ( 'NONE', *, *, #6338, .F. ) ;
#331 = B_SPLINE_SURFACE_WITH_KNOTS ( 'NONE', 3, 1, ( 
 ( #5919, #2151 ),
 ( #2898, #8246 ),
 ( #3678, #7557 ),
 ( #8993, #6365 ),
 ( #6473, #1919 ) ),
 .UNSPECIFIED., .F., .F., .F.,
 ( 4, 1, 4 ),
 ( 2, 2 ),
 ( 0.0000000000000000000, 0.5021492086968814000, 1.000000000000000000 ),
 ( 0.0000000000000000000, 1.000000000000000000 ),
 .UNSPECIFIED. ) ;
#332 = CARTESIAN_POINT ( 'NONE',  ( 5.788351004464285400, 4.500000000000000900, -2.429672333564233600 ) ) ;
#333 = CARTESIAN_POINT ( 'NONE',  ( 2.600940628240816300, 4.509999999999999800, -2.546359093504663800 ) ) ;
#334 = CARTESIAN_POINT ( 'NONE',  ( 4.489105061542934600, 4.500000000000001800, -2.283473480323945800 ) ) ;
#335 = VECTOR ( 'NONE', #3777, 1000.000000000000000 ) ;
#336 = CARTESIAN_POINT ( 'NONE',  ( 4.489105061542934600, 4.500000000000000900, -2.283473480323945800 ) ) ;
#337 = CARTESIAN_POINT ( 'NONE',  ( 6.707751059947664600, 4.510000000000001600, -1.900696804244440300 ) ) ;
#338 = FACE_OUTER_BOUND ( 'NONE', #4383, .T. ) ;
#339 = ORIENTED_EDGE ( 'NONE', *, *, #1608, .F. ) ;
#340 = VERTEX_POINT ( 'NONE', #2795 ) ;
#341 = PRESENTATION_LAYER_ASSIGNMENT (  '', '', ( #9418 ) ) ;
#342 = ORIENTED_EDGE ( 'NONE', *, *, #3076, .T. ) ;
#343 = CARTESIAN_POINT ( 'NONE',  ( 5.151697358630950200, 4.509999999999999800, -2.011868378486108400 ) ) ;
#344 = VECTOR ( 'NONE', #2837, 1000.000000000000000 ) ;
#345 = EDGE_CURVE ( 'NONE', #6958, #588, #2260, .T. ) ;
#346 = COLOUR_RGB ( '',0.8980392156862745400, 0.8980392156862745400, 0.8980392156862745400 ) ;
#347 = CARTESIAN_POINT ( 'NONE',  ( 6.940000000000003100, 2.490000000000000200, 5.799999999999983800 ) ) ;
#348 = CARTESIAN_POINT ( 'NONE',  ( 2.170000672280910400, 4.500000000000000000, -0.9197359687119122100 ) ) ;
#349 =( NAMED_UNIT ( * ) SI_UNIT ( $, .STERADIAN. ) SOLID_ANGLE_UNIT ( ) );
#350 = ADVANCED_FACE ( 'NONE', ( #9169 ), #4334, .F. ) ;
#351 = CARTESIAN_POINT ( 'NONE',  ( 1.922695378649717600, 4.500000000000000000, -2.350666682781039200 ) ) ;
#352 = PLANE ( 'NONE',  #7795 ) ;
#353 = CARTESIAN_POINT ( 'NONE',  ( 9.009999999999999800, 3.500000000000002200, -6.000000000000016900 ) ) ;
#354 = CARTESIAN_POINT ( 'NONE',  ( 7.192557655426415200, 4.500000000000000900, -2.552658852900199400 ) ) ;
#355 = MECHANICAL_DESIGN_GEOMETRIC_PRESENTATION_REPRESENTATION (  '', ( #3362 ), #9485 ) ;
#356 = ORIENTED_EDGE ( 'NONE', *, *, #7490, .T. ) ;
#357 = AXIS2_PLACEMENT_3D ( 'NONE', #4136, #1123, #7221 ) ;
#358 = CARTESIAN_POINT ( 'NONE',  ( 9.009999999999999800, -0.01000000000000002600, -6.000000000000016000 ) ) ;
#359 = MECHANICAL_DESIGN_GEOMETRIC_PRESENTATION_REPRESENTATION (  '', ( #1898 ), #2404 ) ;
#360 = CARTESIAN_POINT ( 'NONE',  ( 4.392016892206099100, 4.500000000000002700, -2.373640316265126100 ) ) ;
#361 = CARTESIAN_POINT ( 'NONE',  ( 5.004059904188896000, 4.500000000000000900, -2.734953802264012500 ) ) ;
#362 = FACE_OUTER_BOUND ( 'NONE', #6565, .T. ) ;
#363 = B_SPLINE_SURFACE_WITH_KNOTS ( 'NONE', 3, 1, ( 
 ( #2530, #7099 ),
 ( #7868, #7832 ),
 ( #9296, #9368 ),
 ( #4755, #6277 ),
 ( #1772, #4721 ),
 ( #156, #8603 ),
 ( #4784, #5499 ),
 ( #5567, #997 ),
 ( #191, #1699 ),
 ( #5529, #3701 ),
 ( #6825, #7478 ),
 ( #4503, #6733 ),
 ( #2916, #5290 ),
 ( #9013, #4439 ),
 ( #5974, #5195 ),
 ( #2886, #672 ),
 ( #9076, #3668 ),
 ( #6076, #4533 ),
 ( #9883, #1384 ) ),
 .UNSPECIFIED., .F., .F., .F.,
 ( 4, 1, 1, 1, 1, 1, 1, 1, 1, 1, 1, 1, 1, 1, 1, 1, 4 ),
 ( 2, 2 ),
 ( 0.0000000000000000000, 0.05884865939375230600, 0.1149486670466061400, 0.1682268267020931600, 0.2196871817214319800, 0.2705630705612188100, 0.3215331035239645800, 0.3731440702168840100, 0.4272006754271571700, 0.4841087328651387200, 0.5436669024452982500, 0.6079870225141677000, 0.6763270848431238700, 0.7492158575253496900, 0.8274959300652161600, 0.9107835688917304000, 1.000000000000000000 ),
 ( 0.0000000000000000000, 1.000000000000000000 ),
 .UNSPECIFIED. ) ;
#364 = CARTESIAN_POINT ( 'NONE',  ( 5.951661532622963200, 4.500000000000002700, -2.537391382096842600 ) ) ;
#365 = CARTESIAN_POINT ( 'NONE',  ( 1.859207298642112600, 4.500000000000000900, -1.463323049710066900 ) ) ;
#366 = LINE ( 'NONE', #1641, #9196 ) ;
#367 = CARTESIAN_POINT ( 'NONE',  ( 3.937764226140070300, 4.509999999999998900, -1.489723548288325500 ) ) ;
#368 = ORIENTED_EDGE ( 'NONE', *, *, #9285, .T. ) ;
#369 =( GEOMETRIC_REPRESENTATION_CONTEXT ( 3 ) GLOBAL_UNCERTAINTY_ASSIGNED_CONTEXT ( ( #9748 ) ) GLOBAL_UNIT_ASSIGNED_CONTEXT ( ( #9541, #266, #1111 ) ) REPRESENTATION_CONTEXT ( 'NONE', 'WORKASPACE' ) );
#370 = PRESENTATION_STYLE_ASSIGNMENT (( #8542 ) ) ;
#371 =( GEOMETRIC_REPRESENTATION_CONTEXT ( 3 ) GLOBAL_UNCERTAINTY_ASSIGNED_CONTEXT ( ( #9033 ) ) GLOBAL_UNIT_ASSIGNED_CONTEXT ( ( #1396, #2213, #3773 ) ) REPRESENTATION_CONTEXT ( 'NONE', 'WORKASPACE' ) );
#372 = UNCERTAINTY_MEASURE_WITH_UNIT (LENGTH_MEASURE( 1.000000000000000100E-005 ), #1130, 'distance_accuracy_value', 'NONE');
#373 = VERTEX_POINT ( 'NONE', #8217 ) ;
#374 = CARTESIAN_POINT ( 'NONE',  ( 5.922001299050817700, 4.510000000000000700, -2.718016784549997400 ) ) ;
#375 = CARTESIAN_POINT ( 'NONE',  ( 7.290000000000004500, 2.990000000000000200, 5.799999999999983800 ) ) ;
#376 = UNCERTAINTY_MEASURE_WITH_UNIT (LENGTH_MEASURE( 1.000000000000000100E-005 ), #2176, 'distance_accuracy_value', 'NONE');
#377 = CARTESIAN_POINT ( 'NONE',  ( 1.677306256975446000, 4.509999999999999800, -2.736630341376733000 ) ) ;
#378 = CARTESIAN_POINT ( 'NONE',  ( 6.417512328857923400, 4.510000000000001600, -2.518405064466795000 ) ) ;
#379 = CARTESIAN_POINT ( 'NONE',  ( 7.286421856105189200, 4.500000000000001800, -2.023961325666923100 ) ) ;
#380 = ORIENTED_EDGE ( 'NONE', *, *, #806, .T. ) ;
#381 =( NAMED_UNIT ( * ) SI_UNIT ( $, .STERADIAN. ) SOLID_ANGLE_UNIT ( ) );
#382 =( NAMED_UNIT ( * ) SI_UNIT ( $, .STERADIAN. ) SOLID_ANGLE_UNIT ( ) );
#383 = DIRECTION ( 'NONE',  ( -1.000000000000000000, -0.0000000000000000000, -0.0000000000000000000 ) ) ;
#384 = CARTESIAN_POINT ( 'NONE',  ( 1.866717955699072100, 4.510000000000000700, -1.264665272369229500 ) ) ;
#385 = UNCERTAINTY_MEASURE_WITH_UNIT (LENGTH_MEASURE( 1.000000000000000100E-005 ), #3301, 'distance_accuracy_value', 'NONE');
#386 = EDGE_CURVE ( 'NONE', #8937, #3080, #8365, .T. ) ;
#387 = CARTESIAN_POINT ( 'NONE',  ( 7.226440978368795100, 4.500000000000002700, -2.540106020674010700 ) ) ;
#388 = FACE_OUTER_BOUND ( 'NONE', #5143, .T. ) ;
#389 = CARTESIAN_POINT ( 'NONE',  ( 2.786928875798800200, 4.500000000000000900, -1.435359174371566800 ) ) ;
#390 = CARTESIAN_POINT ( 'NONE',  ( 5.595116086910375800, 4.509999999999999800, -2.283893114997979100 ) ) ;
#391 = CARTESIAN_POINT ( 'NONE',  ( 5.210567659544008000, 4.500000000000000000, -0.9223453044267364600 ) ) ;
#392 =( NAMED_UNIT ( * ) PLANE_ANGLE_UNIT ( ) SI_UNIT ( $, .RADIAN. ) );
#393 = ORIENTED_EDGE ( 'NONE', *, *, #7314, .F. ) ;
#394 = CARTESIAN_POINT ( 'NONE',  ( 6.658471389043898000, 4.500000000000000000, -2.272133038549352300 ) ) ;
#395 =( GEOMETRIC_REPRESENTATION_CONTEXT ( 3 ) GLOBAL_UNCERTAINTY_ASSIGNED_CONTEXT ( ( #2718 ) ) GLOBAL_UNIT_ASSIGNED_CONTEXT ( ( #5738, #8003, #8709 ) ) REPRESENTATION_CONTEXT ( 'NONE', 'WORKASPACE' ) );
#396 = CARTESIAN_POINT ( 'NONE',  ( 4.392756172013449100, 4.500000000000000900, -2.356176445992656200 ) ) ;
#397 = CARTESIAN_POINT ( 'NONE',  ( 4.393126860956336100, 4.510000000000000700, -2.384079172309085900 ) ) ;
#398 = SURFACE_SIDE_STYLE ('',( #3317 ) ) ;
#399 = ADVANCED_FACE ( 'NONE', ( #8945 ), #6644, .F. ) ;
#400 = CARTESIAN_POINT ( 'NONE',  ( 6.763289641948047900, 4.510000000000001600, -2.055851261491139500 ) ) ;
#401 = PRESENTATION_STYLE_ASSIGNMENT (( #6759 ) ) ;
#402 = ORIENTED_EDGE ( 'NONE', *, *, #3699, .T. ) ;
#403 = DIRECTION ( 'NONE',  ( 0.6719155422155840300, 0.0000000000000000000, -0.7406277770440005100 ) ) ;
#404 = VERTEX_POINT ( 'NONE', #5861 ) ;
#405 = EDGE_CURVE ( 'NONE', #5487, #9208, #2323, .T. ) ;
#406 = FILL_AREA_STYLE ('',( #8017 ) ) ;
#407 = CARTESIAN_POINT ( 'NONE',  ( 3.097044185807098100, 4.500000000000000900, -1.359749652173699100 ) ) ;
#408 = CARTESIAN_POINT ( 'NONE',  ( 2.232178680845924700, 4.500000000000000000, -2.659899904680231900 ) ) ;
#409 = PRESENTATION_STYLE_ASSIGNMENT (( #1677 ) ) ;
#410 = VERTEX_POINT ( 'NONE', #360 ) ;
#411 = CARTESIAN_POINT ( 'NONE',  ( 6.772565569196427000, 4.500000000000000000, -1.099520966376733600 ) ) ;
#412 = CARTESIAN_POINT ( 'NONE',  ( 2.402880278087797400, 4.500000000000000900, -0.9838026697807514800 ) ) ;
#413 = SURFACE_SIDE_STYLE ('',( #5847 ) ) ;
#414 = FILL_AREA_STYLE_COLOUR ( '', #8164 ) ;
#415 = STYLED_ITEM ( 'NONE', ( #2219 ), #4347 ) ;
#416 = FILL_AREA_STYLE ('',( #6614 ) ) ;
#417 = CARTESIAN_POINT ( 'NONE',  ( 0.6811882773299058300, 4.500000000000002700, -1.000135495735446000 ) ) ;
#418 =( LENGTH_UNIT ( ) NAMED_UNIT ( * ) SI_UNIT ( .MILLI., .METRE. ) );
#419 = EDGE_CURVE ( 'NONE', #5093, #3811, #5481, .T. ) ;
#420 = COLOUR_RGB ( '',0.8980392156862745400, 0.8980392156862745400, 0.8980392156862745400 ) ;
#421 = CARTESIAN_POINT ( 'NONE',  ( 6.250005887128726700, 4.509999999999998900, -2.452124493493722300 ) ) ;
#422 = ORIENTED_EDGE ( 'NONE', *, *, #470, .T. ) ;
#423 = CARTESIAN_POINT ( 'NONE',  ( 6.735953353742781100, 4.509999999999999800, -1.101500624941748700 ) ) ;
#424 = CARTESIAN_POINT ( 'NONE',  ( 6.613402157738094400, 4.509999999999999800, -1.361409742883430000 ) ) ;
#425 = CARTESIAN_POINT ( 'NONE',  ( 2.607112920851933700, 4.500000000000000900, -1.463323049710066700 ) ) ;
#426 = SURFACE_STYLE_USAGE ( .BOTH. , #7236 ) ;
#427 = FACE_OUTER_BOUND ( 'NONE', #8016, .T. ) ;
#428 = MECHANICAL_DESIGN_GEOMETRIC_PRESENTATION_REPRESENTATION (  '', ( #1965 ), #4028 ) ;
#429 = B_SPLINE_SURFACE_WITH_KNOTS ( 'NONE', 3, 1, ( 
 ( #3993, #133 ),
 ( #9311, #2507 ),
 ( #7845, #3182 ),
 ( #3967, #9271 ),
 ( #3284, #8588 ),
 ( #3148, #3253 ),
 ( #8519, #6325 ),
 ( #104, #9381 ),
 ( #6971, #4058 ),
 ( #945, #4698 ),
 ( #1749, #7006 ) ),
 .UNSPECIFIED., .F., .F., .F.,
 ( 4, 1, 1, 1, 1, 1, 1, 1, 4 ),
 ( 2, 2 ),
 ( 0.0000000000000000000, 0.1436409104313115200, 0.2740735383166308900, 0.3888763523592640400, 0.4987022707778785400, 0.6085281891964924300, 0.7258537232309745200, 0.8536058418296561500, 0.9999999999999998900 ),
 ( 0.0000000000000000000, 1.000000000000000000 ),
 .UNSPECIFIED. ) ;
#430 = DIRECTION ( 'NONE',  ( 1.000000000000000000, 0.0000000000000000000, 0.0000000000000000000 ) ) ;
#431 = CARTESIAN_POINT ( 'NONE',  ( 6.622256198896691300, 4.510000000000001600, -1.249060256344413500 ) ) ;
#432 =( LENGTH_UNIT ( ) NAMED_UNIT ( * ) SI_UNIT ( .MILLI., .METRE. ) );
#433 = LINE ( 'NONE', #2302, #2223 ) ;
#434 = UNCERTAINTY_MEASURE_WITH_UNIT (LENGTH_MEASURE( 1.000000000000000100E-005 ), #4083, 'distance_accuracy_value', 'NONE');
#435 =( NAMED_UNIT ( * ) PLANE_ANGLE_UNIT ( ) SI_UNIT ( $, .RADIAN. ) );
#436 = EDGE_LOOP ( 'NONE', ( #887, #3940, #7888, #8549 ) ) ;
#437 = VERTEX_POINT ( 'NONE', #8001 ) ;
#438 = PRESENTATION_STYLE_ASSIGNMENT (( #8402 ) ) ;
#439 = PLANE ( 'NONE',  #181 ) ;
#440 = CARTESIAN_POINT ( 'NONE',  ( 5.632337033823437100, 4.500000000000001800, -2.284214916070033600 ) ) ;
#441 = CARTESIAN_POINT ( 'NONE',  ( 5.238469950219991000, 4.510000000000000700, -2.601844933314015700 ) ) ;
#442 = LINE ( 'NONE', #8956, #6302 ) ;
#443 = ORIENTED_EDGE ( 'NONE', *, *, #8854, .F. ) ;
#444 = VECTOR ( 'NONE', #5055, 1000.000000000000000 ) ;
#445 = B_SPLINE_CURVE_WITH_KNOTS ( 'NONE', 3,
 ( #9456, #2692, #8022, #6403, #2729, #4877, #8053 ),
 .UNSPECIFIED., .F., .F.,
 ( 4, 1, 1, 1, 4 ),
 ( 0.0000000000000000000, 0.2424073438386442600, 0.4854388801437224400, 0.7355303737409665300, 1.000000000000000000 ),
 .UNSPECIFIED. ) ;
#446 = DIRECTION ( 'NONE',  ( -0.0000000000000000000, -1.000000000000000000, -0.0000000000000000000 ) ) ;
#447 = CARTESIAN_POINT ( 'NONE',  ( 2.779053092963356300, 4.509999999999999800, -2.420693911209388400 ) ) ;
#448 = EDGE_LOOP ( 'NONE', ( #1987, #2956, #6663, #5403 ) ) ;
#449 = EDGE_CURVE ( 'NONE', #1522, #2675, #8592, .T. ) ;
#450 = CARTESIAN_POINT ( 'NONE',  ( 6.883121080060261600, 4.499999999999999100, -1.140114137722214400 ) ) ;
#451 = CARTESIAN_POINT ( 'NONE',  ( 0.6499240458237293100, 4.500000000000002700, -2.666405490152947300 ) ) ;
#452 = ADVANCED_FACE ( 'NONE', ( #5719 ), #234, .T. ) ;
#453 =( NAMED_UNIT ( * ) SI_UNIT ( $, .STERADIAN. ) SOLID_ANGLE_UNIT ( ) );
#454 = FACE_OUTER_BOUND ( 'NONE', #1120, .T. ) ;
#455 = DIRECTION ( 'NONE',  ( -0.0000000000000000000, -1.000000000000000000, -0.0000000000000000000 ) ) ;
#456 = CARTESIAN_POINT ( 'NONE',  ( 0.7401910691034224700, 4.500000000000000900, -2.554729299710066600 ) ) ;
#457 = FILL_AREA_STYLE_COLOUR ( '', #3719 ) ;
#458 = CARTESIAN_POINT ( 'NONE',  ( 1.972439451180783700, 4.510000000000000700, -1.141498200491327000 ) ) ;
#459 = FACE_OUTER_BOUND ( 'NONE', #7319, .T. ) ;
#460 = ORIENTED_EDGE ( 'NONE', *, *, #6081, .F. ) ;
#461 = ORIENTED_EDGE ( 'NONE', *, *, #9135, .T. ) ;
#462 = CARTESIAN_POINT ( 'NONE',  ( 6.260732252002033400, 4.500000000000002700, -2.414232400811928200 ) ) ;
#463 = CARTESIAN_POINT ( 'NONE',  ( 6.633811357620558600, 4.509999999999998900, -1.203254391095981000 ) ) ;
#464 = CARTESIAN_POINT ( 'NONE',  ( 5.612946428571428100, 4.509999999999999800, -2.283095824542656200 ) ) ;
#465 = SURFACE_STYLE_FILL_AREA ( #8397 ) ;
#466 = B_SPLINE_SURFACE_WITH_KNOTS ( 'NONE', 3, 1, ( 
 ( #734, #8266 ),
 ( #7581, #1420 ),
 ( #1479, #9097 ),
 ( #4410, #9787 ),
 ( #9847, #2950 ),
 ( #705, #609 ),
 ( #6794, #2202 ) ),
 .UNSPECIFIED., .F., .F., .F.,
 ( 4, 1, 1, 1, 4 ),
 ( 2, 2 ),
 ( 0.0000000000000000000, 0.2466285804975998900, 0.4918998734754773700, 0.7412208630385380700, 1.000000000000000000 ),
 ( 0.0000000000000000000, 1.000000000000000000 ),
 .UNSPECIFIED. ) ;
#467 = CARTESIAN_POINT ( 'NONE',  ( 2.170000672280910400, 4.500000000000000000, -0.9197359687119122100 ) ) ;
#468 =( LENGTH_UNIT ( ) NAMED_UNIT ( * ) SI_UNIT ( .MILLI., .METRE. ) );
#469 = CARTESIAN_POINT ( 'NONE',  ( 2.135713123139880500, 4.500000000000001800, -1.099520966376733800 ) ) ;
#470 = EDGE_CURVE ( 'NONE', #903, #9146, #8281, .T. ) ;
#471 = SURFACE_STYLE_USAGE ( .BOTH. , #398 ) ;
#472 = CARTESIAN_POINT ( 'NONE',  ( 0.0000000000000000000, -0.01000000000000002600, -6.000000000000016000 ) ) ;
#473 = CARTESIAN_POINT ( 'NONE',  ( 7.483658129123965000, 4.500000000000002700, -2.078008495689835000 ) ) ;
#474 = AXIS2_PLACEMENT_3D ( 'NONE', #6504, #4204, #4174 ) ;
#475 = PRESENTATION_STYLE_ASSIGNMENT (( #6546 ) ) ;
#476 = CARTESIAN_POINT ( 'NONE',  ( 5.660903384264000400, 4.509999999999998900, -2.564085325910710400 ) ) ;
#477 = CARTESIAN_POINT ( 'NONE',  ( 5.800325382187568700, 4.510000000000001600, -2.668096377734473300 ) ) ;
#478 = CARTESIAN_POINT ( 'NONE',  ( 6.940000000000003100, 1.739999999999988900, 7.249999999999984000 ) ) ;
#479 = EDGE_CURVE ( 'NONE', #9680, #4569, #862, .T. ) ;
#480 = CARTESIAN_POINT ( 'NONE',  ( 1.762666279246469300, 4.499999999999999100, -2.685073250669276900 ) ) ;
#481 = SURFACE_STYLE_FILL_AREA ( #7816 ) ;
#482 = CARTESIAN_POINT ( 'NONE',  ( 7.121154595448858900, 4.510000000000000700, -1.500099121680148300 ) ) ;
#483 = FILL_AREA_STYLE_COLOUR ( '', #8755 ) ;
#484 = CARTESIAN_POINT ( 'NONE',  ( 5.595116086910375800, 4.509999999999999800, -2.283893114997979100 ) ) ;
#485 = ORIENTED_EDGE ( 'NONE', *, *, #254, .T. ) ;
#486 = CARTESIAN_POINT ( 'NONE',  ( 5.131910182157954000, 4.500000000000001800, -2.363467509424859200 ) ) ;
#487 = CARTESIAN_POINT ( 'NONE',  ( 2.867342025986870700, 4.500000000000001800, -2.602481363134142800 ) ) ;
#488 = CARTESIAN_POINT ( 'NONE',  ( 7.315020461309522700, 4.509999999999999800, -2.292840523203370400 ) ) ;
#489 = CARTESIAN_POINT ( 'NONE',  ( 0.7228797673759661500, 4.510000000000000700, -0.9321896942347625000 ) ) ;
#490 = CARTESIAN_POINT ( 'NONE',  ( 2.068351633955786800, 4.509999999999998000, -2.239751663166089200 ) ) ;
#491 = CARTESIAN_POINT ( 'NONE',  ( 6.087534245515145800, 4.500000000000000900, -2.553374666908405200 ) ) ;
#492 =( GEOMETRIC_REPRESENTATION_CONTEXT ( 3 ) GLOBAL_UNCERTAINTY_ASSIGNED_CONTEXT ( ( #261 ) ) GLOBAL_UNIT_ASSIGNED_CONTEXT ( ( #5417, #7092, #9220 ) ) REPRESENTATION_CONTEXT ( 'NONE', 'WORKASPACE' ) );
#493 = VECTOR ( 'NONE', #7462, 1000.000000000000000 ) ;
#494 = ORIENTED_EDGE ( 'NONE', *, *, #1117, .T. ) ;
#495 = DIRECTION ( 'NONE',  ( -0.0000000000000000000, -1.000000000000000000, -0.0000000000000000000 ) ) ;
#496 = AXIS2_PLACEMENT_3D ( 'NONE', #5361, #9199, #6993 ) ;
#497 = CARTESIAN_POINT ( 'NONE',  ( 6.883121080060261600, 4.509999999999998900, -1.140114137722214400 ) ) ;
#498 = CARTESIAN_POINT ( 'NONE',  ( 3.018732530277337100, 4.500000000000000000, -1.489723548288325800 ) ) ;
#499 =( NAMED_UNIT ( * ) SI_UNIT ( $, .STERADIAN. ) SOLID_ANGLE_UNIT ( ) );
#500 = PRESENTATION_STYLE_ASSIGNMENT (( #4069 ) ) ;
#501 = CARTESIAN_POINT ( 'NONE',  ( 0.6850083052690263400, 4.500000000000000000, -2.567050285702841000 ) ) ;
#502 = ADVANCED_FACE ( 'NONE', ( #7309 ), #3689, .T. ) ;
#503 = FILL_AREA_STYLE ('',( #8146 ) ) ;
#504 = B_SPLINE_CURVE_WITH_KNOTS ( 'NONE', 3,
 ( #4212, #5130, #4342, #8069, #467, #5066, #8809 ),
 .UNSPECIFIED., .F., .F.,
 ( 4, 1, 1, 1, 4 ),
 ( 0.0000000000000000000, 0.2448558477671817800, 0.4902544414021258200, 0.7414839543316897900, 1.000000000000000000 ),
 .UNSPECIFIED. ) ;
#505 = VERTEX_POINT ( 'NONE', #3599 ) ;
#506 = CARTESIAN_POINT ( 'NONE',  ( 7.323615181720720500, 4.500000000000000900, -1.500469931387517800 ) ) ;
#507 = STYLED_ITEM ( 'NONE', ( #673 ), #9751 ) ;
#508 = EDGE_CURVE ( 'NONE', #6010, #7705, #990, .T. ) ;
#509 = SURFACE_SIDE_STYLE ('',( #8340 ) ) ;
#510 = PRESENTATION_LAYER_ASSIGNMENT (  '', '', ( #6672 ) ) ;
#511 = SURFACE_STYLE_FILL_AREA ( #406 ) ;
#512 = CARTESIAN_POINT ( 'NONE',  ( 1.767850748697916500, 4.509999999999999800, -2.645679820543399800 ) ) ;
#513 = CARTESIAN_POINT ( 'NONE',  ( 1.697764920941040800, 4.509999999999999800, -2.555803424821899500 ) ) ;
#514 = ORIENTED_EDGE ( 'NONE', *, *, #1819, .F. ) ;
#515 = DIRECTION ( 'NONE',  ( 0.0000000000000000000, -4.336808689942025600E-016, -1.000000000000000000 ) ) ;
#516 = UNCERTAINTY_MEASURE_WITH_UNIT (LENGTH_MEASURE( 1.000000000000000100E-005 ), #432, 'distance_accuracy_value', 'NONE');
#517 = CARTESIAN_POINT ( 'NONE',  ( 6.838953157297615000, 4.509999999999999800, -1.113845281449732400 ) ) ;
#518 = CARTESIAN_POINT ( 'NONE',  ( 1.860000000000003700, 2.490000000000000200, 5.999999999999976900 ) ) ;
#519 = CARTESIAN_POINT ( 'NONE',  ( 6.972032867883591200, 4.500000000000002700, -1.232002038787070500 ) ) ;
#520 =( NAMED_UNIT ( * ) PLANE_ANGLE_UNIT ( ) SI_UNIT ( $, .RADIAN. ) );
#521 =( LENGTH_UNIT ( ) NAMED_UNIT ( * ) SI_UNIT ( .MILLI., .METRE. ) );
#522 = CARTESIAN_POINT ( 'NONE',  ( 3.999999999999999100, 0.0000000000000000000, -10.00000000000000200 ) ) ;
#523 = CARTESIAN_POINT ( 'NONE',  ( 1.851415929348306300, 4.509999999999999800, -1.317435936529247600 ) ) ;
#524 = ORIENTED_EDGE ( 'NONE', *, *, #9451, .T. ) ;
#525 = EDGE_LOOP ( 'NONE', ( #4923, #6927, #2307, #6053 ) ) ;
#526 = CARTESIAN_POINT ( 'NONE',  ( 6.232295816023758500, 4.509999999999998900, -2.484585455516736400 ) ) ;
#527 = CARTESIAN_POINT ( 'NONE',  ( 7.290000000000004500, 2.490000000000000200, 1.999999999999984500 ) ) ;
#528 = PRESENTATION_STYLE_ASSIGNMENT (( #928 ) ) ;
#529 = CARTESIAN_POINT ( 'NONE',  ( 1.060000000000003600, 1.740000000000000000, 5.999999999999984000 ) ) ;
#530 = B_SPLINE_SURFACE_WITH_KNOTS ( 'NONE', 3, 1, ( 
 ( #5140, #2821 ),
 ( #3604, #1817 ),
 ( #6569, #1977 ),
 ( #7343, #2580 ),
 ( #8116, #4292 ),
 ( #9616, #5813 ),
 ( #543, #1256 ),
 ( #5042, #8920 ),
 ( #9890, #8988 ),
 ( #6834, #2955 ),
 ( #614, #3769 ) ),
 .UNSPECIFIED., .F., .F., .F.,
 ( 4, 1, 1, 1, 1, 1, 1, 1, 4 ),
 ( 2, 2 ),
 ( 0.0000000000000000000, 0.1438452084224846300, 0.2744633483863636600, 0.3894294444927151600, 0.5015746808976534500, 0.6098445063685564700, 0.7259657379454801400, 0.8559693386118455400, 1.000000000000000000 ),
 ( 0.0000000000000000000, 1.000000000000000000 ),
 .UNSPECIFIED. ) ;
#531 = ORIENTED_EDGE ( 'NONE', *, *, #1057, .F. ) ;
#532 = CARTESIAN_POINT ( 'NONE',  ( 1.671215820312499800, 4.510000000000000700, -1.463323049710067100 ) ) ;
#533 = CARTESIAN_POINT ( 'NONE',  ( 2.493825040044810300, 4.509999999999999800, -1.269522511940499400 ) ) ;
#534 = DIRECTION ( 'NONE',  ( 0.0000000000000000000, -0.0000000000000000000, 1.000000000000000000 ) ) ;
#535 = PRESENTATION_STYLE_ASSIGNMENT (( #8437 ) ) ;
#536 = CARTESIAN_POINT ( 'NONE',  ( 7.269951230003719000, 4.500000000000000900, -1.380493111093995500 ) ) ;
#537 = VERTEX_POINT ( 'NONE', #3631 ) ;
#538 = ADVANCED_FACE ( 'NONE', ( #8299 ), #8111, .T. ) ;
#539 = EDGE_CURVE ( 'NONE', #7031, #9396, #649, .T. ) ;
#540 = VECTOR ( 'NONE', #21, 1000.000000000000000 ) ;
#541 = CARTESIAN_POINT ( 'NONE',  ( 5.731333868967144700, 4.509999999999999800, -2.375508797141091800 ) ) ;
#542 = EDGE_LOOP ( 'NONE', ( #67, #5151, #1893, #3116 ) ) ;
#543 = CARTESIAN_POINT ( 'NONE',  ( 4.922659744861180200, 4.509999999999999800, -0.9299409107028423500 ) ) ;
#544 = SURFACE_STYLE_FILL_AREA ( #5764 ) ;
#545 = CARTESIAN_POINT ( 'NONE',  ( 4.433809876512329500, 4.500000000000000900, -2.456597176201947600 ) ) ;
#546 = CARTESIAN_POINT ( 'NONE',  ( 7.314604881755164100, 4.509999999999999800, -2.313298064128821900 ) ) ;
#547 = CARTESIAN_POINT ( 'NONE',  ( 6.320258939247803000, 4.500000000000000000, -2.055531216110068700 ) ) ;
#548 = PLANE ( 'NONE',  #6127 ) ;
#549 = CARTESIAN_POINT ( 'NONE',  ( 0.6496465773809523300, 4.509999999999999800, -2.645679820543399800 ) ) ;
#550 = SURFACE_STYLE_FILL_AREA ( #3735 ) ;
#551 = ORIENTED_EDGE ( 'NONE', *, *, #981, .T. ) ;
#552 = ADVANCED_FACE ( 'NONE', ( #1128 ), #429, .T. ) ;
#553 = ORIENTED_EDGE ( 'NONE', *, *, #3204, .T. ) ;
#554 = CARTESIAN_POINT ( 'NONE',  ( 7.128653099423362800, 4.500000000000002700, -1.516918892343995800 ) ) ;
#555 = STYLED_ITEM ( 'NONE', ( #4831 ), #4396 ) ;
#556 = CARTESIAN_POINT ( 'NONE',  ( 2.573006475539434000, 4.500000000000001800, -2.736630341376733000 ) ) ;
#557 = DIRECTION ( 'NONE',  ( -0.0000000000000000000, -1.000000000000000000, -0.0000000000000000000 ) ) ;
#558 =( NAMED_UNIT ( * ) PLANE_ANGLE_UNIT ( ) SI_UNIT ( $, .RADIAN. ) );
#559 = ORIENTED_EDGE ( 'NONE', *, *, #6990, .T. ) ;
#560 = CARTESIAN_POINT ( 'NONE',  ( -1.009999999999996900, 4.500000000000000900, 1.368805242762944900E-016 ) ) ;
#561 = LINE ( 'NONE', #3596, #9880 ) ;
#562 = ORIENTED_EDGE ( 'NONE', *, *, #4586, .F. ) ;
#563 = ORIENTED_EDGE ( 'NONE', *, *, #7805, .F. ) ;
#564 = DIRECTION ( 'NONE',  ( 0.0000000000000000000, 0.0000000000000000000, 1.000000000000000000 ) ) ;
#565 = PRESENTATION_STYLE_ASSIGNMENT (( #1830 ) ) ;
#566 = CARTESIAN_POINT ( 'NONE',  ( -8.673617379884035500E-016, 0.0000000000000000000, -13.00000000000000200 ) ) ;
#567 = CARTESIAN_POINT ( 'NONE',  ( 2.805662209501913500, 4.500000000000001800, -2.205740874638906200 ) ) ;
#568 = AXIS2_PLACEMENT_3D ( 'NONE', #522, #7495, #5212 ) ;
#569 = CARTESIAN_POINT ( 'NONE',  ( 5.313670752223056400, 4.509999999999999800, -2.361425980753537600 ) ) ;
#570 = CARTESIAN_POINT ( 'NONE',  ( 2.507229759579612200, 4.509999999999999800, -1.284264211819442100 ) ) ;
#571 = FACE_OUTER_BOUND ( 'NONE', #8248, .T. ) ;
#572 = EDGE_CURVE ( 'NONE', #5714, #3162, #8408, .T. ) ;
#573 =( GEOMETRIC_REPRESENTATION_CONTEXT ( 3 ) GLOBAL_UNCERTAINTY_ASSIGNED_CONTEXT ( ( #9328 ) ) GLOBAL_UNIT_ASSIGNED_CONTEXT ( ( #4599, #36, #5372 ) ) REPRESENTATION_CONTEXT ( 'NONE', 'WORKASPACE' ) );
#574 = CARTESIAN_POINT ( 'NONE',  ( 7.465742378665915200, 4.500000000000001800, -1.966867553310709400 ) ) ;
#575 = B_SPLINE_CURVE_WITH_KNOTS ( 'NONE', 3,
 ( #3421, #8037, #4961, #431, #1082, #7302, #6460, #7267, #6524, #6490, #1936 ),
 .UNSPECIFIED., .F., .F.,
 ( 4, 1, 1, 1, 1, 1, 1, 1, 4 ),
 ( 0.0000000000000000000, 0.1777476914422903600, 0.3334432704642759100, 0.4686868309113489400, 0.5870697829873229300, 0.6917787989996304600, 0.7917565512867025300, 0.8911514188732523300, 1.000000000000000000 ),
 .UNSPECIFIED. ) ;
#576 = VERTEX_POINT ( 'NONE', #9345 ) ;
#577 = VERTEX_POINT ( 'NONE', #5583 ) ;
#578 = CARTESIAN_POINT ( 'NONE',  ( 0.7086928088873689600, 4.500000000000000000, -0.9440210245221388700 ) ) ;
#579 = CARTESIAN_POINT ( 'NONE',  ( 3.097044185807098100, 4.509999999999999800, -1.359749652173699100 ) ) ;
#580 = FILL_AREA_STYLE ('',( #1219 ) ) ;
#581 = VECTOR ( 'NONE', #8430, 1000.000000000000100 ) ;
#582 = LINE ( 'NONE', #7975, #8461 ) ;
#583 = FILL_AREA_STYLE ('',( #8924 ) ) ;
#584 = ORIENTED_EDGE ( 'NONE', *, *, #7477, .F. ) ;
#585 = LINE ( 'NONE', #6102, #6563 ) ;
#586 = DIRECTION ( 'NONE',  ( -2.168404344971008900E-016, 0.0000000000000000000, 1.000000000000000000 ) ) ;
#587 = EDGE_CURVE ( 'NONE', #7641, #5653, #8694, .T. ) ;
#588 = VERTEX_POINT ( 'NONE', #7113 ) ;
#589 = CARTESIAN_POINT ( 'NONE',  ( 4.957149200872287900, 4.509999999999999800, -2.553374666908405600 ) ) ;
#591 = VERTEX_POINT ( 'NONE', #2473 ) ;
#590 = FILL_AREA_STYLE ('',( #1299 ) ) ;
#592 = CYLINDRICAL_SURFACE ( 'NONE', #4702, 1.250000000000000200 ) ;
#593 = DIRECTION ( 'NONE',  ( -1.000000000000000000, 1.004154768309306400E-013, 0.0000000000000000000 ) ) ;
#594 = CARTESIAN_POINT ( 'NONE',  ( 2.135713123139880000, 4.509999999999999800, -1.099520966376733600 ) ) ;
#595 = CARTESIAN_POINT ( 'NONE',  ( 5.800325382187568700, 4.500000000000002700, -2.668096377734473300 ) ) ;
#596 = UNCERTAINTY_MEASURE_WITH_UNIT (LENGTH_MEASURE( 1.000000000000000100E-005 ), #712, 'distance_accuracy_value', 'NONE');
#597 = ADVANCED_FACE ( 'NONE', ( #3275 ), #1615, .F. ) ;
#598 = DIRECTION ( 'NONE',  ( -0.0000000000000000000, -1.000000000000000000, -0.0000000000000000000 ) ) ;
#599 = SURFACE_SIDE_STYLE ('',( #2229 ) ) ;
#600 = CARTESIAN_POINT ( 'NONE',  ( 7.061120430244218800, 4.509999999999999800, -1.064300517790911700 ) ) ;
#601 = CARTESIAN_POINT ( 'NONE',  ( 2.086583600725445900, 4.509999999999999800, -0.9176199247100669300 ) ) ;
#602 = COLOUR_RGB ( '',1.000000000000000000, 1.000000000000000000, 1.000000000000000000 ) ;
#603 = B_SPLINE_SURFACE_WITH_KNOTS ( 'NONE', 3, 1, ( 
 ( #4629, #4794 ),
 ( #8644, #2504 ),
 ( #5577, #8587 ),
 ( #7075, #941 ),
 ( #905, #9342 ),
 ( #6320, #3964 ),
 ( #265, #7037 ) ),
 .UNSPECIFIED., .F., .F., .F.,
 ( 4, 1, 1, 1, 4 ),
 ( 2, 2 ),
 ( 0.0000000000000000000, 0.2589140960132628700, 0.5002977096673197900, 0.7469838535467474600, 1.000000000000000000 ),
 ( 0.0000000000000000000, 1.000000000000000000 ),
 .UNSPECIFIED. ) ;
#604 = CARTESIAN_POINT ( 'NONE',  ( 7.261036749208714400, 4.509999999999998900, -1.361739353471121100 ) ) ;
#605 = CARTESIAN_POINT ( 'NONE',  ( 5.529025500747745300, 4.500000000000000000, -2.339670029120749300 ) ) ;
#606 = EDGE_CURVE ( 'NONE', #3041, #4201, #5753, .T. ) ;
#607 = LINE ( 'NONE', #8373, #5367 ) ;
#608 = VERTEX_POINT ( 'NONE', #4833 ) ;
#609 = CARTESIAN_POINT ( 'NONE',  ( 2.536774468158900400, 4.500000000000000000, -2.554442407199988300 ) ) ;
#610 = SURFACE_STYLE_FILL_AREA ( #8899 ) ;
#611 = AXIS2_PLACEMENT_3D ( 'NONE', #3612, #5888, #2060 ) ;
#612 = COLOUR_RGB ( '',1.000000000000000000, 1.000000000000000000, 1.000000000000000000 ) ;
#613 = CARTESIAN_POINT ( 'NONE',  ( 6.911001601687651400, 4.500000000000001800, -2.356929423947745400 ) ) ;
#614 = CARTESIAN_POINT ( 'NONE',  ( 4.867476981026785100, 4.510000000000000700, -0.9176199247100670400 ) ) ;
#615 = ORIENTED_EDGE ( 'NONE', *, *, #8153, .F. ) ;
#616 = STYLED_ITEM ( 'NONE', ( #8078 ), #3629 ) ;
#617 = EDGE_CURVE ( 'NONE', #6556, #2589, #8528, .T. ) ;
#618 = CARTESIAN_POINT ( 'NONE',  ( 3.064703808632549500, 4.509999999999998900, -1.364104977045783800 ) ) ;
#619 = FILL_AREA_STYLE ('',( #7525 ) ) ;
#620 =( NAMED_UNIT ( * ) PLANE_ANGLE_UNIT ( ) SI_UNIT ( $, .RADIAN. ) );
#621 = LINE ( 'NONE', #8727, #6968 ) ;
#622 = ORIENTED_EDGE ( 'NONE', *, *, #8539, .F. ) ;
#623 = CARTESIAN_POINT ( 'NONE',  ( 1.718218433241836900, 4.509999999999999800, -1.157282587250104500 ) ) ;
#624 = CARTESIAN_POINT ( 'NONE',  ( 5.564194921155187300, 4.500000000000001800, -2.456597176201947600 ) ) ;
#625 = CARTESIAN_POINT ( 'NONE',  ( 4.392756172013449100, 4.509999999999999800, -2.356176445992656200 ) ) ;
#626 = CARTESIAN_POINT ( 'NONE',  ( 4.407652360737841900, 4.510000000000000700, -2.423362262216187900 ) ) ;
#627 =( GEOMETRIC_REPRESENTATION_CONTEXT ( 3 ) GLOBAL_UNCERTAINTY_ASSIGNED_CONTEXT ( ( #989 ) ) GLOBAL_UNIT_ASSIGNED_CONTEXT ( ( #5965, #663, #3621 ) ) REPRESENTATION_CONTEXT ( 'NONE', 'WORKASPACE' ) );
#628 = PRESENTATION_STYLE_ASSIGNMENT (( #9549 ) ) ;
#629 = MECHANICAL_DESIGN_GEOMETRIC_PRESENTATION_REPRESENTATION (  '', ( #8315 ), #3190 ) ;
#630 =( NAMED_UNIT ( * ) SI_UNIT ( $, .STERADIAN. ) SOLID_ANGLE_UNIT ( ) );
#631 = MECHANICAL_DESIGN_GEOMETRIC_PRESENTATION_REPRESENTATION (  '', ( #7885 ), #5745 ) ;
#632 = CARTESIAN_POINT ( 'NONE',  ( 7.125692834874560500, 4.509999999999998000, -1.136801199773875600 ) ) ;
#633 = UNCERTAINTY_MEASURE_WITH_UNIT (LENGTH_MEASURE( 1.000000000000000100E-005 ), #1703, 'distance_accuracy_value', 'NONE');
#634 = ORIENTED_EDGE ( 'NONE', *, *, #5137, .F. ) ;
#635 = CARTESIAN_POINT ( 'NONE',  ( 3.920526694987879400, 4.500000000000000900, -1.518866089230823000 ) ) ;
#636 = DIRECTION ( 'NONE',  ( 1.000000000000000000, -0.0000000000000000000, 0.0000000000000000000 ) ) ;
#637 = DIRECTION ( 'NONE',  ( 0.0000000000000000000, 0.0000000000000000000, -1.000000000000000000 ) ) ;
#638 = CARTESIAN_POINT ( 'NONE',  ( 0.7401910691034224700, 4.500000000000000900, -2.736630341376733000 ) ) ;
#639 = LINE ( 'NONE', #8908, #5163 ) ;
#640 = LINE ( 'NONE', #6314, #3268 ) ;
#641 = CARTESIAN_POINT ( 'NONE',  ( 4.392016892206099100, 4.509999999999999800, -2.373640316265126100 ) ) ;
#642 = ORIENTED_EDGE ( 'NONE', *, *, #6830, .T. ) ;
#643 = ADVANCED_FACE ( 'NONE', ( #8751, #7826, #9583, #2074 ), #4094, .T. ) ;
#644 = CARTESIAN_POINT ( 'NONE',  ( -1.000000000000000700, 1.000000000000000000, -12.00000000000000000 ) ) ;
#645 = EDGE_CURVE ( 'NONE', #1252, #8341, #872, .T. ) ;
#646 = CARTESIAN_POINT ( 'NONE',  ( 1.859207298642112600, 4.500000000000000900, -1.463323049710066900 ) ) ;
#647 = SURFACE_SIDE_STYLE ('',( #7026 ) ) ;
#648 = UNCERTAINTY_MEASURE_WITH_UNIT (LENGTH_MEASURE( 1.000000000000000100E-005 ), #3185, 'distance_accuracy_value', 'NONE');
#649 = LINE ( 'NONE', #6734, #6015 ) ;
#650 = DIRECTION ( 'NONE',  ( 0.0000000000000000000, -0.0000000000000000000, 1.000000000000000000 ) ) ;
#651 = VERTEX_POINT ( 'NONE', #1385 ) ;
#652 =( NAMED_UNIT ( * ) PLANE_ANGLE_UNIT ( ) SI_UNIT ( $, .RADIAN. ) );
#653 = ORIENTED_EDGE ( 'NONE', *, *, #1665, .F. ) ;
#654 = CARTESIAN_POINT ( 'NONE',  ( 5.101910771380899800, 4.509999999999999800, -2.484585455516736400 ) ) ;
#655 = CARTESIAN_POINT ( 'NONE',  ( 4.647003173828124100, 4.500000000000001800, -2.655424519204114800 ) ) ;
#656 = CARTESIAN_POINT ( 'NONE',  ( 8.999999999999998200, 1.000000000000000000, -6.000000000000016000 ) ) ;
#657 = CARTESIAN_POINT ( 'NONE',  ( 4.906049746558777800, 4.500000000000000900, -2.554729299710066600 ) ) ;
#658 = LINE ( 'NONE', #560, #4683 ) ;
#659 = CARTESIAN_POINT ( 'NONE',  ( 2.940056791759671800, 4.509999999999999800, -2.498291253300096900 ) ) ;
#660 = ORIENTED_EDGE ( 'NONE', *, *, #9423, .F. ) ;
#661 = EDGE_CURVE ( 'NONE', #1283, #1748, #1309, .T. ) ;
#662 = SURFACE_STYLE_FILL_AREA ( #7638 ) ;
#663 =( NAMED_UNIT ( * ) PLANE_ANGLE_UNIT ( ) SI_UNIT ( $, .RADIAN. ) );
#664 =( NAMED_UNIT ( * ) PLANE_ANGLE_UNIT ( ) SI_UNIT ( $, .RADIAN. ) );
#665 =( LENGTH_UNIT ( ) NAMED_UNIT ( * ) SI_UNIT ( .MILLI., .METRE. ) );
#666 = CARTESIAN_POINT ( 'NONE',  ( 7.215527399761832300, 4.509999999999999800, -1.272699463758166100 ) ) ;
#667 = MECHANICAL_DESIGN_GEOMETRIC_PRESENTATION_REPRESENTATION (  '', ( #6632 ), #2851 ) ;
#668 = CARTESIAN_POINT ( 'NONE',  ( 5.251172243200398900, 4.509999999999999800, -2.145994865886199100 ) ) ;
#669 = DIRECTION ( 'NONE',  ( 0.0000000000000000000, 0.0000000000000000000, 1.000000000000000000 ) ) ;
#670 = VERTEX_POINT ( 'NONE', #2460 ) ;
#671 = PRESENTATION_STYLE_ASSIGNMENT (( #2569 ) ) ;
#672 = CARTESIAN_POINT ( 'NONE',  ( 7.492984029905422000, 4.500000000000001800, -2.397041051215568400 ) ) ;
#673 = PRESENTATION_STYLE_ASSIGNMENT (( #4157 ) ) ;
#674 = EDGE_CURVE ( 'NONE', #9887, #2391, #6134, .T. ) ;
#675 = CARTESIAN_POINT ( 'NONE',  ( 2.053695242745535100, 4.500000000000000900, -2.190927216376733300 ) ) ;
#676 = CARTESIAN_POINT ( 'NONE',  ( 6.844660362302430000, 4.500000000000001800, -0.9332369150506474300 ) ) ;
#677 = PLANE ( 'NONE',  #7346 ) ;
#678 = ORIENTED_EDGE ( 'NONE', *, *, #3020, .T. ) ;
#679 = VERTEX_POINT ( 'NONE', #932 ) ;
#680 = VECTOR ( 'NONE', #4605, 1000.000000000000000 ) ;
#681 = CARTESIAN_POINT ( 'NONE',  ( 7.192557655426415200, 4.509999999999999800, -2.552658852900199400 ) ) ;
#682 = CARTESIAN_POINT ( 'NONE',  ( 0.0000000000000000000, 0.0000000000000000000, 0.0000000000000000000 ) ) ;
#683 = ORIENTED_EDGE ( 'NONE', *, *, #3514, .F. ) ;
#684 = CARTESIAN_POINT ( 'NONE',  ( 4.647003173828124100, 4.510000000000000700, -2.655424519204114800 ) ) ;
#685 = DIRECTION ( 'NONE',  ( -0.0000000000000000000, -1.000000000000000000, -0.0000000000000000000 ) ) ;
#686 = PRESENTATION_LAYER_ASSIGNMENT (  '', '', ( #9058 ) ) ;
#687 = COLOUR_RGB ( '',1.000000000000000000, 1.000000000000000000, 1.000000000000000000 ) ;
#688 = UNCERTAINTY_MEASURE_WITH_UNIT (LENGTH_MEASURE( 1.000000000000000100E-005 ), #6233, 'distance_accuracy_value', 'NONE');
#689 = ORIENTED_EDGE ( 'NONE', *, *, #6142, .T. ) ;
#690 = CARTESIAN_POINT ( 'NONE',  ( 6.282082403273809800, 4.500000000000000900, -2.011868378486108400 ) ) ;
#691 = CARTESIAN_POINT ( 'NONE',  ( 6.655377291673975300, 4.509999999999999800, -1.693114568848612400 ) ) ;
#692 = AXIS2_PLACEMENT_3D ( 'NONE', #5889, #2872, #2093 ) ;
#693 = SURFACE_STYLE_FILL_AREA ( #1924 ) ;
#694 = EDGE_LOOP ( 'NONE', ( #3389, #2957, #1201, #9223 ) ) ;
#695 = CARTESIAN_POINT ( 'NONE',  ( 1.677306256975446000, 4.500000000000000900, -2.554729299710066600 ) ) ;
#696 = CARTESIAN_POINT ( 'NONE',  ( 6.225018892625263900, 4.510000000000001600, -2.712692906538341400 ) ) ;
#697 = SURFACE_SIDE_STYLE ('',( #5300 ) ) ;
#698 = STYLED_ITEM ( 'NONE', ( #4842 ), #9610 ) ;
#699 = EDGE_LOOP ( 'NONE', ( #922, #8808, #2084, #8651 ) ) ;
#700 = CARTESIAN_POINT ( 'NONE',  ( 4.867476981026785100, 4.500000000000001800, -0.9176199247100670400 ) ) ;
#701 = CARTESIAN_POINT ( 'NONE',  ( 0.8556334375402664400, 4.500000000000000900, -0.9747833418026861100 ) ) ;
#702 = ORIENTED_EDGE ( 'NONE', *, *, #5380, .F. ) ;
#703 = EDGE_CURVE ( 'NONE', #2675, #8213, #3517, .T. ) ;
#704 = DIRECTION ( 'NONE',  ( 0.0000000000000000000, -1.000000000000000000, 4.336808689942025100E-016 ) ) ;
#705 = CARTESIAN_POINT ( 'NONE',  ( 2.536774468158900400, 4.509999999999998900, -2.554442407199988300 ) ) ;
#706 = CARTESIAN_POINT ( 'NONE',  ( 4.432415677527572500, 4.500000000000001800, -2.298339766766987600 ) ) ;
#707 = CARTESIAN_POINT ( 'NONE',  ( 4.647003173828124100, 4.500000000000001800, -2.655424519204114800 ) ) ;
#708 = CARTESIAN_POINT ( 'NONE',  ( 7.156855590939201800, 4.500000000000000900, -1.178343448593054600 ) ) ;
#709 =( LENGTH_UNIT ( ) NAMED_UNIT ( * ) SI_UNIT ( .MILLI., .METRE. ) );
#710 = VECTOR ( 'NONE', #7097, 1000.000000000000000 ) ;
#711 = CARTESIAN_POINT ( 'NONE',  ( 2.573006475539434400, 4.510000000000000700, -2.736630341376733400 ) ) ;
#712 =( LENGTH_UNIT ( ) NAMED_UNIT ( * ) SI_UNIT ( .MILLI., .METRE. ) );
#713 = B_SPLINE_SURFACE_WITH_KNOTS ( 'NONE', 3, 1, ( 
 ( #4854, #9466 ),
 ( #321, #4950 ),
 ( #7167, #6346 ),
 ( #8767, #1862 ),
 ( #1101, #1135 ),
 ( #7132, #286 ),
 ( #996, #7997 ),
 ( #6482, #3303 ),
 ( #2565, #9401 ),
 ( #7928, #5632 ),
 ( #7229, #6410 ) ),
 .UNSPECIFIED., .F., .F., .F.,
 ( 4, 1, 1, 1, 1, 1, 1, 1, 4 ),
 ( 2, 2 ),
 ( 0.0000000000000000000, 0.1360833275515710700, 0.2658684718539822700, 0.3908202315191757800, 0.5123393213102001000, 0.6328010629825312500, 0.7531181277868023200, 0.8749153256703050600, 1.000000000000000000 ),
 ( 0.0000000000000000000, 1.000000000000000000 ),
 .UNSPECIFIED. ) ;
#714 = EDGE_CURVE ( 'NONE', #7046, #1480, #8290, .T. ) ;
#715 = FACE_OUTER_BOUND ( 'NONE', #1003, .T. ) ;
#716 = VECTOR ( 'NONE', #7318, 1000.000000000000000 ) ;
#717 = CARTESIAN_POINT ( 'NONE',  ( 6.681750398050369600, 4.509999999999998900, -1.804149421210621700 ) ) ;
#718 = CARTESIAN_POINT ( 'NONE',  ( 6.066291637367614300, 4.509999999999999800, -0.9399744836577721400 ) ) ;
#719 = CARTESIAN_POINT ( 'NONE',  ( 6.658471389043898000, 4.509999999999999800, -2.272133038549352300 ) ) ;
#720 = PRESENTATION_LAYER_ASSIGNMENT (  '', '', ( #6030 ) ) ;
#721 = PRESENTATION_STYLE_ASSIGNMENT (( #2934 ) ) ;
#722 = ORIENTED_EDGE ( 'NONE', *, *, #7551, .F. ) ;
#723 = CARTESIAN_POINT ( 'NONE',  ( 6.134444948831757400, 4.510000000000000700, -2.734953802264013400 ) ) ;
#724 = SURFACE_STYLE_USAGE ( .BOTH. , #8407 ) ;
#725 =( LENGTH_UNIT ( ) NAMED_UNIT ( * ) SI_UNIT ( .MILLI., .METRE. ) );
#726 = FACE_OUTER_BOUND ( 'NONE', #4703, .T. ) ;
#727 = CARTESIAN_POINT ( 'NONE',  ( 2.523470924014136400, 4.500000000000002700, -2.554729299710066600 ) ) ;
#728 = CARTESIAN_POINT ( 'NONE',  ( 7.315020461309522700, 4.500000000000000900, -2.292840523203370400 ) ) ;
#729 = CARTESIAN_POINT ( 'NONE',  ( 0.8591575985863093600, 4.509999999999999800, -0.9850207571133405800 ) ) ;
#730 = EDGE_CURVE ( 'NONE', #3162, #2970, #3877, .T. ) ;
#731 = LINE ( 'NONE', #6312, #3499 ) ;
#732 = CARTESIAN_POINT ( 'NONE',  ( 2.734406397586578700, 4.509999999999998000, -2.476202821890305400 ) ) ;
#733 = ORIENTED_EDGE ( 'NONE', *, *, #3792, .T. ) ;
#734 = CARTESIAN_POINT ( 'NONE',  ( 2.671671549479165600, 4.509999999999999800, -2.518998737954114100 ) ) ;
#735 = CARTESIAN_POINT ( 'NONE',  ( 4.392756172013449100, 4.509999999999999800, -2.356176445992656200 ) ) ;
#736 = SURFACE_STYLE_USAGE ( .BOTH. , #4508 ) ;
#737 = CARTESIAN_POINT ( 'NONE',  ( 6.002032031045002800, 4.500000000000000900, -2.734255089716013800 ) ) ;
#738 = UNCERTAINTY_MEASURE_WITH_UNIT (LENGTH_MEASURE( 1.000000000000000100E-005 ), #6957, 'distance_accuracy_value', 'NONE');
#739 = DIRECTION ( 'NONE',  ( 0.0000000000000000000, -1.000000000000000000, 4.336808689942025100E-016 ) ) ;
#740 = UNCERTAINTY_MEASURE_WITH_UNIT (LENGTH_MEASURE( 1.000000000000000100E-005 ), #9722, 'distance_accuracy_value', 'NONE');
#741 = CARTESIAN_POINT ( 'NONE',  ( 7.315020461309522700, 4.500000000000000900, -2.292840523203370400 ) ) ;
#742 = CARTESIAN_POINT ( 'NONE',  ( 2.628638946442686500, 4.509999999999999800, -2.734739648597106500 ) ) ;
#743 = MECHANICAL_DESIGN_GEOMETRIC_PRESENTATION_REPRESENTATION (  '', ( #9493 ), #9297 ) ;
#744 = ORIENTED_EDGE ( 'NONE', *, *, #3677, .T. ) ;
#745 = PRESENTATION_LAYER_ASSIGNMENT (  '', '', ( #3173 ) ) ;
#746 =( NAMED_UNIT ( * ) PLANE_ANGLE_UNIT ( ) SI_UNIT ( $, .RADIAN. ) );
#747 = CARTESIAN_POINT ( 'NONE',  ( 6.140000000000004100, -2.260000000000004200, 7.249999999999985800 ) ) ;
#748 = CARTESIAN_POINT ( 'NONE',  ( 4.657965959821427600, 4.509999999999999800, -2.429672333564233600 ) ) ;
#749 = FILL_AREA_STYLE_COLOUR ( '', #2958 ) ;
#750 = ORIENTED_EDGE ( 'NONE', *, *, #8275, .T. ) ;
#751 = UNCERTAINTY_MEASURE_WITH_UNIT (LENGTH_MEASURE( 1.000000000000000100E-005 ), #725, 'distance_accuracy_value', 'NONE');
#752 = CARTESIAN_POINT ( 'NONE',  ( 6.076527827768488900, 4.509999999999998900, -0.9531179552905872900 ) ) ;
#753 = EDGE_LOOP ( 'NONE', ( #9818, #6158, #8292, #4826 ) ) ;
#754 = CARTESIAN_POINT ( 'NONE',  ( 8.000000000000000000, 0.0000000000000000000, -13.00000000000000000 ) ) ;
#755 = AXIS2_PLACEMENT_3D ( 'NONE', #7226, #2634, #9594 ) ;
#756 = EDGE_CURVE ( 'NONE', #1306, #8530, #5142, .T. ) ;
#757 = CARTESIAN_POINT ( 'NONE',  ( 4.647003173828124100, 4.510000000000000700, -2.655424519204114800 ) ) ;
#758 = MECHANICAL_DESIGN_GEOMETRIC_PRESENTATION_REPRESENTATION (  '', ( #8265 ), #2483 ) ;
#759 = CARTESIAN_POINT ( 'NONE',  ( 6.303084122415376600, 4.509999999999999800, -2.668068866232034000 ) ) ;
#760 =( NAMED_UNIT ( * ) PLANE_ANGLE_UNIT ( ) SI_UNIT ( $, .RADIAN. ) );
#761 = VERTEX_POINT ( 'NONE', #9263 ) ;
#762 = ORIENTED_EDGE ( 'NONE', *, *, #405, .F. ) ;
#763 = DIRECTION ( 'NONE',  ( -1.000000000000000000, 0.0000000000000000000, 0.0000000000000000000 ) ) ;
#764 = CARTESIAN_POINT ( 'NONE',  ( 0.8591575985863093600, 4.500000000000000900, -0.9850207571133405800 ) ) ;
#765 = CARTESIAN_POINT ( 'NONE',  ( 5.312061128311760200, 4.500000000000001800, -2.425691587641274800 ) ) ;
#766 = CARTESIAN_POINT ( 'NONE',  ( 6.834208766474071200, 4.500000000000000000, -2.555061229180462400 ) ) ;
#767 = DIRECTION ( 'NONE',  ( -1.000000000000000000, -1.734723475976806900E-015, 0.0000000000000000000 ) ) ;
#768 = LINE ( 'NONE', #2615, #5780 ) ;
#769 = SURFACE_STYLE_FILL_AREA ( #7831 ) ;
#770 = CARTESIAN_POINT ( 'NONE',  ( 4.464731042267518800, 4.500000000000001800, -2.283893114997979500 ) ) ;
#771 = ORIENTED_EDGE ( 'NONE', *, *, #9249, .F. ) ;
#772 = CARTESIAN_POINT ( 'NONE',  ( 4.957149200872287900, 4.500000000000000900, -2.553374666908405600 ) ) ;
#773 = EDGE_CURVE ( 'NONE', #2291, #815, #6496, .T. ) ;
#774 = ORIENTED_EDGE ( 'NONE', *, *, #7314, .T. ) ;
#775 = DIRECTION ( 'NONE',  ( -1.000000000000000000, 0.0000000000000000000, 0.0000000000000000000 ) ) ;
#776 = CARTESIAN_POINT ( 'NONE',  ( 3.852404203869046900, 4.500000000000000900, -1.359379597329114500 ) ) ;
#777 = SURFACE_STYLE_FILL_AREA ( #2351 ) ;
#778 = CARTESIAN_POINT ( 'NONE',  ( 4.112522992075698300, 4.509999999999999800, -0.9179899795546515600 ) ) ;
#779 =( NAMED_UNIT ( * ) PLANE_ANGLE_UNIT ( ) SI_UNIT ( $, .RADIAN. ) );
#780 = B_SPLINE_SURFACE_WITH_KNOTS ( 'NONE', 3, 1, ( 
 ( #1005, #1674 ),
 ( #7807, #6282 ),
 ( #8642, #9407 ),
 ( #9340, #4760 ),
 ( #8676, #971 ),
 ( #8610, #293 ),
 ( #161, #1705 ),
 ( #3214, #263 ),
 ( #1041, #902 ),
 ( #4725, #200 ),
 ( #4086, #5538 ) ),
 .UNSPECIFIED., .F., .F., .F.,
 ( 4, 1, 1, 1, 1, 1, 1, 1, 4 ),
 ( 2, 2 ),
 ( 0.0000000000000000000, 0.1509398342856085900, 0.2930091889939348500, 0.4272146947976586100, 0.5525714633560068200, 0.6714016893043983600, 0.7851944250067206500, 0.8941901696829238600, 1.000000000000000000 ),
 ( 0.0000000000000000000, 1.000000000000000000 ),
 .UNSPECIFIED. ) ;
#781 = EDGE_LOOP ( 'NONE', ( #8935, #8273, #6732, #9881 ) ) ;
#782 = VECTOR ( 'NONE', #2879, 1000.000000000000000 ) ;
#783 = CARTESIAN_POINT ( 'NONE',  ( 5.313670752223056400, 4.500000000000000900, -2.361425980753537600 ) ) ;
#784 = CARTESIAN_POINT ( 'NONE',  ( -1.000000000000000700, 0.0000000000000000000, -12.00000000000000000 ) ) ;
#785 = CARTESIAN_POINT ( 'NONE',  ( 6.232295816023758500, 4.509999999999998900, -2.484585455516736400 ) ) ;
#786 = CARTESIAN_POINT ( 'NONE',  ( 6.860963925030465500, 4.500000000000001800, -1.125414157835341200 ) ) ;
#787 = VECTOR ( 'NONE', #8175, 1000.000000000000100 ) ;
#788 = EDGE_CURVE ( 'NONE', #9260, #4029, #31, .T. ) ;
#789 = VECTOR ( 'NONE', #1476, 1000.000000000000000 ) ;
#790 = EDGE_LOOP ( 'NONE', ( #9481, #9354, #4770, #6793 ) ) ;
#791 = VECTOR ( 'NONE', #6396, 1000.000000000000000 ) ;
#792 = CARTESIAN_POINT ( 'NONE',  ( 4.790952842626757600, 4.500000000000001800, -2.523427915377506500 ) ) ;
#793 = B_SPLINE_SURFACE_WITH_KNOTS ( 'NONE', 3, 1, ( 
 ( #5643, #4121 ),
 ( #397, #5000 ),
 ( #1043, #8070 ),
 ( #1083, #1844 ),
 ( #2680, #5742 ) ),
 .UNSPECIFIED., .F., .F., .F.,
 ( 4, 1, 4 ),
 ( 2, 2 ),
 ( 0.0000000000000000000, 0.4862122328046493700, 1.000000000000000000 ),
 ( 0.0000000000000000000, 1.000000000000000000 ),
 .UNSPECIFIED. ) ;
#794 = DIRECTION ( 'NONE',  ( -1.000000000000000000, -0.0000000000000000000, -0.0000000000000000000 ) ) ;
#795 = PRESENTATION_LAYER_ASSIGNMENT (  '', '', ( #2516 ) ) ;
#796 = CARTESIAN_POINT ( 'NONE',  ( 1.909657568337643300, 4.500000000000000900, -1.196007067462094400 ) ) ;
#797 = DIRECTION ( 'NONE',  ( 1.000000000000000000, 0.0000000000000000000, 0.0000000000000000000 ) ) ;
#798 = CARTESIAN_POINT ( 'NONE',  ( 6.935468747816531600, 4.499999999999999100, -2.647855662113765000 ) ) ;
#799 = ORIENTED_EDGE ( 'NONE', *, *, #2235, .F. ) ;
#800 = ORIENTED_EDGE ( 'NONE', *, *, #8991, .F. ) ;
#801 = CARTESIAN_POINT ( 'NONE',  ( 6.065984516788474500, 4.509999999999999800, -1.077106416611775000 ) ) ;
#802 = COLOUR_RGB ( '',1.000000000000000000, 1.000000000000000000, 1.000000000000000000 ) ;
#803 = MECHANICAL_DESIGN_GEOMETRIC_PRESENTATION_REPRESENTATION (  '', ( #7163 ), #5977 ) ;
#804 = CARTESIAN_POINT ( 'NONE',  ( 4.476565013582417800, 4.500000000000001800, -2.283363954505303700 ) ) ;
#805 = FILL_AREA_STYLE ('',( #7032 ) ) ;
#806 = EDGE_CURVE ( 'NONE', #7837, #7463, #640, .T. ) ;
#807 = CARTESIAN_POINT ( 'NONE',  ( 2.166846216603341500, 4.509999999999998900, -2.387305477473979000 ) ) ;
#808 = CARTESIAN_POINT ( 'NONE',  ( 3.025426750449514500, 4.500000000000000900, -1.394877627909635100 ) ) ;
#809 = CARTESIAN_POINT ( 'NONE',  ( 3.600000000000003600, 2.490000000000000200, 5.999999999999976900 ) ) ;
#810 = DIRECTION ( 'NONE',  ( -0.0000000000000000000, 0.0000000000000000000, -1.000000000000000000 ) ) ;
#811 = B_SPLINE_CURVE_WITH_KNOTS ( 'NONE', 3,
 ( #2062, #2905, #8219, #5994, #7562, #3686, #8932, #5125, #625, #5962, #1404 ),
 .UNSPECIFIED., .F., .F.,
 ( 4, 1, 1, 1, 1, 1, 1, 1, 4 ),
 ( 0.0000000000000000000, 0.1266558512251218800, 0.2499581619777190800, 0.3719201904168841200, 0.5022220188728651100, 0.6325238473288461400, 0.7556260460035206800, 0.8761988241860985100, 1.000000000000000000 ),
 .UNSPECIFIED. ) ;
#812 = SURFACE_STYLE_USAGE ( .BOTH. , #6085 ) ;
#813 = CARTESIAN_POINT ( 'NONE',  ( 2.989592343284969400, 4.509999999999999800, -2.190927216376733300 ) ) ;
#814 = ORIENTED_EDGE ( 'NONE', *, *, #4101, .F. ) ;
#815 = VERTEX_POINT ( 'NONE', #3985 ) ;
#816 = CARTESIAN_POINT ( 'NONE',  ( 0.7331427023621579500, 4.500000000000000900, -2.555099354554651600 ) ) ;
#817 = PRESENTATION_LAYER_ASSIGNMENT (  '', '', ( #7878 ) ) ;
#818 = STYLED_ITEM ( 'NONE', ( #3761 ), #5616 ) ;
#819 = FILL_AREA_STYLE_COLOUR ( '', #5622 ) ;
#820 = DIRECTION ( 'NONE',  ( 1.000000000000000000, 0.0000000000000000000, 1.734723475976802800E-015 ) ) ;
#821 = CARTESIAN_POINT ( 'NONE',  ( 6.087534245515145800, 4.509999999999999800, -2.553374666908405200 ) ) ;
#822 = STYLED_ITEM ( 'NONE', ( #9565 ), #1305 ) ;
#823 = CARTESIAN_POINT ( 'NONE',  ( 5.181526791761850600, 4.510000000000000700, -0.9399744836577715900 ) ) ;
#824 = EDGE_LOOP ( 'NONE', ( #7500, #5193, #563, #8057 ) ) ;
#825 = ORIENTED_EDGE ( 'NONE', *, *, #4016, .T. ) ;
#826 = CARTESIAN_POINT ( 'NONE',  ( 6.225018892625263900, 4.500000000000002700, -2.712692906538341400 ) ) ;
#827 = CARTESIAN_POINT ( 'NONE',  ( 7.163376300868517200, 4.500000000000002700, -1.598685807076384300 ) ) ;
#828 = VECTOR ( 'NONE', #6018, 1000.000000000000000 ) ;
#829 = CARTESIAN_POINT ( 'NONE',  ( 6.088020142822609100, 4.509999999999998900, -0.9880149556987070100 ) ) ;
#830 = EDGE_CURVE ( 'NONE', #9688, #505, #2650, .T. ) ;
#831 = AXIS2_PLACEMENT_3D ( 'NONE', #2081, #8180, #9652 ) ;
#832 = CARTESIAN_POINT ( 'NONE',  ( 2.813910444751606600, 4.500000000000000900, -2.292204148927301500 ) ) ;
#833 = CARTESIAN_POINT ( 'NONE',  ( 6.088309927966401200, 4.509999999999999800, -1.015785249883067700 ) ) ;
#834 = CARTESIAN_POINT ( 'NONE',  ( 2.086583600725445900, 4.509999999999999800, -0.9176199247100669300 ) ) ;
#835 = CARTESIAN_POINT ( 'NONE',  ( 2.153578404017856500, 4.500000000000000900, -2.372828258043400100 ) ) ;
#836 = CARTESIAN_POINT ( 'NONE',  ( 3.048909788713966200, 4.500000000000000900, -1.371700583321890000 ) ) ;
#837 = DIRECTION ( 'NONE',  ( 0.0000000000000000000, -1.000000000000000000, 0.0000000000000000000 ) ) ;
#838 = VERTEX_POINT ( 'NONE', #5500 ) ;
#839 = PLANE ( 'NONE',  #1510 ) ;
#840 =( LENGTH_UNIT ( ) NAMED_UNIT ( * ) SI_UNIT ( .MILLI., .METRE. ) );
#841 = LINE ( 'NONE', #7332, #5976 ) ;
#842 = CARTESIAN_POINT ( 'NONE',  ( 0.7834093222135356500, 4.500000000000000900, -0.9182098381400001200 ) ) ;
#843 = VECTOR ( 'NONE', #1016, 1000.000000000000000 ) ;
#844 = EDGE_LOOP ( 'NONE', ( #8934, #8222, #7378, #2609, #964, #9434 ) ) ;
#845 = FILL_AREA_STYLE_COLOUR ( '', #3230 ) ;
#846 = CARTESIAN_POINT ( 'NONE',  ( 1.962400107687003900, 4.500000000000000900, -2.420860805166841900 ) ) ;
#847 = FILL_AREA_STYLE_COLOUR ( '', #1874 ) ;
#848 = CARTESIAN_POINT ( 'NONE',  ( 5.242908036718559700, 4.510000000000001600, -0.9179899795546520000 ) ) ;
#849 = COLOUR_RGB ( '',1.000000000000000000, 1.000000000000000000, 1.000000000000000000 ) ;
#850 = PRESENTATION_LAYER_ASSIGNMENT (  '', '', ( #4609 ) ) ;
#851 = SURFACE_STYLE_FILL_AREA ( #3110 ) ;
#852 = CARTESIAN_POINT ( 'NONE',  ( 2.287313795418822500, 4.510000000000001600, -1.124733988095137900 ) ) ;
#853 = VECTOR ( 'NONE', #4917, 1000.000000000000100 ) ;
#854 = CARTESIAN_POINT ( 'NONE',  ( 3.001347839036961200, 4.500000000000001800, -2.266649751885832000 ) ) ;
#855 = ORIENTED_EDGE ( 'NONE', *, *, #3666, .T. ) ;
#856 = DIRECTION ( 'NONE',  ( 0.0000000000000000000, 0.0000000000000000000, -1.000000000000000000 ) ) ;
#857 = MECHANICAL_DESIGN_GEOMETRIC_PRESENTATION_REPRESENTATION (  '', ( #4074 ), #9164 ) ;
#858 = CARTESIAN_POINT ( 'NONE',  ( 6.076527827768488900, 4.509999999999998900, -0.9531179552905872900 ) ) ;
#859 = CARTESIAN_POINT ( 'NONE',  ( 6.655377291673975300, 4.500000000000000900, -1.693114568848612400 ) ) ;
#860 = SURFACE_STYLE_FILL_AREA ( #6611 ) ;
#861 = EDGE_CURVE ( 'NONE', #3034, #3595, #7948, .T. ) ;
#862 = B_SPLINE_CURVE_WITH_KNOTS ( 'NONE', 3,
 ( #5906, #7413, #1287, #473, #574, #2075, #5135, #5103, #506, #1251, #536 ),
 .UNSPECIFIED., .F., .F.,
 ( 4, 1, 1, 1, 1, 1, 1, 1, 4 ),
 ( 0.0000000000000000000, 0.1121686763953984700, 0.2273768320656536200, 0.3461158416197063800, 0.4678942052698059100, 0.5939096944979092000, 0.7246147175821149300, 0.8599340407987439100, 1.000000000000000000 ),
 .UNSPECIFIED. ) ;
#863 = SURFACE_STYLE_FILL_AREA ( #7460 ) ;
#864 = DIRECTION ( 'NONE',  ( -1.000000000000000000, 0.0000000000000000000, 0.0000000000000000000 ) ) ;
#865 = CARTESIAN_POINT ( 'NONE',  ( 6.004933854183627200, 4.510000000000000700, -1.099391563974918600 ) ) ;
#866 = EDGE_LOOP ( 'NONE', ( #5341, #6687, #6393, #3640 ) ) ;
#867 = CARTESIAN_POINT ( 'NONE',  ( 2.660309844254544300, 4.500000000000001800, -2.524636747394925600 ) ) ;
#868 =( NAMED_UNIT ( * ) SI_UNIT ( $, .STERADIAN. ) SOLID_ANGLE_UNIT ( ) );
#869 = CARTESIAN_POINT ( 'NONE',  ( 5.777388218470982800, 4.510000000000000700, -2.655424519204114800 ) ) ;
#870 =( LENGTH_UNIT ( ) NAMED_UNIT ( * ) SI_UNIT ( .MILLI., .METRE. ) );
#871 =( NAMED_UNIT ( * ) PLANE_ANGLE_UNIT ( ) SI_UNIT ( $, .RADIAN. ) );
#872 = LINE ( 'NONE', #5975, #6255 ) ;
#873 = CARTESIAN_POINT ( 'NONE',  ( 6.282082403273809800, 4.509999999999999800, -2.011868378486108400 ) ) ;
#874 = DIRECTION ( 'NONE',  ( -1.000000000000000000, -0.0000000000000000000, -0.0000000000000000000 ) ) ;
#875 = STYLED_ITEM ( 'NONE', ( #1440 ), #452 ) ;
#876 = CARTESIAN_POINT ( 'NONE',  ( 4.750000000000004400, 2.990000000000000200, 5.799999999999983800 ) ) ;
#877 = B_SPLINE_CURVE_WITH_KNOTS ( 'NONE', 3,
 ( #2764, #2028, #1927, #5058, #490, #8163, #5825 ),
 .UNSPECIFIED., .F., .F.,
 ( 4, 1, 1, 1, 4 ),
 ( 0.0000000000000000000, 0.2623762869679042200, 0.5116071089431961600, 0.7589051454290505200, 1.000000000000000000 ),
 .UNSPECIFIED. ) ;
#878 = ORIENTED_EDGE ( 'NONE', *, *, #4752, .T. ) ;
#879 = CARTESIAN_POINT ( 'NONE',  ( 6.037045913780454000, 4.499999999999999100, -1.094507485193339400 ) ) ;
#880 = PRESENTATION_STYLE_ASSIGNMENT (( #6022 ) ) ;
#881 = CARTESIAN_POINT ( 'NONE',  ( 6.261690702422673600, 4.509999999999999800, -2.344464161783644600 ) ) ;
#882 = FACE_OUTER_BOUND ( 'NONE', #5498, .T. ) ;
#883 = CARTESIAN_POINT ( 'NONE',  ( 2.210000000000004000, 2.990000000000000200, 1.999999999999984500 ) ) ;
#884 = CARTESIAN_POINT ( 'NONE',  ( 1.745735868673416100, 4.500000000000000900, -2.577083858657770700 ) ) ;
#885 = COLOUR_RGB ( '',0.2509803921568627400, 0.2509803921568627400, 0.2509803921568627400 ) ;
#886 =( LENGTH_UNIT ( ) NAMED_UNIT ( * ) SI_UNIT ( .MILLI., .METRE. ) );
#887 = ORIENTED_EDGE ( 'NONE', *, *, #7977, .F. ) ;
#888 =( GEOMETRIC_REPRESENTATION_CONTEXT ( 3 ) GLOBAL_UNCERTAINTY_ASSIGNED_CONTEXT ( ( #3093 ) ) GLOBAL_UNIT_ASSIGNED_CONTEXT ( ( #5472, #7843, #5438 ) ) REPRESENTATION_CONTEXT ( 'NONE', 'WORKASPACE' ) );
#889 = ORIENTED_EDGE ( 'NONE', *, *, #6919, .F. ) ;
#890 = SURFACE_STYLE_USAGE ( .BOTH. , #6984 ) ;
#891 =( GEOMETRIC_REPRESENTATION_CONTEXT ( 3 ) GLOBAL_UNCERTAINTY_ASSIGNED_CONTEXT ( ( #4857 ) ) GLOBAL_UNIT_ASSIGNED_CONTEXT ( ( #2373, #8, #7780 ) ) REPRESENTATION_CONTEXT ( 'NONE', 'WORKASPACE' ) );
#892 = SURFACE_SIDE_STYLE ('',( #2932 ) ) ;
#893 = DIRECTION ( 'NONE',  ( 1.355252715606880500E-016, 0.0000000000000000000, 1.000000000000000000 ) ) ;
#894 = ORIENTED_EDGE ( 'NONE', *, *, #2442, .T. ) ;
#895 = DIRECTION ( 'NONE',  ( -1.000000000000000000, -1.734723475976806900E-015, 0.0000000000000000000 ) ) ;
#896 = CARTESIAN_POINT ( 'NONE',  ( 6.134028383993286800, 4.500000000000000900, -2.545027625353822200 ) ) ;
#897 = CARTESIAN_POINT ( 'NONE',  ( 5.171963291442008200, 4.500000000000000900, -1.057356331956339900 ) ) ;
#898 = CARTESIAN_POINT ( 'NONE',  ( 2.573006475539434000, 4.509999999999999800, -2.736630341376733000 ) ) ;
#899 = CARTESIAN_POINT ( 'NONE',  ( 2.814187767392112500, 4.509999999999999800, -2.279035533434024900 ) ) ;
#900 = EDGE_CURVE ( 'NONE', #8165, #6136, #1478, .T. ) ;
#901 = CARTESIAN_POINT ( 'NONE',  ( 5.264573451450891300, 4.509999999999999800, -2.560413707262149800 ) ) ;
#902 = CARTESIAN_POINT ( 'NONE',  ( 6.261690702422673600, 4.500000000000000900, -2.344464161783644600 ) ) ;
#903 = VERTEX_POINT ( 'NONE', #5665 ) ;
#904 = CARTESIAN_POINT ( 'NONE',  ( 6.820229995885712900, 4.499999999999999100, -2.187099899750879900 ) ) ;
#905 = CARTESIAN_POINT ( 'NONE',  ( 5.171963291442008200, 4.509999999999999800, -1.057356331956339900 ) ) ;
#906 = LINE ( 'NONE', #5484, #7154 ) ;
#907 = CARTESIAN_POINT ( 'NONE',  ( 5.159411911737351800, 4.509999999999999800, -1.008570445543400100 ) ) ;
#908 = ADVANCED_FACE ( 'NONE', ( #9709 ), #6888, .T. ) ;
#909 = FACE_OUTER_BOUND ( 'NONE', #3651, .T. ) ;
#910 = CARTESIAN_POINT ( 'NONE',  ( 0.6850083052690263400, 4.509999999999998900, -2.567050285702841000 ) ) ;
#911 = FILL_AREA_STYLE_COLOUR ( '', #5478 ) ;
#912 = FILL_AREA_STYLE_COLOUR ( '', #687 ) ;
#913 = CARTESIAN_POINT ( 'NONE',  ( 0.6717614574054523400, 4.500000000000001800, -2.577083858657771600 ) ) ;
#914 = ORIENTED_EDGE ( 'NONE', *, *, #1449, .F. ) ;
#915 = CARTESIAN_POINT ( 'NONE',  ( 6.018427231922436800, 4.500000000000001800, -1.099144658173321500 ) ) ;
#916 = ORIENTED_EDGE ( 'NONE', *, *, #3373, .T. ) ;
#917 = CARTESIAN_POINT ( 'NONE',  ( 3.600000000000003600, 1.739999999999988900, 7.249999999999984000 ) ) ;
#918 = DIRECTION ( 'NONE',  ( 0.0000000000000000000, 1.000000000000000000, 0.0000000000000000000 ) ) ;
#919 = EDGE_CURVE ( 'NONE', #1374, #8915, #5887, .T. ) ;
#920 = CARTESIAN_POINT ( 'NONE',  ( 6.295046864947899200, 4.500000000000001800, -2.026695946533230600 ) ) ;
#921 = CARTESIAN_POINT ( 'NONE',  ( 5.602098544412007700, 4.500000000000000900, -2.502542730447146400 ) ) ;
#922 = ORIENTED_EDGE ( 'NONE', *, *, #2250, .F. ) ;
#923 = CARTESIAN_POINT ( 'NONE',  ( 4.726243522742669800, 4.510000000000001600, -2.484191714886018400 ) ) ;
#924 = FACE_OUTER_BOUND ( 'NONE', #6913, .T. ) ;
#925 = CARTESIAN_POINT ( 'NONE',  ( 4.052170526413688900, 4.509999999999999800, -1.070692899505453900 ) ) ;
#926 = DIRECTION ( 'NONE',  ( -0.0000000000000000000, -1.000000000000000000, -0.0000000000000000000 ) ) ;
#927 = ORIENTED_EDGE ( 'NONE', *, *, #9494, .T. ) ;
#928 = SURFACE_STYLE_USAGE ( .BOTH. , #5497 ) ;
#929 =( NAMED_UNIT ( * ) SI_UNIT ( $, .STERADIAN. ) SOLID_ANGLE_UNIT ( ) );
#930 = UNCERTAINTY_MEASURE_WITH_UNIT (LENGTH_MEASURE( 1.000000000000000100E-005 ), #3717, 'distance_accuracy_value', 'NONE');
#931 = PRESENTATION_LAYER_ASSIGNMENT (  '', '', ( #4880 ) ) ;
#932 = CARTESIAN_POINT ( 'NONE',  ( 6.140000000000004100, 2.990000000000000200, 5.799999999999983800 ) ) ;
#933 = EDGE_CURVE ( 'NONE', #4260, #4863, #2448, .T. ) ;
#934 = LINE ( 'NONE', #8103, #9525 ) ;
#935 = SURFACE_SIDE_STYLE ('',( #8327 ) ) ;
#936 = ORIENTED_EDGE ( 'NONE', *, *, #5535, .T. ) ;
#937 = CARTESIAN_POINT ( 'NONE',  ( 7.303974557397587800, 4.510000000000000700, -2.722075963672473200 ) ) ;
#938 =( NAMED_UNIT ( * ) SI_UNIT ( $, .STERADIAN. ) SOLID_ANGLE_UNIT ( ) );
#939 = ORIENTED_EDGE ( 'NONE', *, *, #1697, .F. ) ;
#940 = CARTESIAN_POINT ( 'NONE',  ( 3.104092552548362700, 4.509999999999999800, -1.541280638995781200 ) ) ;
#941 = CARTESIAN_POINT ( 'NONE',  ( 5.164604246405407800, 4.499999999999999100, -1.042164952054618800 ) ) ;
#942 = VERTEX_POINT ( 'NONE', #2366 ) ;
#943 = FACE_OUTER_BOUND ( 'NONE', #7812, .T. ) ;
#944 = SURFACE_STYLE_USAGE ( .BOTH. , #103 ) ;
#945 = CARTESIAN_POINT ( 'NONE',  ( 4.957924883323542500, 4.509999999999999800, -1.015785249883067500 ) ) ;
#946 = CARTESIAN_POINT ( 'NONE',  ( 2.607112920851933700, 4.509999999999999800, -1.463323049710066900 ) ) ;
#947 = CARTESIAN_POINT ( 'NONE',  ( 0.7008023251876108800, 4.500000000000001800, -2.559454679426736800 ) ) ;
#948 = AXIS2_PLACEMENT_3D ( 'NONE', #8565, #4033, #9352 ) ;
#949 = CARTESIAN_POINT ( 'NONE',  ( 6.083222047940668500, 4.509999999999999800, -1.047963875669278400 ) ) ;
#950 = CARTESIAN_POINT ( 'NONE',  ( 1.890156577225495100, 4.500000000000001800, -2.273412876436924800 ) ) ;
#951 = CARTESIAN_POINT ( 'NONE',  ( 6.624447984014675100, 4.500000000000000900, -0.9321742583578789300 ) ) ;
#952 = VECTOR ( 'NONE', #6443, 1000.000000000000000 ) ;
#953 = STYLED_ITEM ( 'NONE', ( #7549 ), #2057 ) ;
#954 = LINE ( 'NONE', #1805, #5359 ) ;
#955 = CARTESIAN_POINT ( 'NONE',  ( 6.444494047619048000, 4.509999999999999800, -2.376888549152031100 ) ) ;
#956 = ADVANCED_FACE ( 'NONE', ( #388 ), #6942, .T. ) ;
#957 = CARTESIAN_POINT ( 'NONE',  ( 5.800033326487835900, 4.500000000000000900, -2.439531113327625200 ) ) ;
#958 = LINE ( 'NONE', #8839, #8150 ) ;
#959 = CARTESIAN_POINT ( 'NONE',  ( 2.540000000000000000, 0.0000000000000000000, 5.799999999999983800 ) ) ;
#960 = VECTOR ( 'NONE', #3426, 1000.000000000000000 ) ;
#961 = EDGE_CURVE ( 'NONE', #5095, #2947, #8575, .T. ) ;
#962 = COLOUR_RGB ( '',1.000000000000000000, 1.000000000000000000, 1.000000000000000000 ) ;
#963 = PLANE ( 'NONE',  #8300 ) ;
#964 = ORIENTED_EDGE ( 'NONE', *, *, #2019, .F. ) ;
#965 =( NAMED_UNIT ( * ) SI_UNIT ( $, .STERADIAN. ) SOLID_ANGLE_UNIT ( ) );
#966 = CARTESIAN_POINT ( 'NONE',  ( 2.280870719645188100, 4.509999999999999800, -2.681727253625437100 ) ) ;
#967 = CARTESIAN_POINT ( 'NONE',  ( 2.999876632421623900, 4.500000000000001800, -2.337151110932627500 ) ) ;
#968 = PRESENTATION_STYLE_ASSIGNMENT (( #2381 ) ) ;
#969 = CARTESIAN_POINT ( 'NONE',  ( 6.655666018321718400, 4.510000000000000700, -0.9238917501115488900 ) ) ;
#970 = SURFACE_STYLE_USAGE ( .BOTH. , #935 ) ;
#971 = CARTESIAN_POINT ( 'NONE',  ( 6.218958963697073900, 4.500000000000001800, -2.228284837589487500 ) ) ;
#972 = CARTESIAN_POINT ( 'NONE',  ( 3.013548060825892400, 4.500000000000000000, -1.450330118162447700 ) ) ;
#973 = CARTESIAN_POINT ( 'NONE',  ( 4.906660869137597000, 4.500000000000000000, -1.094507485193339400 ) ) ;
#974 = SURFACE_STYLE_FILL_AREA ( #6737 ) ;
#975 = CARTESIAN_POINT ( 'NONE',  ( 2.402880278087797400, 4.509999999999999800, -0.9838026697807514800 ) ) ;
#976 = ORIENTED_EDGE ( 'NONE', *, *, #386, .T. ) ;
#977 = CARTESIAN_POINT ( 'NONE',  ( 0.6496465773809523300, 4.509999999999999800, -2.645679820543399800 ) ) ;
#978 = CARTESIAN_POINT ( 'NONE',  ( 2.467770560209669100, 4.500000000000000900, -1.240869370691671400 ) ) ;
#979 = DIRECTION ( 'NONE',  ( 0.0000000000000000000, -1.000000000000000000, 0.0000000000000000000 ) ) ;
#980 = CARTESIAN_POINT ( 'NONE',  ( 4.471713499769149900, 4.509999999999999800, -2.502542730447145500 ) ) ;
#981 = EDGE_CURVE ( 'NONE', #4988, #7739, #2033, .T. ) ;
#982 = PRESENTATION_STYLE_ASSIGNMENT (( #7951 ) ) ;
#983 = CARTESIAN_POINT ( 'NONE',  ( 1.922695378649717600, 4.499999999999998200, -2.350666682781039200 ) ) ;
#984 = CARTESIAN_POINT ( 'NONE',  ( 6.712043602653407600, 4.500000000000000000, -0.9178755928021017400 ) ) ;
#985 = ORIENTED_EDGE ( 'NONE', *, *, #6671, .F. ) ;
#986 = STYLED_ITEM ( 'NONE', ( #9154 ), #7193 ) ;
#987 = DIRECTION ( 'NONE',  ( -0.0000000000000000000, -1.000000000000000000, -0.0000000000000000000 ) ) ;
#988 = DIRECTION ( 'NONE',  ( 0.0000000000000000000, -4.336808689942025600E-016, -1.000000000000000000 ) ) ;
#989 = UNCERTAINTY_MEASURE_WITH_UNIT (LENGTH_MEASURE( 1.000000000000000100E-005 ), #5965, 'distance_accuracy_value', 'NONE');
#990 = B_SPLINE_CURVE_WITH_KNOTS ( 'NONE', 3,
 ( #9746, #8916, #2781, #9710, #440, #1322, #8204 ),
 .UNSPECIFIED., .F., .F.,
 ( 4, 1, 1, 1, 4 ),
 ( 0.0000000000000000000, 0.2562600947496391800, 0.5024194315356107500, 0.7465536571045217100, 1.000000000000000000 ),
 .UNSPECIFIED. ) ;
#991 = CARTESIAN_POINT ( 'NONE',  ( 7.083776495382753800, 4.509999999999999800, -2.720981008304916800 ) ) ;
#992 = ORIENTED_EDGE ( 'NONE', *, *, #2360, .T. ) ;
#993 =( LENGTH_UNIT ( ) NAMED_UNIT ( * ) SI_UNIT ( .MILLI., .METRE. ) );
#994 = EDGE_CURVE ( 'NONE', #4464, #4207, #8743, .T. ) ;
#995 = SURFACE_STYLE_FILL_AREA ( #7526 ) ;
#996 = CARTESIAN_POINT ( 'NONE',  ( 2.599331693659679800, 4.509999999999999800, -1.112551879128611300 ) ) ;
#997 = CARTESIAN_POINT ( 'NONE',  ( 7.383375572141038600, 4.500000000000000900, -2.674902905427476400 ) ) ;
#998 =( NAMED_UNIT ( * ) SI_UNIT ( $, .STERADIAN. ) SOLID_ANGLE_UNIT ( ) );
#999 = CARTESIAN_POINT ( 'NONE',  ( 2.940056791759671800, 4.500000000000000000, -2.498291253300096900 ) ) ;
#1000 = CARTESIAN_POINT ( 'NONE',  ( 3.852404203869046900, 4.500000000000000900, -1.359379597329114500 ) ) ;
#1001 = CARTESIAN_POINT ( 'NONE',  ( 5.046756222461295000, 4.500000000000002700, -2.168127442189548200 ) ) ;
#1002 = UNCERTAINTY_MEASURE_WITH_UNIT (LENGTH_MEASURE( 1.000000000000000100E-005 ), #2696, 'distance_accuracy_value', 'NONE');
#1003 = EDGE_LOOP ( 'NONE', ( #2769, #9275, #6900, #1056 ) ) ;
#1004 = CARTESIAN_POINT ( 'NONE',  ( 5.312061128311760200, 4.500000000000001800, -2.425691587641274800 ) ) ;
#1005 = CARTESIAN_POINT ( 'NONE',  ( 6.151341029575892300, 4.509999999999999800, -2.138549461075394100 ) ) ;
#1006 = STYLED_ITEM ( 'NONE', ( #7201 ), #8231 ) ;
#1007 = SURFACE_STYLE_USAGE ( .BOTH. , #4090 ) ;
#1008 = CARTESIAN_POINT ( 'NONE',  ( 3.859476032383031700, 4.510000000000000700, -1.541151236593965900 ) ) ;
#1009 = MECHANICAL_DESIGN_GEOMETRIC_PRESENTATION_REPRESENTATION (  '', ( #818 ), #9837 ) ;
#1010 = ADVANCED_FACE ( 'NONE', ( #8629 ), #8851, .F. ) ;
#1011 = COLOUR_RGB ( '',0.8980392156862745400, 0.8980392156862745400, 0.8980392156862745400 ) ;
#1012 =( NAMED_UNIT ( * ) PLANE_ANGLE_UNIT ( ) SI_UNIT ( $, .RADIAN. ) );
#1013 = PRESENTATION_LAYER_ASSIGNMENT (  '', '', ( #1656 ) ) ;
#1014 = ORIENTED_EDGE ( 'NONE', *, *, #2713, .T. ) ;
#1015 = SURFACE_STYLE_USAGE ( .BOTH. , #7815 ) ;
#1016 = DIRECTION ( 'NONE',  ( -0.0000000000000000000, -1.000000000000000000, -0.0000000000000000000 ) ) ;
#1017 = VERTEX_POINT ( 'NONE', #4294 ) ;
#1018 = CARTESIAN_POINT ( 'NONE',  ( 0.0000000000000000000, 0.0000000000000000000, 5.799999999999983800 ) ) ;
#1019 = DIRECTION ( 'NONE',  ( 1.000000000000000000, 0.0000000000000000000, 0.0000000000000000000 ) ) ;
#1020 = ORIENTED_EDGE ( 'NONE', *, *, #8568, .T. ) ;
#1021 = STYLED_ITEM ( 'NONE', ( #1519 ), #9558 ) ;
#1022 = EDGE_CURVE ( 'NONE', #3162, #9138, #7111, .T. ) ;
#1023 = ORIENTED_EDGE ( 'NONE', *, *, #5503, .F. ) ;
#1024 = FILL_AREA_STYLE_COLOUR ( '', #9576 ) ;
#1025 = STYLED_ITEM ( 'NONE', ( #9776 ), #2618 ) ;
#1026 = SURFACE_STYLE_USAGE ( .BOTH. , #5597 ) ;
#1027 =( NAMED_UNIT ( * ) PLANE_ANGLE_UNIT ( ) SI_UNIT ( $, .RADIAN. ) );
#1028 = VERTEX_POINT ( 'NONE', #1257 ) ;
#1029 = PLANE ( 'NONE',  #474 ) ;
#1030 = CARTESIAN_POINT ( 'NONE',  ( 2.153578404017856500, 4.509999999999999800, -2.372828258043400100 ) ) ;
#1031 = PRESENTATION_STYLE_ASSIGNMENT (( #4319 ) ) ;
#1032 = VECTOR ( 'NONE', #8481, 1000.000000000000000 ) ;
#1033 = CARTESIAN_POINT ( 'NONE',  ( 4.867476981026785100, 4.510000000000000700, -0.9176199247100670400 ) ) ;
#1034 = EDGE_LOOP ( 'NONE', ( #9286, #2472, #76, #2612 ) ) ;
#1035 = CARTESIAN_POINT ( 'NONE',  ( 2.489621464519551800, 4.509999999999998900, -2.734416018275681400 ) ) ;
#1036 = CARTESIAN_POINT ( 'NONE',  ( 6.655666018321718400, 4.500000000000003600, -0.9238917501115488900 ) ) ;
#1037 = PRESENTATION_STYLE_ASSIGNMENT (( #970 ) ) ;
#1038 =( LENGTH_UNIT ( ) NAMED_UNIT ( * ) SI_UNIT ( .MILLI., .METRE. ) );
#1039 = CARTESIAN_POINT ( 'NONE',  ( 5.159411911737351800, 4.500000000000000000, -1.008570445543400100 ) ) ;
#1040 = CARTESIAN_POINT ( 'NONE',  ( 5.313420327162423200, 4.500000000000001800, -2.393300428662839900 ) ) ;
#1041 = CARTESIAN_POINT ( 'NONE',  ( 6.261690702422673600, 4.509999999999999800, -2.344464161783644600 ) ) ;
#1042 = CARTESIAN_POINT ( 'NONE',  ( 5.889514544386944600, 4.500000000000001800, -2.505895107314503700 ) ) ;
#1043 = CARTESIAN_POINT ( 'NONE',  ( 4.395409750351842800, 4.509999999999999800, -2.405548924280862100 ) ) ;
#1044 = COLOUR_RGB ( '',1.000000000000000000, 1.000000000000000000, 1.000000000000000000 ) ;
#1045 = CARTESIAN_POINT ( 'NONE',  ( 3.942852106165805300, 4.500000000000000900, -1.457544922502115300 ) ) ;
#1046 = ORIENTED_EDGE ( 'NONE', *, *, #8721, .T. ) ;
#1047 = ORIENTED_EDGE ( 'NONE', *, *, #3574, .F. ) ;
#1048 = CARTESIAN_POINT ( 'NONE',  ( 2.989592343284969400, 4.509999999999999800, -2.190927216376733300 ) ) ;
#1049 = DIRECTION ( 'NONE',  ( 0.0000000000000000000, -1.000000000000000000, 4.336808689942025100E-016 ) ) ;
#1050 = DIRECTION ( 'NONE',  ( 0.0000000000000000000, 0.0000000000000000000, 1.000000000000000000 ) ) ;
#1051 = CARTESIAN_POINT ( 'NONE',  ( 1.873980736087519100, 4.509999999999998900, -2.218847581896561800 ) ) ;
#1052 = STYLED_ITEM ( 'NONE', ( #1802 ), #6367 ) ;
#1053 = VECTOR ( 'NONE', #1792, 1000.000000000000000 ) ;
#1054 = B_SPLINE_CURVE_WITH_KNOTS ( 'NONE', 3,
 ( #8291, #3763, #6041, #5167, #4472, #8361, #2987, #8326, #5939, #2239, #7609, #2364, #3338, #2629, #7183, #4871, #2621, #4836, #1876 ),
 .UNSPECIFIED., .F., .F.,
 ( 4, 1, 1, 1, 1, 1, 1, 1, 1, 1, 1, 1, 1, 1, 1, 1, 4 ),
 ( 0.0000000000000000000, 0.08247727264679181900, 0.1606727748936284400, 0.2356603322837441400, 0.3074119978731364400, 0.3754018117403263300, 0.4406906596600536600, 0.5034493295661055500, 0.5636023155689717800, 0.6214528270961907600, 0.6773415605321557700, 0.7321149886190239100, 0.7859519598473708700, 0.8393653783974389700, 0.8925294945439517000, 0.9459723235632278000, 1.000000000000000000 ),
 .UNSPECIFIED. ) ;
#1055 = CARTESIAN_POINT ( 'NONE',  ( 1.847187947355431600, 4.500000000000001800, -1.345847841500198600 ) ) ;
#1056 = ORIENTED_EDGE ( 'NONE', *, *, #4308, .T. ) ;
#1057 = EDGE_CURVE ( 'NONE', #1364, #8195, #3029, .T. ) ;
#1058 = ORIENTED_EDGE ( 'NONE', *, *, #6813, .T. ) ;
#1059 = LINE ( 'NONE', #917, #4867 ) ;
#1060 = CARTESIAN_POINT ( 'NONE',  ( 1.697871463228240300, 4.500000000000002700, -2.736254033173320700 ) ) ;
#1061 = FILL_AREA_STYLE_COLOUR ( '', #4461 ) ;
#1062 = CARTESIAN_POINT ( 'NONE',  ( 7.296365759836620100, 4.509999999999998900, -2.083763850241384700 ) ) ;
#1063 = ADVANCED_FACE ( 'NONE', ( #2065 ), #4194, .T. ) ;
#1064 = CARTESIAN_POINT ( 'NONE',  ( 7.163650833124956200, 4.509999999999998900, -2.735931385675411100 ) ) ;
#1065 = B_SPLINE_CURVE_WITH_KNOTS ( 'NONE', 3,
 ( #5379, #848, #8497, #79, #5445, #823, #6235, #3100, #4641, #6166, #1588 ),
 .UNSPECIFIED., .F., .F.,
 ( 4, 1, 1, 1, 1, 1, 1, 1, 4 ),
 ( 0.0000000000000000000, 0.1440306613881546200, 0.2740342620545201900, 0.3901554936314385900, 0.4984253191023463900, 0.6105705555072847800, 0.7255366516136364500, 0.8561547915775156200, 0.9999999999999998900 ),
 .UNSPECIFIED. ) ;
#1066 = ORIENTED_EDGE ( 'NONE', *, *, #9266, .T. ) ;
#1067 = CARTESIAN_POINT ( 'NONE',  ( 4.029380930309680600, 4.500000000000000900, -1.014414131091090600 ) ) ;
#1068 = CARTESIAN_POINT ( 'NONE',  ( 2.118952050712644000, 4.509999999999999800, -2.331300673399069100 ) ) ;
#1069 = ORIENTED_EDGE ( 'NONE', *, *, #1608, .T. ) ;
#1070 = CARTESIAN_POINT ( 'NONE',  ( 4.958021472749254400, 4.509999999999999800, -1.008570445543400100 ) ) ;
#1071 = MECHANICAL_DESIGN_GEOMETRIC_PRESENTATION_REPRESENTATION (  '', ( #9763 ), #2088 ) ;
#1072 = FACE_BOUND ( 'NONE', #3903, .T. ) ;
#1073 = AXIS2_PLACEMENT_3D ( 'NONE', #1660, #988, #6341 ) ;
#1074 = CARTESIAN_POINT ( 'NONE',  ( 6.449192394797800700, 4.509999999999998900, -1.166510598833230900 ) ) ;
#1075 = CARTESIAN_POINT ( 'NONE',  ( 1.677306256975446000, 4.509999999999999800, -2.554729299710066600 ) ) ;
#1076 = CARTESIAN_POINT ( 'NONE',  ( 9.010000000000001600, -0.01000000000000002600, 1.999999999999984500 ) ) ;
#1077 = CARTESIAN_POINT ( 'NONE',  ( 5.119620842485871600, 4.500000000000000900, -2.452124493493723600 ) ) ;
#1078 = DIRECTION ( 'NONE',  ( -0.0000000000000000000, 0.0000000000000000000, 1.000000000000000000 ) ) ;
#1079 = SURFACE_STYLE_USAGE ( .BOTH. , #5640 ) ;
#1080 = FACE_OUTER_BOUND ( 'NONE', #3133, .T. ) ;
#1081 = CARTESIAN_POINT ( 'NONE',  ( 6.604892131617579500, 4.509999999999998900, -2.151848599083205500 ) ) ;
#1082 = CARTESIAN_POINT ( 'NONE',  ( 6.633811357620558600, 4.509999999999998900, -1.203254391095981000 ) ) ;
#1083 = CARTESIAN_POINT ( 'NONE',  ( 4.407652360737841900, 4.510000000000000700, -2.423362262216187900 ) ) ;
#1084 = CARTESIAN_POINT ( 'NONE',  ( 3.600000000000003600, -2.260000000000004200, 7.249999999999985800 ) ) ;
#1085 = CARTESIAN_POINT ( 'NONE',  ( 2.334950139564993400, 4.500000000000000900, -1.144965900719250300 ) ) ;
#1086 = CARTESIAN_POINT ( 'NONE',  ( 1.922695378649717600, 4.509999999999997100, -2.350666682781039200 ) ) ;
#1087 = PRESENTATION_STYLE_ASSIGNMENT (( #6711 ) ) ;
#1088 = PRESENTATION_LAYER_ASSIGNMENT (  '', '', ( #7946 ) ) ;
#1089 = VERTEX_POINT ( 'NONE', #5849 ) ;
#1090 = CARTESIAN_POINT ( 'NONE',  ( 1.866717955699072100, 4.500000000000001800, -1.264665272369229500 ) ) ;
#1091 = SURFACE_SIDE_STYLE ('',( #6117 ) ) ;
#1092 = FILL_AREA_STYLE ('',( #7191 ) ) ;
#1093 = CARTESIAN_POINT ( 'NONE',  ( 0.6809108189174105700, 4.509999999999999800, -1.005728241767358500 ) ) ;
#1094 = ORIENTED_EDGE ( 'NONE', *, *, #8289, .T. ) ;
#1095 = CARTESIAN_POINT ( 'NONE',  ( 7.123348014990757100, 4.500000000000004400, -2.729779553492670500 ) ) ;
#1096 = CARTESIAN_POINT ( 'NONE',  ( 7.496921502976189100, 4.509999999999999800, -2.294464639646822700 ) ) ;
#1097 = CARTESIAN_POINT ( 'NONE',  ( 1.677306256975446000, 4.500000000000000900, -2.554729299710066600 ) ) ;
#1098 = SURFACE_STYLE_FILL_AREA ( #3038 ) ;
#1099 = EDGE_CURVE ( 'NONE', #7614, #8540, #3999, .T. ) ;
#1100 = FACE_OUTER_BOUND ( 'NONE', #6029, .T. ) ;
#1101 = CARTESIAN_POINT ( 'NONE',  ( 2.697657345998461400, 4.510000000000000700, -1.233771974234883200 ) ) ;
#1102 = ORIENTED_EDGE ( 'NONE', *, *, #4852, .F. ) ;
#1103 = CARTESIAN_POINT ( 'NONE',  ( 6.569088636245370900, 4.509999999999999800, -0.9600070487248615300 ) ) ;
#1104 = CARTESIAN_POINT ( 'NONE',  ( 6.624447984014675100, 4.509999999999999800, -0.9321742583578789300 ) ) ;
#1105 = CARTESIAN_POINT ( 'NONE',  ( 5.171290601360973400, 4.509999999999998900, -0.9531179552905876300 ) ) ;
#1106 =( LENGTH_UNIT ( ) NAMED_UNIT ( * ) SI_UNIT ( .MILLI., .METRE. ) );
#1107 = CARTESIAN_POINT ( 'NONE',  ( 1.762666279246469300, 4.509999999999998000, -2.685073250669276900 ) ) ;
#1108 = CARTESIAN_POINT ( 'NONE',  ( 6.462727554227070600, 4.500000000000000000, -1.685479915746322900 ) ) ;
#1109 = CARTESIAN_POINT ( 'NONE',  ( 4.392016892206099100, 4.500000000000002700, -2.373640316265126100 ) ) ;
#1110 = COLOUR_RGB ( '',0.8980392156862745400, 0.8980392156862745400, 0.8980392156862745400 ) ;
#1111 =( NAMED_UNIT ( * ) SI_UNIT ( $, .STERADIAN. ) SOLID_ANGLE_UNIT ( ) );
#1112 = ADVANCED_FACE ( 'NONE', ( #4557 ), #6908, .T. ) ;
#1113 = SURFACE_SIDE_STYLE ('',( #1544 ) ) ;
#1114 = ORIENTED_EDGE ( 'NONE', *, *, #2050, .F. ) ;
#1115 = CARTESIAN_POINT ( 'NONE',  ( 6.558539820996288400, 4.510000000000000700, -2.031852487599741200 ) ) ;
#1116 = CIRCLE ( 'NONE', #2878, 1.000000000000001600 ) ;
#1117 = EDGE_CURVE ( 'NONE', #4042, #3278, #8399, .T. ) ;
#1118 = UNCERTAINTY_MEASURE_WITH_UNIT (LENGTH_MEASURE( 1.000000000000000100E-005 ), #5322, 'distance_accuracy_value', 'NONE');
#1119 = ORIENTED_EDGE ( 'NONE', *, *, #9073, .F. ) ;
#1120 = EDGE_LOOP ( 'NONE', ( #5046, #9056, #7510, #5748 ) ) ;
#1121 =( GEOMETRIC_REPRESENTATION_CONTEXT ( 3 ) GLOBAL_UNCERTAINTY_ASSIGNED_CONTEXT ( ( #5579 ) ) GLOBAL_UNIT_ASSIGNED_CONTEXT ( ( #6613, #520, #2026 ) ) REPRESENTATION_CONTEXT ( 'NONE', 'WORKASPACE' ) );
#1122 = FILL_AREA_STYLE ('',( #1024 ) ) ;
#1123 = DIRECTION ( 'NONE',  ( -0.0000000000000000000, 0.0000000000000000000, 1.000000000000000000 ) ) ;
#1124 = CARTESIAN_POINT ( 'NONE',  ( 7.304560580702231600, 4.509999999999998900, -2.140340706822321700 ) ) ;
#1125 = LINE ( 'NONE', #8106, #6994 ) ;
#1126 = CARTESIAN_POINT ( 'NONE',  ( 2.232178680845924700, 4.509999999999998900, -2.659899904680231900 ) ) ;
#1127 = B_SPLINE_CURVE_WITH_KNOTS ( 'NONE', 3,
 ( #201, #6226, #7912, #973, #2400, #236, #3179, #7809, #8514, #3217, #1747 ),
 .UNSPECIFIED., .F., .F.,
 ( 4, 1, 1, 1, 1, 1, 1, 1, 4 ),
 ( 0.0000000000000000000, 0.1436409104313115200, 0.2740735383166308900, 0.3888763523592640400, 0.4987022707778785400, 0.6085281891964924300, 0.7258537232309745200, 0.8536058418296561500, 0.9999999999999998900 ),
 .UNSPECIFIED. ) ;
#1128 = FACE_OUTER_BOUND ( 'NONE', #3736, .T. ) ;
#1129 =( GEOMETRIC_REPRESENTATION_CONTEXT ( 3 ) GLOBAL_UNCERTAINTY_ASSIGNED_CONTEXT ( ( #7582 ) ) GLOBAL_UNIT_ASSIGNED_CONTEXT ( ( #8196, #1271, #3586 ) ) REPRESENTATION_CONTEXT ( 'NONE', 'WORKASPACE' ) );
#1130 =( LENGTH_UNIT ( ) NAMED_UNIT ( * ) SI_UNIT ( .MILLI., .METRE. ) );
#1131 = CARTESIAN_POINT ( 'NONE',  ( 0.7672048675490761300, 4.509999999999999800, -0.9178641005960710400 ) ) ;
#1132 = ORIENTED_EDGE ( 'NONE', *, *, #4134, .F. ) ;
#1133 = PRESENTATION_LAYER_ASSIGNMENT (  '', '', ( #6444 ) ) ;
#1134 = ORIENTED_EDGE ( 'NONE', *, *, #3540, .F. ) ;
#1135 = CARTESIAN_POINT ( 'NONE',  ( 2.697657345998461400, 4.500000000000000900, -1.233771974234883200 ) ) ;
#1136 = CARTESIAN_POINT ( 'NONE',  ( 3.931070005967894700, 4.500000000000000000, -1.394877627909634900 ) ) ;
#1137 =( NAMED_UNIT ( * ) PLANE_ANGLE_UNIT ( ) SI_UNIT ( $, .RADIAN. ) );
#1138 = SURFACE_STYLE_FILL_AREA ( #7703 ) ;
#1139 = CARTESIAN_POINT ( 'NONE',  ( 5.131565891165528200, 4.510000000000001600, -2.387115135631041200 ) ) ;
#1140 = CARTESIAN_POINT ( 'NONE',  ( 4.955179268973211900, 4.509999999999999800, -2.736630341376733000 ) ) ;
#1141 = ORIENTED_EDGE ( 'NONE', *, *, #4176, .F. ) ;
#1142 = CARTESIAN_POINT ( 'NONE',  ( 2.256303769066220000, 4.500000000000000000, -2.671665683638638100 ) ) ;
#1143 = FILL_AREA_STYLE ('',( #2575 ) ) ;
#1144 = B_SPLINE_CURVE_WITH_KNOTS ( 'NONE', 3,
 ( #8027, #9593, #7395, #3545, #7322, #8795, #8830, #8059, #4305, #9632, #8897 ),
 .UNSPECIFIED., .F., .F.,
 ( 4, 1, 1, 1, 1, 1, 1, 1, 4 ),
 ( 0.0000000000000000000, 0.1463941581703436000, 0.2741462767690282000, 0.3914718108035074000, 0.5012977292221242300, 0.6111236476407382300, 0.7259264616833687200, 0.8563590895686891100, 1.000000000000000000 ),
 .UNSPECIFIED. ) ;
#1145 = CARTESIAN_POINT ( 'NONE',  ( 4.545148840453299100, 4.500000000000000000, -2.311040072749954300 ) ) ;
#1146 = STYLED_ITEM ( 'NONE', ( #2900 ), #5807 ) ;
#1147 = SURFACE_SIDE_STYLE ('',( #6201 ) ) ;
#1148 = CARTESIAN_POINT ( 'NONE',  ( 6.613402157738094400, 4.500000000000000900, -1.361409742883430000 ) ) ;
#1149 = ADVANCED_FACE ( 'NONE', ( #4337 ), #3655, .T. ) ;
#1150 = ORIENTED_EDGE ( 'NONE', *, *, #5048, .F. ) ;
#1151 = FILL_AREA_STYLE ('',( #5043 ) ) ;
#1152 = COLOUR_RGB ( '',1.000000000000000000, 1.000000000000000000, 1.000000000000000000 ) ;
#1153 = DIRECTION ( 'NONE',  ( -2.168404344971008900E-016, 0.0000000000000000000, -1.000000000000000000 ) ) ;
#1154 = B_SPLINE_SURFACE_WITH_KNOTS ( 'NONE', 3, 1, ( 
 ( #5035, #6696 ),
 ( #5901, #5870 ),
 ( #2004, #9704 ),
 ( #5803, #498 ),
 ( #3558, #3488 ),
 ( #3525, #5835 ),
 ( #1967, #6658 ),
 ( #8873, #1314 ),
 ( #1243, #2774 ),
 ( #1351, #4241 ),
 ( #4998, #2069 ) ),
 .UNSPECIFIED., .F., .F., .F.,
 ( 4, 1, 1, 1, 1, 1, 1, 1, 4 ),
 ( 2, 2 ),
 ( 0.0000000000000000000, 0.1463941581703432400, 0.2741462767690248100, 0.3914718108035067900, 0.5012977292221224600, 0.6111236476407392300, 0.7259264616833669400, 0.8563590895686886700, 1.000000000000000000 ),
 ( 0.0000000000000000000, 1.000000000000000000 ),
 .UNSPECIFIED. ) ;
#1155 = EDGE_CURVE ( 'NONE', #6138, #437, #1730, .T. ) ;
#1156 = CARTESIAN_POINT ( 'NONE',  ( 1.767754159272205500, 4.510000000000000700, -2.652894624883067800 ) ) ;
#1157 = CARTESIAN_POINT ( 'NONE',  ( 6.444494047619048000, 4.509999999999999800, -2.376888549152031100 ) ) ;
#1158 = LINE ( 'NONE', #2891, #1755 ) ;
#1159 = CARTESIAN_POINT ( 'NONE',  ( 5.522650524279219700, 4.510000000000000700, -2.367767981338249100 ) ) ;
#1160 = ORIENTED_EDGE ( 'NONE', *, *, #5325, .T. ) ;
#1161 = ADVANCED_FACE ( 'NONE', ( #3130 ), #548, .F. ) ;
#1162 = ORIENTED_EDGE ( 'NONE', *, *, #2671, .F. ) ;
#1163 = CARTESIAN_POINT ( 'NONE',  ( 5.069771420688033100, 4.500000000000001800, -2.198146564422811100 ) ) ;
#1164 = CARTESIAN_POINT ( 'NONE',  ( 4.549556187220980900, 4.509999999999999800, -2.315984182522566700 ) ) ;
#1165 = CARTESIAN_POINT ( 'NONE',  ( 0.0000000000000000000, -0.01000000000000002600, 0.0000000000000000000 ) ) ;
#1166 = CARTESIAN_POINT ( 'NONE',  ( 2.022636044890848700, 4.509999999999998900, -1.117325397685895700 ) ) ;
#1167 = COLOUR_RGB ( '',1.000000000000000000, 1.000000000000000000, 1.000000000000000000 ) ;
#1168 = CARTESIAN_POINT ( 'NONE',  ( 2.989592343284969400, 4.500000000000000900, -2.190927216376733300 ) ) ;
#1169 = ORIENTED_EDGE ( 'NONE', *, *, #9752, .F. ) ;
#1170 = CARTESIAN_POINT ( 'NONE',  ( 2.539870738342456100, 4.500000000000001800, -1.062550923998353500 ) ) ;
#1171 = CARTESIAN_POINT ( 'NONE',  ( 0.0000000000000000000, 4.500000000000000900, 0.0000000000000000000 ) ) ;
#1172 = CARTESIAN_POINT ( 'NONE',  ( 1.860000000000003700, 1.740000000000000000, 5.999999999999984000 ) ) ;
#1173 = DIRECTION ( 'NONE',  ( 1.000000000000000000, 0.0000000000000000000, 0.0000000000000000000 ) ) ;
#1174 = DIRECTION ( 'NONE',  ( 0.6719155422155838100, 0.0000000000000000000, -0.7406277770440006200 ) ) ;
#1175 = ORIENTED_EDGE ( 'NONE', *, *, #3343, .T. ) ;
#1176 = CARTESIAN_POINT ( 'NONE',  ( 5.951661532622963200, 4.510000000000001600, -2.537391382096842600 ) ) ;
#1177 = DIRECTION ( 'NONE',  ( -0.0000000000000000000, -1.000000000000000000, -0.0000000000000000000 ) ) ;
#1178 = CARTESIAN_POINT ( 'NONE',  ( 1.660253034319195900, 4.500000000000000900, -1.373590616209322800 ) ) ;
#1179 = LINE ( 'NONE', #3031, #9518 ) ;
#1180 = EDGE_CURVE ( 'NONE', #1028, #3289, #1354, .T. ) ;
#1181 = CARTESIAN_POINT ( 'NONE',  ( 8.000000000000000000, 1.000000000000000000, -13.00000000000000000 ) ) ;
#1182 =( LENGTH_UNIT ( ) NAMED_UNIT ( * ) SI_UNIT ( .MILLI., .METRE. ) );
#1183 = CARTESIAN_POINT ( 'NONE',  ( 2.256303769066220000, 4.509999999999999800, -2.671665683638638100 ) ) ;
#1184 = ORIENTED_EDGE ( 'NONE', *, *, #9095, .T. ) ;
#1185 = VERTEX_POINT ( 'NONE', #7493 ) ;
#1186 = DIRECTION ( 'NONE',  ( 0.0000000000000000000, 0.0000000000000000000, -1.000000000000000000 ) ) ;
#1187 = CARTESIAN_POINT ( 'NONE',  ( 6.083222047940668500, 4.500000000000001800, -1.047963875669278400 ) ) ;
#1188 = B_SPLINE_CURVE_WITH_KNOTS ( 'NONE', 3,
 ( #1474, #5189, #6100, #7539, #6067, #635, #8285, #2166, #2292, #6032, #2942 ),
 .UNSPECIFIED., .F., .F.,
 ( 4, 1, 1, 1, 1, 1, 1, 1, 4 ),
 ( 0.0000000000000000000, 0.1436409104313118000, 0.2740735383166309500, 0.3888763523592589400, 0.4987022707778782100, 0.6085281891964922100, 0.7258537232309745200, 0.8536058418296563800, 1.000000000000000000 ),
 .UNSPECIFIED. ) ;
#1189 = CARTESIAN_POINT ( 'NONE',  ( 1.677306256975446000, 4.509999999999999800, -2.554729299710066600 ) ) ;
#1190 = B_SPLINE_SURFACE_WITH_KNOTS ( 'NONE', 3, 1, ( 
 ( #1764, #4230 ),
 ( #2518, #3294 ),
 ( #7324, #3477 ),
 ( #2797, #1234 ),
 ( #8797, #4307 ),
 ( #4068, #8094 ),
 ( #1198, #7125 ),
 ( #4948, #3547 ),
 ( #6548, #5088 ),
 ( #8060, #1956 ),
 ( #5021, #9563 ) ),
 .UNSPECIFIED., .F., .F., .F.,
 ( 4, 1, 1, 1, 1, 1, 1, 1, 4 ),
 ( 2, 2 ),
 ( 0.0000000000000000000, 0.1776927533761879800, 0.3331757883253078600, 0.4686890906939400500, 0.5870354530938758400, 0.6917121057556598900, 0.7907207944305284500, 0.8911850616761289900, 1.000000000000000000 ),
 ( 0.0000000000000000000, 1.000000000000000000 ),
 .UNSPECIFIED. ) ;
#1191 = EDGE_CURVE ( 'NONE', #591, #5487, #5013, .T. ) ;
#1192 = CARTESIAN_POINT ( 'NONE',  ( 6.927305504385429900, 4.500000000000002700, -1.179745950487461700 ) ) ;
#1193 = CARTESIAN_POINT ( 'NONE',  ( 2.170000672280910400, 4.509999999999998900, -0.9197359687119122100 ) ) ;
#1194 = CARTESIAN_POINT ( 'NONE',  ( 7.273045327373640000, 4.509999999999999800, -1.961135697238186600 ) ) ;
#1195 = SURFACE_STYLE_USAGE ( .BOTH. , #2665 ) ;
#1196 = CARTESIAN_POINT ( 'NONE',  ( 2.434797348500443000E-015, 0.0000000000000000000, -5.999999999999998200 ) ) ;
#1197 = FILL_AREA_STYLE ('',( #1890 ) ) ;
#1198 = CARTESIAN_POINT ( 'NONE',  ( 7.254418070401730900, 4.509999999999999800, -2.518352813666370400 ) ) ;
#1199 = CARTESIAN_POINT ( 'NONE',  ( 6.261950935808385100, 4.509999999999999800, -2.387115135631040700 ) ) ;
#1200 = AXIS2_PLACEMENT_3D ( 'NONE', #8198, #7436, #564 ) ;
#1201 = ORIENTED_EDGE ( 'NONE', *, *, #9635, .F. ) ;
#1202 = CARTESIAN_POINT ( 'NONE',  ( 6.674009598991005100, 4.510000000000001600, -1.135731047707683600 ) ) ;
#1203 = LINE ( 'NONE', #5769, #2641 ) ;
#1204 =( NAMED_UNIT ( * ) PLANE_ANGLE_UNIT ( ) SI_UNIT ( $, .RADIAN. ) );
#1205 = PRESENTATION_LAYER_ASSIGNMENT (  '', '', ( #1898 ) ) ;
#1206 = CARTESIAN_POINT ( 'NONE',  ( 2.507229759579612200, 4.500000000000000900, -1.284264211819442100 ) ) ;
#1207 = CARTESIAN_POINT ( 'NONE',  ( 1.716490145086259100, 4.509999999999998900, -2.731616860193339000 ) ) ;
#1208 = B_SPLINE_SURFACE_WITH_KNOTS ( 'NONE', 3, 1, ( 
 ( #8354, #5190 ),
 ( #6854, #2133 ),
 ( #2197, #7505 ),
 ( #6033, #3011 ),
 ( #6753, #7473 ),
 ( #2944, #6819 ),
 ( #8260, #3787 ) ),
 .UNSPECIFIED., .F., .F., .F.,
 ( 4, 1, 1, 1, 4 ),
 ( 2, 2 ),
 ( 0.0000000000000000000, 0.2624670020482052200, 0.5140900817909941400, 0.7586526751574572700, 0.9999999999999998900 ),
 ( 0.0000000000000000000, 1.000000000000000000 ),
 .UNSPECIFIED. ) ;
#1209 = CARTESIAN_POINT ( 'NONE',  ( 1.091000220889136700, 4.509999999999999800, -2.554729299710066600 ) ) ;
#1210 = CARTESIAN_POINT ( 'NONE',  ( 2.507229759579612200, 4.500000000000000900, -1.284264211819442100 ) ) ;
#1211 = VECTOR ( 'NONE', #1174, 1000.000000000000100 ) ;
#1212 = ADVANCED_FACE ( 'NONE', ( #1100 ), #331, .T. ) ;
#1213 = EDGE_LOOP ( 'NONE', ( #4741, #678, #6193, #2043, #1515, #936 ) ) ;
#1214 = DIRECTION ( 'NONE',  ( -0.0000000000000000000, -1.000000000000000000, -0.0000000000000000000 ) ) ;
#1215 = CARTESIAN_POINT ( 'NONE',  ( 4.034006142813955100, 4.509999999999999800, -0.9693535411242261100 ) ) ;
#1216 = CARTESIAN_POINT ( 'NONE',  ( 5.094633847982404300, 4.510000000000000700, -2.712692906538341800 ) ) ;
#1217 = STYLED_ITEM ( 'NONE', ( #2590 ), #9662 ) ;
#1218 = EDGE_CURVE ( 'NONE', #6715, #679, #3022, .T. ) ;
#1219 = FILL_AREA_STYLE_COLOUR ( '', #3198 ) ;
#1220 = PRESENTATION_LAYER_ASSIGNMENT (  '', '', ( #9195 ) ) ;
#1221 = FACE_OUTER_BOUND ( 'NONE', #5466, .T. ) ;
#1222 = ORIENTED_EDGE ( 'NONE', *, *, #3343, .F. ) ;
#1223 = CARTESIAN_POINT ( 'NONE',  ( 8.000000000000000000, -0.01000000000000002600, 0.0000000000000000000 ) ) ;
#1224 =( NAMED_UNIT ( * ) PLANE_ANGLE_UNIT ( ) SI_UNIT ( $, .RADIAN. ) );
#1225 = CARTESIAN_POINT ( 'NONE',  ( 1.716490145086259100, 4.500000000000000000, -2.731616860193339000 ) ) ;
#1226 = CARTESIAN_POINT ( 'NONE',  ( 6.904804922304339100, 4.500000000000000000, -1.158731753200549000 ) ) ;
#1227 = CARTESIAN_POINT ( 'NONE',  ( 0.6548310468323983400, 4.500000000000000000, -2.685073250669277400 ) ) ;
#1228 = SURFACE_STYLE_FILL_AREA ( #2085 ) ;
#1229 = CARTESIAN_POINT ( 'NONE',  ( 4.790952842626757600, 4.510000000000000700, -2.523427915377506500 ) ) ;
#1230 = CARTESIAN_POINT ( 'NONE',  ( 5.105059730956707400, 4.500000000000000900, -2.257470553048837900 ) ) ;
#1231 = VERTEX_POINT ( 'NONE', #9425 ) ;
#1232 = DIRECTION ( 'NONE',  ( 1.000000000000000000, 0.0000000000000000000, 0.0000000000000000000 ) ) ;
#1233 = CARTESIAN_POINT ( 'NONE',  ( 0.6874002827342231600, 4.509999999999999800, -0.9727401325866915600 ) ) ;
#1234 = CARTESIAN_POINT ( 'NONE',  ( 7.306847044677363500, 4.500000000000001800, -2.405307998898009300 ) ) ;
#1235 = EDGE_CURVE ( 'NONE', #3520, #4130, #6848, .T. ) ;
#1236 = SURFACE_STYLE_FILL_AREA ( #6211 ) ;
#1237 = CARTESIAN_POINT ( 'NONE',  ( 2.402880278087797400, 4.500000000000000900, -0.9838026697807514800 ) ) ;
#1238 = ORIENTED_EDGE ( 'NONE', *, *, #1498, .T. ) ;
#1239 =( LENGTH_UNIT ( ) NAMED_UNIT ( * ) SI_UNIT ( .MILLI., .METRE. ) );
#1240 = FILL_AREA_STYLE ('',( #1310 ) ) ;
#1241 = ORIENTED_EDGE ( 'NONE', *, *, #1235, .T. ) ;
#1242 = DIRECTION ( 'NONE',  ( 1.000000000000000000, -0.0000000000000000000, -0.0000000000000000000 ) ) ;
#1243 = CARTESIAN_POINT ( 'NONE',  ( 3.083527346295568300, 4.509999999999998900, -1.540904330792368400 ) ) ;
#1244 = PRESENTATION_LAYER_ASSIGNMENT (  '', '', ( #8104 ) ) ;
#1245 = CARTESIAN_POINT ( 'NONE',  ( 2.805942660086324600, 4.500000000000000900, -2.354669121904356700 ) ) ;
#1246 = CARTESIAN_POINT ( 'NONE',  ( 2.607112920851933700, 4.509999999999999800, -1.463323049710066900 ) ) ;
#1247 = CARTESIAN_POINT ( 'NONE',  ( 0.7197324051378272100, 4.500000000000000000, -2.555803424821898600 ) ) ;
#1248 =( NAMED_UNIT ( * ) SI_UNIT ( $, .STERADIAN. ) SOLID_ANGLE_UNIT ( ) );
#1249 = UNCERTAINTY_MEASURE_WITH_UNIT (LENGTH_MEASURE( 1.000000000000000100E-005 ), #5378, 'distance_accuracy_value', 'NONE');
#1250 = COLOUR_RGB ( '',1.000000000000000000, 1.000000000000000000, 1.000000000000000000 ) ;
#1251 = CARTESIAN_POINT ( 'NONE',  ( 7.288043588670111800, 4.500000000000000900, -1.420942306409518100 ) ) ;
#1252 = VERTEX_POINT ( 'NONE', #347 ) ;
#1253 = ADVANCED_FACE ( 'NONE', ( #8174 ), #1856, .F. ) ;
#1254 = EDGE_CURVE ( 'NONE', #8798, #6423, #9111, .T. ) ;
#1255 = VECTOR ( 'NONE', #3977, 1000.000000000000000 ) ;
#1256 = CARTESIAN_POINT ( 'NONE',  ( 4.922659744861180200, 4.500000000000000900, -0.9299409107028423500 ) ) ;
#1257 = CARTESIAN_POINT ( 'NONE',  ( 1.278585670107886800, 4.509999999999999800, -2.554729299710066600 ) ) ;
#1258 = SURFACE_STYLE_FILL_AREA ( #3619 ) ;
#1259 = B_SPLINE_SURFACE_WITH_KNOTS ( 'NONE', 3, 1, ( 
 ( #3657, #9090 ),
 ( #3006, #9188 ),
 ( #2192, #4524 ),
 ( #2975, #8316 ),
 ( #7635, #3783 ),
 ( #7695, #6880 ),
 ( #9870, #4581 ) ),
 .UNSPECIFIED., .F., .F., .F.,
 ( 4, 1, 1, 1, 4 ),
 ( 2, 2 ),
 ( 0.0000000000000000000, 0.2483179281435889700, 0.4947167839755677900, 0.7439842376202714400, 1.000000000000000000 ),
 ( 0.0000000000000000000, 1.000000000000000000 ),
 .UNSPECIFIED. ) ;
#1260 = CARTESIAN_POINT ( 'NONE',  ( 1.767754159272205500, 4.500000000000001800, -2.652894624883067800 ) ) ;
#1261 = ORIENTED_EDGE ( 'NONE', *, *, #5695, .T. ) ;
#1262 =( LENGTH_UNIT ( ) NAMED_UNIT ( * ) SI_UNIT ( .MILLI., .METRE. ) );
#1263 = CARTESIAN_POINT ( 'NONE',  ( 6.262295226800813600, 4.500000000000000900, -2.363467509424859600 ) ) ;
#1264 = ADVANCED_FACE ( 'NONE', ( #1579 ), #3707, .T. ) ;
#1265 = FILL_AREA_STYLE ('',( #3441 ) ) ;
#1266 = AXIS2_PLACEMENT_3D ( 'NONE', #6311, #3922, #2363 ) ;
#1267 = CARTESIAN_POINT ( 'NONE',  ( 1.826674513549134200, 4.499999999999998200, -1.022090510178135700 ) ) ;
#1268 = DIRECTION ( 'NONE',  ( 0.0000000000000000000, -0.0000000000000000000, 1.000000000000000000 ) ) ;
#1269 = CARTESIAN_POINT ( 'NONE',  ( 0.7086928088873689600, 4.500000000000000900, -0.9440210245221388700 ) ) ;
#1270 = PLANE ( 'NONE',  #6122 ) ;
#1271 =( NAMED_UNIT ( * ) PLANE_ANGLE_UNIT ( ) SI_UNIT ( $, .RADIAN. ) );
#1272 = VERTEX_POINT ( 'NONE', #6245 ) ;
#1273 = COLOUR_RGB ( '',0.8980392156862745400, 0.8980392156862745400, 0.8980392156862745400 ) ;
#1274 = CARTESIAN_POINT ( 'NONE',  ( 3.920833815567017900, 4.500000000000000900, -1.381734156276819100 ) ) ;
#1275 = CARTESIAN_POINT ( 'NONE',  ( 0.6853771391369045700, 4.509999999999999800, -1.033338221306048900 ) ) ;
#1276 = CARTESIAN_POINT ( 'NONE',  ( 6.994060967817847400, 4.509999999999998900, -1.263274262161944600 ) ) ;
#1277 = LINE ( 'NONE', #1084, #4142 ) ;
#1278 = STYLED_ITEM ( 'NONE', ( #6808 ), #8858 ) ;
#1279 = DIRECTION ( 'NONE',  ( 0.0000000000000000000, -1.000000000000000000, 4.336808689942025100E-016 ) ) ;
#1280 =( NAMED_UNIT ( * ) SI_UNIT ( $, .STERADIAN. ) SOLID_ANGLE_UNIT ( ) );
#1281 = CARTESIAN_POINT ( 'NONE',  ( 2.334950139564993400, 4.500000000000000900, -1.144965900719250300 ) ) ;
#1282 = CARTESIAN_POINT ( 'NONE',  ( 0.6546258531004134400, 4.500000000000002700, -2.606462916124225900 ) ) ;
#1283 = VERTEX_POINT ( 'NONE', #9228 ) ;
#1284 = ORIENTED_EDGE ( 'NONE', *, *, #2174, .T. ) ;
#1285 = PRESENTATION_LAYER_ASSIGNMENT (  '', '', ( #9453 ) ) ;
#1286 = SURFACE_STYLE_FILL_AREA ( #1556 ) ;
#1287 = CARTESIAN_POINT ( 'NONE',  ( 7.494626104497546000, 4.500000000000000900, -2.187051903601893200 ) ) ;
#1288 = VERTEX_POINT ( 'NONE', #7673 ) ;
#1289 = COLOUR_RGB ( '',1.000000000000000000, 1.000000000000000000, 1.000000000000000000 ) ;
#1290 = SURFACE_STYLE_USAGE ( .BOTH. , #509 ) ;
#1291 = VECTOR ( 'NONE', #4870, 1000.000000000000000 ) ;
#1292 = ORIENTED_EDGE ( 'NONE', *, *, #6797, .F. ) ;
#1293 = CARTESIAN_POINT ( 'NONE',  ( 4.647003173828124100, 4.510000000000000700, -2.655424519204114800 ) ) ;
#1294 = FACE_OUTER_BOUND ( 'NONE', #5882, .T. ) ;
#1295 = CARTESIAN_POINT ( 'NONE',  ( 0.6817237882693676400, 4.500000000000002700, -1.019569906025255000 ) ) ;
#1296 = CARTESIAN_POINT ( 'NONE',  ( 6.404322768094668400, 4.500000000000001800, -2.191770001969794500 ) ) ;
#1297 = EDGE_CURVE ( 'NONE', #3369, #9155, #3710, .T. ) ;
#1298 = CARTESIAN_POINT ( 'NONE',  ( 6.904804922304339100, 4.509999999999999800, -1.158731753200549000 ) ) ;
#1299 = FILL_AREA_STYLE_COLOUR ( '', #6143 ) ;
#1300 = CARTESIAN_POINT ( 'NONE',  ( 7.432574108697063600, 4.509999999999999800, -1.825608485414910400 ) ) ;
#1301 =( NAMED_UNIT ( * ) SI_UNIT ( $, .STERADIAN. ) SOLID_ANGLE_UNIT ( ) );
#1302 = CARTESIAN_POINT ( 'NONE',  ( 0.7100000000000031800, 2.490000000000000200, 1.999999999999984500 ) ) ;
#1303 = CARTESIAN_POINT ( 'NONE',  ( 5.922001299050817700, 4.500000000000001800, -2.718016784549997400 ) ) ;
#1304 = ORIENTED_EDGE ( 'NONE', *, *, #2527, .F. ) ;
#1305 = ADVANCED_FACE ( 'NONE', ( #4325, #5024 ), #24, .F. ) ;
#1306 = VERTEX_POINT ( 'NONE', #92 ) ;
#1307 = CARTESIAN_POINT ( 'NONE',  ( 3.250000000000003100, 2.990000000000000200, 5.799999999999983800 ) ) ;
#1308 = PRESENTATION_STYLE_ASSIGNMENT (( #1619 ) ) ;
#1309 = B_SPLINE_CURVE_WITH_KNOTS ( 'NONE', 3,
 ( #5462, #6995, #157, #8478, #897, #6247, #9335 ),
 .UNSPECIFIED., .F., .F.,
 ( 4, 1, 1, 1, 4 ),
 ( 0.0000000000000000000, 0.2589140960132628700, 0.5002977096673197900, 0.7469838535467474600, 1.000000000000000000 ),
 .UNSPECIFIED. ) ;
#1310 = FILL_AREA_STYLE_COLOUR ( '', #7732 ) ;
#1311 = VECTOR ( 'NONE', #6528, 1000.000000000000000 ) ;
#1312 = CARTESIAN_POINT ( 'NONE',  ( 2.170000672280910400, 4.509999999999998900, -0.9197359687119122100 ) ) ;
#1313 = VECTOR ( 'NONE', #5284, 1000.000000000000000 ) ;
#1314 = CARTESIAN_POINT ( 'NONE',  ( 3.064908664437548900, 4.500000000000001800, -1.536267157812387900 ) ) ;
#1315 = CARTESIAN_POINT ( 'NONE',  ( 1.671215820312499800, 4.500000000000001800, -1.463323049710067100 ) ) ;
#1316 = CARTESIAN_POINT ( 'NONE',  ( 4.029413241663991800, 4.500000000000000000, -0.9880149556987065700 ) ) ;
#1317 = EDGE_CURVE ( 'NONE', #5582, #1481, #5988, .T. ) ;
#1318 = ORIENTED_EDGE ( 'NONE', *, *, #3561, .T. ) ;
#1319 = CARTESIAN_POINT ( 'NONE',  ( 4.325022088913688600, 4.509999999999999800, -1.099520966376733600 ) ) ;
#1320 = ADVANCED_FACE ( 'NONE', ( #4205 ), #9919, .F. ) ;
#1321 = FACE_OUTER_BOUND ( 'NONE', #2458, .T. ) ;
#1322 = CARTESIAN_POINT ( 'NONE',  ( 5.619490106185794300, 4.500000000000001800, -2.283473480323946300 ) ) ;
#1323 = VECTOR ( 'NONE', #6804, 1000.000000000000000 ) ;
#1324 = UNCERTAINTY_MEASURE_WITH_UNIT (LENGTH_MEASURE( 1.000000000000000100E-005 ), #3936, 'distance_accuracy_value', 'NONE');
#1325 = CARTESIAN_POINT ( 'NONE',  ( 4.112522992075698300, 4.500000000000000900, -0.9179899795546515600 ) ) ;
#1326 = LINE ( 'NONE', #1093, #716 ) ;
#1327 = CARTESIAN_POINT ( 'NONE',  ( 5.564194921155187300, 4.510000000000000700, -2.456597176201947600 ) ) ;
#1328 = CARTESIAN_POINT ( 'NONE',  ( 4.587949376973981000, 4.500000000000002700, -2.615302963122012200 ) ) ;
#1329 = CIRCLE ( 'NONE', #8006, 0.7499999999999997800 ) ;
#1330 = CARTESIAN_POINT ( 'NONE',  ( 7.294474995601098600, 4.509999999999998900, -2.450918514583357900 ) ) ;
#1331 = MECHANICAL_DESIGN_GEOMETRIC_PRESENTATION_REPRESENTATION (  '', ( #8125 ), #9106 ) ;
#1332 = EDGE_CURVE ( 'NONE', #8184, #9415, #8398, .T. ) ;
#1333 = CARTESIAN_POINT ( 'NONE',  ( 1.697871463228240300, 4.500000000000001800, -2.736254033173320700 ) ) ;
#1334 = FACE_OUTER_BOUND ( 'NONE', #6060, .T. ) ;
#1335 = CARTESIAN_POINT ( 'NONE',  ( 5.312061128311760200, 4.510000000000000700, -2.425691587641274800 ) ) ;
#1336 = EDGE_LOOP ( 'NONE', ( #9408, #5072, #3252, #1700 ) ) ;
#1337 = CARTESIAN_POINT ( 'NONE',  ( 6.994060967817847400, 4.500000000000000000, -1.263274262161944600 ) ) ;
#1338 = CARTESIAN_POINT ( 'NONE',  ( 2.628638946442686500, 4.500000000000000900, -2.734739648597106500 ) ) ;
#1339 = CARTESIAN_POINT ( 'NONE',  ( 4.923816581130675600, 4.500000000000000900, -2.554258305700128700 ) ) ;
#1340 = PLANE ( 'NONE',  #5197 ) ;
#1341 = PRESENTATION_STYLE_ASSIGNMENT (( #9607 ) ) ;
#1342 =( GEOMETRIC_REPRESENTATION_CONTEXT ( 3 ) GLOBAL_UNCERTAINTY_ASSIGNED_CONTEXT ( ( #7822 ) ) GLOBAL_UNIT_ASSIGNED_CONTEXT ( ( #468, #3626, #1280 ) ) REPRESENTATION_CONTEXT ( 'NONE', 'WORKASPACE' ) );
#1343 = VECTOR ( 'NONE', #4927, 1000.000000000000000 ) ;
#1344 = MECHANICAL_DESIGN_GEOMETRIC_PRESENTATION_REPRESENTATION (  '', ( #1523 ), #5615 ) ;
#1345 = VERTEX_POINT ( 'NONE', #1636 ) ;
#1346 = CARTESIAN_POINT ( 'NONE',  ( 5.790000000000003600, 2.490000000000000200, 5.799999999999983800 ) ) ;
#1347 =( GEOMETRIC_REPRESENTATION_CONTEXT ( 3 ) GLOBAL_UNCERTAINTY_ASSIGNED_CONTEXT ( ( #1601 ) ) GLOBAL_UNIT_ASSIGNED_CONTEXT ( ( #3885, #127, #8443 ) ) REPRESENTATION_CONTEXT ( 'NONE', 'WORKASPACE' ) );
#1348 = CARTESIAN_POINT ( 'NONE',  ( 1.660698513997386900, 4.510000000000000700, -1.389217441582025800 ) ) ;
#1349 = CARTESIAN_POINT ( 'NONE',  ( 2.813734214370416300, 4.509999999999998900, -2.264486386593719000 ) ) ;
#1350 = B_SPLINE_SURFACE_WITH_KNOTS ( 'NONE', 3, 1, ( 
 ( #4615, #8412 ),
 ( #8439, #1632 ),
 ( #2319, #1664 ),
 ( #4650, #6243 ),
 ( #54, #2358 ),
 ( #6273, #9158 ),
 ( #4584, #7024 ),
 ( #2386, #153 ),
 ( #3165, #796 ),
 ( #3883, #8503 ),
 ( #8538, #3982 ),
 ( #1696, #7063 ),
 ( #6140, #20 ),
 ( #4882, #8633 ),
 ( #7165, #7195 ) ),
 .UNSPECIFIED., .F., .F., .F.,
 ( 4, 1, 1, 1, 1, 1, 1, 1, 1, 1, 1, 1, 4 ),
 ( 2, 2 ),
 ( 0.0000000000000000000, 0.06637750549574722400, 0.1306191492589933400, 0.1923178888169102300, 0.2529437596923494500, 0.3126712166365245800, 0.3726675467376794300, 0.4335447669146608200, 0.4958624727019646500, 0.6203322117168669200, 0.7426345346008282900, 0.8678151099651970600, 1.000000000000000000 ),
 ( 0.0000000000000000000, 1.000000000000000000 ),
 .UNSPECIFIED. ) ;
#1351 = CARTESIAN_POINT ( 'NONE',  ( 3.097020724034378300, 4.509999999999999800, -1.541151236593966100 ) ) ;
#1352 = CARTESIAN_POINT ( 'NONE',  ( 2.704894396522657300, 4.500000000000002700, -2.499356146188890000 ) ) ;
#1353 = CARTESIAN_POINT ( 'NONE',  ( 2.569799469359218300, 4.510000000000000700, -1.370576857338734200 ) ) ;
#1354 = LINE ( 'NONE', #8188, #9089 ) ;
#1355 = ORIENTED_EDGE ( 'NONE', *, *, #645, .T. ) ;
#1356 = CARTESIAN_POINT ( 'NONE',  ( 4.040905556718115600, 4.500000000000001800, -0.9531179552905874000 ) ) ;
#1357 = FACE_OUTER_BOUND ( 'NONE', #9526, .T. ) ;
#1358 = ADVANCED_FACE ( 'NONE', ( #2281 ), #4775, .F. ) ;
#1359 = SURFACE_STYLE_USAGE ( .BOTH. , #9713 ) ;
#1360 = EDGE_CURVE ( 'NONE', #2282, #2242, #731, .T. ) ;
#1361 = CARTESIAN_POINT ( 'NONE',  ( 5.768794885638572000, 4.500000000000000900, -2.411986976220042300 ) ) ;
#1362 = CARTESIAN_POINT ( 'NONE',  ( 2.031082887560073900, 4.500000000000001800, -0.9202807657884671800 ) ) ;
#1363 =( GEOMETRIC_REPRESENTATION_CONTEXT ( 3 ) GLOBAL_UNCERTAINTY_ASSIGNED_CONTEXT ( ( #4607 ) ) GLOBAL_UNIT_ASSIGNED_CONTEXT ( ( #4128, #6633, #2051 ) ) REPRESENTATION_CONTEXT ( 'NONE', 'WORKASPACE' ) );
#1364 = VERTEX_POINT ( 'NONE', #2459 ) ;
#1365 = CARTESIAN_POINT ( 'NONE',  ( 4.750000000000004400, 2.490000000000000200, 1.999999999999984500 ) ) ;
#1366 = ORIENTED_EDGE ( 'NONE', *, *, #62, .T. ) ;
#1367 = DIRECTION ( 'NONE',  ( 1.000000000000000000, 0.0000000000000000000, 2.168404344971008900E-016 ) ) ;
#1368 = SURFACE_SIDE_STYLE ('',( #1228 ) ) ;
#1369 =( NAMED_UNIT ( * ) SI_UNIT ( $, .STERADIAN. ) SOLID_ANGLE_UNIT ( ) );
#1370 = UNCERTAINTY_MEASURE_WITH_UNIT (LENGTH_MEASURE( 1.000000000000000100E-005 ), #6838, 'distance_accuracy_value', 'NONE');
#1371 = ADVANCED_FACE ( 'NONE', ( #1462 ), #363, .T. ) ;
#1372 =( LENGTH_UNIT ( ) NAMED_UNIT ( * ) SI_UNIT ( .MILLI., .METRE. ) );
#1373 = FILL_AREA_STYLE ('',( #8969 ) ) ;
#1374 = VERTEX_POINT ( 'NONE', #224 ) ;
#1375 = FILL_AREA_STYLE_COLOUR ( '', #849 ) ;
#1376 = CARTESIAN_POINT ( 'NONE',  ( 6.723842075892855900, 4.500000000000000900, -0.9176199247100669300 ) ) ;
#1377 = UNCERTAINTY_MEASURE_WITH_UNIT (LENGTH_MEASURE( 1.000000000000000100E-005 ), #665, 'distance_accuracy_value', 'NONE');
#1378 = CARTESIAN_POINT ( 'NONE',  ( 6.779900648758103700, 4.510000000000000700, -1.099838616856200700 ) ) ;
#1379 = VERTEX_POINT ( 'NONE', #6008 ) ;
#1380 = FILL_AREA_STYLE ('',( #1475 ) ) ;
#1381 = STYLED_ITEM ( 'NONE', ( #8849 ), #5958 ) ;
#1382 =( NAMED_UNIT ( * ) SI_UNIT ( $, .STERADIAN. ) SOLID_ANGLE_UNIT ( ) );
#1383 = COLOUR_RGB ( '',0.8980392156862745400, 0.8980392156862745400, 0.8980392156862745400 ) ;
#1384 = CARTESIAN_POINT ( 'NONE',  ( 7.496921502976189100, 4.500000000000000900, -2.294464639646822700 ) ) ;
#1385 = CARTESIAN_POINT ( 'NONE',  ( 2.086583600725445900, 4.500000000000000900, -0.9176199247100669300 ) ) ;
#1386 = ORIENTED_EDGE ( 'NONE', *, *, #773, .F. ) ;
#1387 = COLOUR_RGB ( '',1.000000000000000000, 1.000000000000000000, 1.000000000000000000 ) ;
#1388 = EDGE_CURVE ( 'NONE', #8792, #1767, #9193, .T. ) ;
#1389 = PRESENTATION_STYLE_ASSIGNMENT (( #3117 ) ) ;
#1390 = EDGE_LOOP ( 'NONE', ( #4159, #6870, #3215, #2418 ) ) ;
#1391 = CARTESIAN_POINT ( 'NONE',  ( 5.679941231863838700, 4.500000000000000900, -2.315984182522566700 ) ) ;
#1392 = UNCERTAINTY_MEASURE_WITH_UNIT (LENGTH_MEASURE( 1.000000000000000100E-005 ), #3422, 'distance_accuracy_value', 'NONE');
#1393 = SURFACE_SIDE_STYLE ('',( #1765 ) ) ;
#1394 = VECTOR ( 'NONE', #7106, 1000.000000000000000 ) ;
#1395 = CARTESIAN_POINT ( 'NONE',  ( 3.001143816869870300, 4.510000000000000700, -2.300220738961397300 ) ) ;
#1396 =( LENGTH_UNIT ( ) NAMED_UNIT ( * ) SI_UNIT ( .MILLI., .METRE. ) );
#1397 =( NAMED_UNIT ( * ) PLANE_ANGLE_UNIT ( ) SI_UNIT ( $, .RADIAN. ) );
#1398 = CARTESIAN_POINT ( 'NONE',  ( 2.324988204433651200, 4.509999999999997100, -2.509979398164091400 ) ) ;
#1399 = FACE_OUTER_BOUND ( 'NONE', #1658, .T. ) ;
#1400 = VERTEX_POINT ( 'NONE', #8234 ) ;
#1401 =( GEOMETRIC_REPRESENTATION_CONTEXT ( 3 ) GLOBAL_UNCERTAINTY_ASSIGNED_CONTEXT ( ( #7886 ) ) GLOBAL_UNIT_ASSIGNED_CONTEXT ( ( #4758, #2498, #4790 ) ) REPRESENTATION_CONTEXT ( 'NONE', 'WORKASPACE' ) );
#1402 = FILL_AREA_STYLE_COLOUR ( '', #4192 ) ;
#1403 = CARTESIAN_POINT ( 'NONE',  ( 5.660903384264000400, 4.500000000000000000, -2.564085325910710400 ) ) ;
#1404 = CARTESIAN_POINT ( 'NONE',  ( 4.392016892206099100, 4.509999999999999800, -2.373640316265126100 ) ) ;
#1405 = ORIENTED_EDGE ( 'NONE', *, *, #9365, .F. ) ;
#1406 =( GEOMETRIC_REPRESENTATION_CONTEXT ( 3 ) GLOBAL_UNCERTAINTY_ASSIGNED_CONTEXT ( ( #9734 ) ) GLOBAL_UNIT_ASSIGNED_CONTEXT ( ( #326, #392, #4859 ) ) REPRESENTATION_CONTEXT ( 'NONE', 'WORKASPACE' ) );
#1407 = ADVANCED_FACE ( 'NONE', ( #4651 ), #466, .T. ) ;
#1408 = CARTESIAN_POINT ( 'NONE',  ( 2.591746407299643500, 4.510000000000000700, -2.735993456962030100 ) ) ;
#1409 = PRESENTATION_STYLE_ASSIGNMENT (( #8367 ) ) ;
#1410 = ORIENTED_EDGE ( 'NONE', *, *, #8782, .F. ) ;
#1411 = ORIENTED_EDGE ( 'NONE', *, *, #6703, .F. ) ;
#1412 =( NAMED_UNIT ( * ) PLANE_ANGLE_UNIT ( ) SI_UNIT ( $, .RADIAN. ) );
#1413 = SURFACE_STYLE_FILL_AREA ( #4805 ) ;
#1414 = CARTESIAN_POINT ( 'NONE',  ( 6.764772752763770200, 4.509999999999998900, -0.9183166842544880900 ) ) ;
#1415 = CARTESIAN_POINT ( 'NONE',  ( 7.027567996916065600, 4.510000000000000700, -1.033271377414996000 ) ) ;
#1416 = FILL_AREA_STYLE_COLOUR ( '', #8025 ) ;
#1417 = CARTESIAN_POINT ( 'NONE',  ( 5.525794794994700600, 4.509999999999999800, -2.405548924280863000 ) ) ;
#1418 = STYLED_ITEM ( 'NONE', ( #1794 ), #2048 ) ;
#1419 = SURFACE_STYLE_FILL_AREA ( #3287 ) ;
#1420 = CARTESIAN_POINT ( 'NONE',  ( 2.660309844254544300, 4.500000000000001800, -2.524636747394925600 ) ) ;
#1421 = FILL_AREA_STYLE_COLOUR ( '', #1250 ) ;
#1422 = LINE ( 'NONE', #9561, #3334 ) ;
#1423 = ORIENTED_EDGE ( 'NONE', *, *, #8991, .T. ) ;
#1424 = CARTESIAN_POINT ( 'NONE',  ( 3.104092552548363100, 4.510000000000000700, -1.541280638995781400 ) ) ;
#1425 = CARTESIAN_POINT ( 'NONE',  ( 6.978459109115545000, 4.500000000000001800, -2.449962969077415000 ) ) ;
#1426 = DIRECTION ( 'NONE',  ( -0.7406277770440005100, 0.0000000000000000000, -0.6719155422155840300 ) ) ;
#1427 = LINE ( 'NONE', #6025, #5217 ) ;
#1428 = CARTESIAN_POINT ( 'NONE',  ( 7.168411742255258000, 4.509999999999998900, -2.554021032845542800 ) ) ;
#1429 = B_SPLINE_SURFACE_WITH_KNOTS ( 'NONE', 3, 1, ( 
 ( #6685, #2094 ),
 ( #6645, #624 ),
 ( #3582, #8931 ),
 ( #5961, #1403 ),
 ( #7528, #5993 ),
 ( #5862, #3721 ),
 ( #8898, #6744 ) ),
 .UNSPECIFIED., .F., .F., .F.,
 ( 4, 1, 1, 1, 4 ),
 ( 2, 2 ),
 ( 0.0000000000000000000, 0.2890735175389985700, 0.5515028090246375500, 0.7878253254373861500, 1.000000000000000000 ),
 ( 0.0000000000000000000, 1.000000000000000000 ),
 .UNSPECIFIED. ) ;
#1430 = PLANE ( 'NONE',  #4525 ) ;
#1431 = EDGE_CURVE ( 'NONE', #4177, #410, #3618, .T. ) ;
#1432 = ORIENTED_EDGE ( 'NONE', *, *, #7150, .F. ) ;
#1433 = CARTESIAN_POINT ( 'NONE',  ( 5.003643339350428900, 4.510000000000000700, -2.545027625353823100 ) ) ;
#1434 = ORIENTED_EDGE ( 'NONE', *, *, #4030, .T. ) ;
#1435 = UNCERTAINTY_MEASURE_WITH_UNIT (LENGTH_MEASURE( 1.000000000000000100E-005 ), #8255, 'distance_accuracy_value', 'NONE');
#1436 = FILL_AREA_STYLE_COLOUR ( '', #3360 ) ;
#1437 = DIRECTION ( 'NONE',  ( -1.000000000000000000, 0.0000000000000000000, 0.0000000000000000000 ) ) ;
#1438 = CARTESIAN_POINT ( 'NONE',  ( 4.897092457145723700, 4.500000000000000900, -2.554278226873297500 ) ) ;
#1439 = CARTESIAN_POINT ( 'NONE',  ( 1.767717884740021500, 4.500000000000000900, -2.638611333244233100 ) ) ;
#1440 = PRESENTATION_STYLE_ASSIGNMENT (( #7204 ) ) ;
#1441 = DIRECTION ( 'NONE',  ( 0.0000000000000000000, 1.000000000000000000, -0.0000000000000000000 ) ) ;
#1442 = CARTESIAN_POINT ( 'NONE',  ( 6.085564313616071500, 4.509999999999999800, -2.736630341376733000 ) ) ;
#1443 = CARTESIAN_POINT ( 'NONE',  ( 7.496921502976190000, 4.500000000000000900, -2.294464639646823100 ) ) ;
#1444 = SURFACE_STYLE_FILL_AREA ( #4447 ) ;
#1445 = B_SPLINE_CURVE_WITH_KNOTS ( 'NONE', 3,
 ( #4352, #3639, #4385, #6710, #5144, #1395, #2119 ),
 .UNSPECIFIED., .F., .F.,
 ( 4, 1, 1, 1, 4 ),
 ( 0.0000000000000000000, 0.2624670020482052200, 0.5140900817909941400, 0.7586526751574572700, 0.9999999999999998900 ),
 .UNSPECIFIED. ) ;
#1446 = CARTESIAN_POINT ( 'NONE',  ( 6.844660362302430000, 4.510000000000000700, -0.9332369150506474300 ) ) ;
#1447 = CARTESIAN_POINT ( 'NONE',  ( 5.164661820305040500, 4.500000000000000900, -2.026695946533231000 ) ) ;
#1448 = FILL_AREA_STYLE ('',( #9815 ) ) ;
#1449 = EDGE_CURVE ( 'NONE', #3865, #1185, #1054, .T. ) ;
#1450 = LINE ( 'NONE', #2513, #5846 ) ;
#1451 = EDGE_LOOP ( 'NONE', ( #7292, #6738, #6991, #992 ) ) ;
#1452 = CARTESIAN_POINT ( 'NONE',  ( 8.000000000000000000, 0.0000000000000000000, -6.000000000000008900 ) ) ;
#1453 = DIRECTION ( 'NONE',  ( -0.0000000000000000000, -1.000000000000000000, -0.0000000000000000000 ) ) ;
#1454 = LINE ( 'NONE', #7306, #960 ) ;
#1455 = CARTESIAN_POINT ( 'NONE',  ( 6.888779430108173500, 4.509999999999999800, -2.319159550889543700 ) ) ;
#1456 = VERTEX_POINT ( 'NONE', #209 ) ;
#1457 =( NAMED_UNIT ( * ) SI_UNIT ( $, .STERADIAN. ) SOLID_ANGLE_UNIT ( ) );
#1458 = PRESENTATION_LAYER_ASSIGNMENT (  '', '', ( #7489 ) ) ;
#1459 = MECHANICAL_DESIGN_GEOMETRIC_PRESENTATION_REPRESENTATION (  '', ( #6444 ), #2148 ) ;
#1460 = SURFACE_SIDE_STYLE ('',( #4527 ) ) ;
#1461 = CARTESIAN_POINT ( 'NONE',  ( 4.040905556718115600, 4.500000000000001800, -0.9531179552905874000 ) ) ;
#1462 = FACE_OUTER_BOUND ( 'NONE', #1535, .T. ) ;
#1463 = COLOUR_RGB ( '',1.000000000000000000, 1.000000000000000000, 1.000000000000000000 ) ;
#1464 = ORIENTED_EDGE ( 'NONE', *, *, #9581, .T. ) ;
#1465 = CARTESIAN_POINT ( 'NONE',  ( 5.292054705790944200, 4.500000000000000900, -2.237626218835655000 ) ) ;
#1466 = SURFACE_SIDE_STYLE ('',( #5458 ) ) ;
#1467 = CARTESIAN_POINT ( 'NONE',  ( 6.262593005952380700, 4.509999999999999800, -2.372828258043400100 ) ) ;
#1468 = CARTESIAN_POINT ( 'NONE',  ( 1.060000000000003600, 2.990000000000000200, 5.999999999999976900 ) ) ;
#1469 =( GEOMETRIC_REPRESENTATION_CONTEXT ( 3 ) GLOBAL_UNCERTAINTY_ASSIGNED_CONTEXT ( ( #8131 ) ) GLOBAL_UNIT_ASSIGNED_CONTEXT ( ( #8764, #8862, #1955 ) ) REPRESENTATION_CONTEXT ( 'NONE', 'WORKASPACE' ) );
#1470 = CARTESIAN_POINT ( 'NONE',  ( 6.368854994862849700, 4.510000000000000700, -2.601844933314015200 ) ) ;
#1471 = MECHANICAL_DESIGN_GEOMETRIC_PRESENTATION_REPRESENTATION (  '', ( #7249 ), #7636 ) ;
#1472 = FILL_AREA_STYLE ('',( #9872 ) ) ;
#1473 = ORIENTED_EDGE ( 'NONE', *, *, #2387, .F. ) ;
#1474 = CARTESIAN_POINT ( 'NONE',  ( 3.852404203869046900, 4.500000000000000900, -1.541280638995781200 ) ) ;
#1475 = FILL_AREA_STYLE_COLOUR ( '', #7290 ) ;
#1476 = DIRECTION ( 'NONE',  ( -0.0000000000000000000, -1.000000000000000000, -0.0000000000000000000 ) ) ;
#1477 = VECTOR ( 'NONE', #2450, 1000.000000000000000 ) ;
#1478 = LINE ( 'NONE', #7733, #2915 ) ;
#1479 = CARTESIAN_POINT ( 'NONE',  ( 2.637648961435606700, 4.509999999999999800, -2.535881738243079400 ) ) ;
#1480 = VERTEX_POINT ( 'NONE', #3257 ) ;
#1481 = VERTEX_POINT ( 'NONE', #4802 ) ;
#1482 = CARTESIAN_POINT ( 'NONE',  ( 0.7196258628506281300, 4.500000000000000900, -2.736254033173321200 ) ) ;
#1483 =( LENGTH_UNIT ( ) NAMED_UNIT ( * ) SI_UNIT ( .MILLI., .METRE. ) );
#1484 = EDGE_CURVE ( 'NONE', #1306, #2595, #5979, .T. ) ;
#1485 = CARTESIAN_POINT ( 'NONE',  ( 6.920878707365749200, 4.500000000000000900, -0.9622905474261734800 ) ) ;
#1486 = CARTESIAN_POINT ( 'NONE',  ( 1.860000000000002800, 2.990000000000000200, 5.999999999999976900 ) ) ;
#1487 = DIRECTION ( 'NONE',  ( -0.0000000000000000000, -1.000000000000000000, -0.0000000000000000000 ) ) ;
#1488 = CARTESIAN_POINT ( 'NONE',  ( 1.060000000000003600, 1.739999999999988900, 7.249999999999984000 ) ) ;
#1489 = EDGE_LOOP ( 'NONE', ( #4240, #6398, #4178, #7919 ) ) ;
#1490 = SURFACE_STYLE_FILL_AREA ( #2072 ) ;
#1491 = CARTESIAN_POINT ( 'NONE',  ( 6.642000762942432200, 4.510000000000001600, -1.630288940419878600 ) ) ;
#1492 =( NAMED_UNIT ( * ) SI_UNIT ( $, .STERADIAN. ) SOLID_ANGLE_UNIT ( ) );
#1493 = UNCERTAINTY_MEASURE_WITH_UNIT (LENGTH_MEASURE( 1.000000000000000100E-005 ), #7159, 'distance_accuracy_value', 'NONE');
#1494 = CARTESIAN_POINT ( 'NONE',  ( 6.088020142822609100, 4.500000000000000000, -0.9880149556987070100 ) ) ;
#1495 = ORIENTED_EDGE ( 'NONE', *, *, #539, .T. ) ;
#1496 = CARTESIAN_POINT ( 'NONE',  ( 4.400000000000003000, -2.260000000000004200, 7.249999999999985800 ) ) ;
#1497 = ORIENTED_EDGE ( 'NONE', *, *, #1254, .T. ) ;
#1498 = EDGE_CURVE ( 'NONE', #8819, #2820, #8876, .T. ) ;
#1499 = CARTESIAN_POINT ( 'NONE',  ( 6.266074259224552600, 4.500000000000002700, -2.693998988631578500 ) ) ;
#1500 =( LENGTH_UNIT ( ) NAMED_UNIT ( * ) SI_UNIT ( .MILLI., .METRE. ) );
#1501 = CARTESIAN_POINT ( 'NONE',  ( 7.496163219321323000, 4.500000000000000900, -2.258980899971467800 ) ) ;
#1502 = CARTESIAN_POINT ( 'NONE',  ( 6.992953778051470300, 4.509999999999999800, -1.005982915782471100 ) ) ;
#1503 = CARTESIAN_POINT ( 'NONE',  ( 5.522401936848959600, 4.500000000000000900, -2.373640316265126500 ) ) ;
#1504 = DIRECTION ( 'NONE',  ( -0.0000000000000000000, -1.000000000000000000, -0.0000000000000000000 ) ) ;
#1505 = EDGE_LOOP ( 'NONE', ( #642, #242, #5797, #8456 ) ) ;
#1506 = CARTESIAN_POINT ( 'NONE',  ( 4.041578246799151200, 4.500000000000000900, -1.057356331956339700 ) ) ;
#1507 = SURFACE_STYLE_USAGE ( .BOTH. , #9745 ) ;
#1508 = SURFACE_STYLE_FILL_AREA ( #3276 ) ;
#1509 = B_SPLINE_CURVE_WITH_KNOTS ( 'NONE', 3,
 ( #233, #3315, #5574, #8546, #7137, #1780, #3989, #6382, #6252, #2537, #9443 ),
 .UNSPECIFIED., .F., .F.,
 ( 4, 1, 1, 1, 1, 1, 1, 1, 4 ),
 ( 0.0000000000000000000, 0.1325868731187110600, 0.2592339736334611800, 0.3800147170249504900, 0.4999003229990294200, 0.6193728004511985800, 0.7408338946043837600, 0.8669920532972608100, 1.000000000000000000 ),
 .UNSPECIFIED. ) ;
#1510 = AXIS2_PLACEMENT_3D ( 'NONE', #4566, #6836, #7741 ) ;
#1511 = CARTESIAN_POINT ( 'NONE',  ( 6.432252031425963200, 4.509999999999998900, -1.306145360566012000 ) ) ;
#1512 = EDGE_CURVE ( 'NONE', #4167, #8165, #2388, .T. ) ;
#1513 = CARTESIAN_POINT ( 'NONE',  ( 3.013548060825892400, 4.509999999999999800, -1.450330118162447700 ) ) ;
#1514 = DIRECTION ( 'NONE',  ( -0.0000000000000000000, -1.000000000000000000, -0.0000000000000000000 ) ) ;
#1515 = ORIENTED_EDGE ( 'NONE', *, *, #2250, .T. ) ;
#1516 = EDGE_LOOP ( 'NONE', ( #5827, #3923, #5818, #4397, #5228, #7028, #6411, #2208, #7519, #2252, #6752, #6073 ) ) ;
#1517 = SURFACE_STYLE_USAGE ( .BOTH. , #3863 ) ;
#1518 = SURFACE_SIDE_STYLE ('',( #1444 ) ) ;
#1519 = PRESENTATION_STYLE_ASSIGNMENT (( #812 ) ) ;
#1520 = STYLED_ITEM ( 'NONE', ( #9128 ), #8041 ) ;
#1521 = SURFACE_STYLE_FILL_AREA ( #5001 ) ;
#1522 = VERTEX_POINT ( 'NONE', #3358 ) ;
#1523 = STYLED_ITEM ( 'NONE', ( #6735 ), #5756 ) ;
#1524 = FILL_AREA_STYLE ('',( #1436 ) ) ;
#1525 = ORIENTED_EDGE ( 'NONE', *, *, #1117, .F. ) ;
#1526 = CARTESIAN_POINT ( 'NONE',  ( 6.250005887128726700, 4.509999999999998900, -2.452124493493722300 ) ) ;
#1527 = MECHANICAL_DESIGN_GEOMETRIC_PRESENTATION_REPRESENTATION (  '', ( #8685 ), #2036 ) ;
#1528 = CARTESIAN_POINT ( 'NONE',  ( 5.666892911714167100, 4.510000000000000700, -2.301346730429791900 ) ) ;
#1529 = DIRECTION ( 'NONE',  ( -1.000000000000000000, 0.0000000000000000000, -2.168404344971008900E-016 ) ) ;
#1530 = VECTOR ( 'NONE', #446, 1000.000000000000000 ) ;
#1531 =( NAMED_UNIT ( * ) SI_UNIT ( $, .STERADIAN. ) SOLID_ANGLE_UNIT ( ) );
#1532 = CARTESIAN_POINT ( 'NONE',  ( 6.614387802055207800, 4.500000000000000000, -1.302538187416436600 ) ) ;
#1533 = CARTESIAN_POINT ( 'NONE',  ( 7.465742378665915200, 4.500000000000000900, -1.966867553310709400 ) ) ;
#1534 = STYLED_ITEM ( 'NONE', ( #2478 ), #9507 ) ;
#1535 = EDGE_LOOP ( 'NONE', ( #7580, #4603, #6842, #8245 ) ) ;
#1536 = CARTESIAN_POINT ( 'NONE',  ( 4.052170526413688900, 4.500000000000000900, -1.070692899505453900 ) ) ;
#1537 = CARTESIAN_POINT ( 'NONE',  ( 5.538037405380701500, 4.510000000000000700, -2.423362262216188300 ) ) ;
#1538 = CARTESIAN_POINT ( 'NONE',  ( 4.657965959821427600, 4.500000000000000900, -2.429672333564233600 ) ) ;
#1539 = EDGE_LOOP ( 'NONE', ( #3585, #3692, #9366, #3536 ) ) ;
#1540 = EDGE_CURVE ( 'NONE', #5257, #4569, #6470, .T. ) ;
#1541 = PRESENTATION_LAYER_ASSIGNMENT (  '', '', ( #1025 ) ) ;
#1542 = CARTESIAN_POINT ( 'NONE',  ( 6.867160949698917900, 4.500000000000000900, -2.589543332414306200 ) ) ;
#1543 = DIRECTION ( 'NONE',  ( -0.0000000000000000000, 1.000000000000000000, -0.0000000000000000000 ) ) ;
#1544 = SURFACE_STYLE_FILL_AREA ( #1875 ) ;
#1545 = CARTESIAN_POINT ( 'NONE',  ( 6.435409785245652400, 4.500000000000002700, -1.256123205043273100 ) ) ;
#1546 = FILL_AREA_STYLE ('',( #7613 ) ) ;
#1547 = CARTESIAN_POINT ( 'NONE',  ( 5.272110812670158400, 4.500000000000000900, -2.546374660400778600 ) ) ;
#1548 = FILL_AREA_STYLE ('',( #1611 ) ) ;
#1549 = EDGE_LOOP ( 'NONE', ( #7173, #4639, #4934, #5027 ) ) ;
#1550 = CARTESIAN_POINT ( 'NONE',  ( 7.286421856105189200, 4.500000000000001800, -2.023961325666923100 ) ) ;
#1551 = UNCERTAINTY_MEASURE_WITH_UNIT (LENGTH_MEASURE( 1.000000000000000100E-005 ), #8601, 'distance_accuracy_value', 'NONE');
#1552 = CARTESIAN_POINT ( 'NONE',  ( 2.573006475539434400, 4.500000000000000900, -2.736630341376733400 ) ) ;
#1553 = CARTESIAN_POINT ( 'NONE',  ( 9.010000000000001600, 1.500000000000000400, -1.409462612472919100E-014 ) ) ;
#1554 = PRESENTATION_STYLE_ASSIGNMENT (( #7086 ) ) ;
#1555 = VECTOR ( 'NONE', #1173, 1000.000000000000000 ) ;
#1556 = FILL_AREA_STYLE ('',( #749 ) ) ;
#1557 = PRESENTATION_STYLE_ASSIGNMENT (( #3821 ) ) ;
#1558 = CARTESIAN_POINT ( 'NONE',  ( 6.904804922304339100, 4.500000000000000900, -1.158731753200549000 ) ) ;
#1559 = MECHANICAL_DESIGN_GEOMETRIC_PRESENTATION_REPRESENTATION (  '', ( #2582 ), #4131 ) ;
#1560 = LINE ( 'NONE', #690, #8030 ) ;
#1561 = ORIENTED_EDGE ( 'NONE', *, *, #2725, .T. ) ;
#1562 = CARTESIAN_POINT ( 'NONE',  ( 6.394958496093749100, 4.509999999999999800, -2.560413707262149800 ) ) ;
#1563 = CARTESIAN_POINT ( 'NONE',  ( 6.735953353742781100, 4.500000000000000900, -1.101500624941748700 ) ) ;
#1564 =( LENGTH_UNIT ( ) NAMED_UNIT ( * ) SI_UNIT ( .MILLI., .METRE. ) );
#1565 = CARTESIAN_POINT ( 'NONE',  ( 6.004910392410908800, 4.509999999999999800, -0.9179899795546515600 ) ) ;
#1566 =( NAMED_UNIT ( * ) PLANE_ANGLE_UNIT ( ) SI_UNIT ( $, .RADIAN. ) );
#1567 = CARTESIAN_POINT ( 'NONE',  ( 5.303188522872054600, 4.499999999999999100, -2.473263217025896600 ) ) ;
#1568 = EDGE_CURVE ( 'NONE', #2438, #3865, #1791, .T. ) ;
#1569 = VECTOR ( 'NONE', #7547, 1000.000000000000000 ) ;
#1570 = PRESENTATION_STYLE_ASSIGNMENT (( #292 ) ) ;
#1571 = DIRECTION ( 'NONE',  ( 1.000000000000000000, 0.0000000000000000000, -6.938893903907246500E-015 ) ) ;
#1572 = ORIENTED_EDGE ( 'NONE', *, *, #405, .T. ) ;
#1573 = CARTESIAN_POINT ( 'NONE',  ( 6.173609246204016200, 4.500000000000000900, -2.530829638628621300 ) ) ;
#1574 = CARTESIAN_POINT ( 'NONE',  ( 4.392016892206099100, 4.509999999999999800, -2.373640316265126100 ) ) ;
#1575 = CARTESIAN_POINT ( 'NONE',  ( 7.409007091627089800, 4.509999999999999800, -1.738095816926704000 ) ) ;
#1576 = CARTESIAN_POINT ( 'NONE',  ( 5.777388218470981900, 4.500000000000001800, -2.655424519204114400 ) ) ;
#1577 = SURFACE_STYLE_USAGE ( .BOTH. , #9170 ) ;
#1578 = CARTESIAN_POINT ( 'NONE',  ( 5.544327508835565700, 4.509999999999999800, -2.432514537340274800 ) ) ;
#1579 = FACE_OUTER_BOUND ( 'NONE', #7632, .T. ) ;
#1580 =( LENGTH_UNIT ( ) NAMED_UNIT ( * ) SI_UNIT ( .MILLI., .METRE. ) );
#1581 = CARTESIAN_POINT ( 'NONE',  ( 4.080182614901152900, 4.510000000000001600, -0.9223453044267371200 ) ) ;
#1582 = ORIENTED_EDGE ( 'NONE', *, *, #861, .F. ) ;
#1583 = STYLED_ITEM ( 'NONE', ( #3396 ), #908 ) ;
#1584 = CARTESIAN_POINT ( 'NONE',  ( 1.060000000000003600, 1.739999999999996000, 6.749999999999983100 ) ) ;
#1585 = CARTESIAN_POINT ( 'NONE',  ( 2.408420463913561300, 4.509999999999999800, -2.721722860368197300 ) ) ;
#1586 = CARTESIAN_POINT ( 'NONE',  ( 2.008013488620570700, 4.500000000000002700, -2.484815779787112400 ) ) ;
#1587 = CARTESIAN_POINT ( 'NONE',  ( 3.600000000000003600, 2.990000000000000200, 5.799999999999983800 ) ) ;
#1588 = CARTESIAN_POINT ( 'NONE',  ( 5.159411911737351800, 4.509999999999999800, -1.008570445543400100 ) ) ;
#1589 = ORIENTED_EDGE ( 'NONE', *, *, #1568, .T. ) ;
#1590 = PRESENTATION_LAYER_ASSIGNMENT (  '', '', ( #5739 ) ) ;
#1591 = PLANE ( 'NONE',  #3059 ) ;
#1592 = MECHANICAL_DESIGN_GEOMETRIC_PRESENTATION_REPRESENTATION (  '', ( #2814 ), #371 ) ;
#1593 =( NAMED_UNIT ( * ) SI_UNIT ( $, .STERADIAN. ) SOLID_ANGLE_UNIT ( ) );
#1594 = PRESENTATION_STYLE_ASSIGNMENT (( #2578 ) ) ;
#1595 = CARTESIAN_POINT ( 'NONE',  ( 4.759129499744084100, 4.509999999999998900, -2.505895107314502400 ) ) ;
#1596 = ORIENTED_EDGE ( 'NONE', *, *, #6408, .T. ) ;
#1597 = CARTESIAN_POINT ( 'NONE',  ( 2.192758885541906900, 4.500000000000000900, -2.415580175495109400 ) ) ;
#1598 = CARTESIAN_POINT ( 'NONE',  ( 6.613693479778741700, 4.500000000000000000, -1.377248336182649500 ) ) ;
#1599 = PRESENTATION_STYLE_ASSIGNMENT (( #4170 ) ) ;
#1600 = VERTEX_POINT ( 'NONE', #8650 ) ;
#1601 = UNCERTAINTY_MEASURE_WITH_UNIT (LENGTH_MEASURE( 1.000000000000000100E-005 ), #3885, 'distance_accuracy_value', 'NONE');
#1602 = FILL_AREA_STYLE_COLOUR ( '', #4474 ) ;
#1603 = CARTESIAN_POINT ( 'NONE',  ( 6.088406517392113100, 4.509999999999999800, -1.008570445543400100 ) ) ;
#1604 = CARTESIAN_POINT ( 'NONE',  ( 6.431757091387573200, 4.509999999999999800, -1.340697637201566000 ) ) ;
#1605 = ORIENTED_EDGE ( 'NONE', *, *, #479, .T. ) ;
#1606 = CARTESIAN_POINT ( 'NONE',  ( 3.013644650251603900, 4.500000000000000900, -1.457544922502115500 ) ) ;
#1607 = DIRECTION ( 'NONE',  ( -1.000000000000000000, 0.0000000000000000000, 0.0000000000000000000 ) ) ;
#1608 = EDGE_CURVE ( 'NONE', #9260, #6097, #3875, .T. ) ;
#1609 = ORIENTED_EDGE ( 'NONE', *, *, #1928, .T. ) ;
#1610 = CARTESIAN_POINT ( 'NONE',  ( 6.057327357527889000, 4.500000000000000900, -2.735827419742393300 ) ) ;
#1611 = FILL_AREA_STYLE_COLOUR ( '', #420 ) ;
#1612 = CARTESIAN_POINT ( 'NONE',  ( 6.655377291673975300, 4.500000000000000900, -1.693114568848612400 ) ) ;
#1613 = SURFACE_STYLE_FILL_AREA ( #246 ) ;
#1614 = CARTESIAN_POINT ( 'NONE',  ( 2.940056791759671800, 4.500000000000000000, -2.498291253300096900 ) ) ;
#1615 = PLANE ( 'NONE',  #3254 ) ;
#1616 = CARTESIAN_POINT ( 'NONE',  ( 6.658471389043898000, 4.500000000000001800, -2.272133038549352300 ) ) ;
#1617 = CARTESIAN_POINT ( 'NONE',  ( 0.6850083052690263400, 4.509999999999998900, -2.567050285702841000 ) ) ;
#1618 = ORIENTED_EDGE ( 'NONE', *, *, #3874, .T. ) ;
#1619 = SURFACE_STYLE_USAGE ( .BOTH. , #7784 ) ;
#1620 = CARTESIAN_POINT ( 'NONE',  ( 1.677306256975446000, 4.509999999999999800, -2.554729299710066600 ) ) ;
#1621 = LINE ( 'NONE', #1275, #8209 ) ;
#1622 = B_SPLINE_CURVE_WITH_KNOTS ( 'NONE', 3,
 ( #1070, #5662, #2638, #2672, #8635, #4922, #8668, #4886, #4179, #4206, #1033 ),
 .UNSPECIFIED., .F., .F.,
 ( 4, 1, 1, 1, 1, 1, 1, 1, 4 ),
 ( 0.0000000000000000000, 0.1438452084224846300, 0.2744633483863636600, 0.3894294444927151600, 0.5015746808976534500, 0.6098445063685564700, 0.7259657379454801400, 0.8559693386118455400, 1.000000000000000000 ),
 .UNSPECIFIED. ) ;
#1623 = FILL_AREA_STYLE_COLOUR ( '', #6483 ) ;
#1624 = EDGE_CURVE ( 'NONE', #2735, #2639, #8173, .T. ) ;
#1625 = LINE ( 'NONE', #3145, #4949 ) ;
#1626 = EDGE_LOOP ( 'NONE', ( #7532, #2127, #3774, #7486 ) ) ;
#1627 = ORIENTED_EDGE ( 'NONE', *, *, #1512, .F. ) ;
#1628 = FILL_AREA_STYLE ('',( #1727 ) ) ;
#1629 = CARTESIAN_POINT ( 'NONE',  ( 1.060000000000003600, 1.739999999999988900, 7.249999999999984000 ) ) ;
#1630 = CARTESIAN_POINT ( 'NONE',  ( 2.279265416916611100, 4.500000000000002700, -2.484180698914966600 ) ) ;
#1631 = PRESENTATION_LAYER_ASSIGNMENT (  '', '', ( #3362 ) ) ;
#1632 = CARTESIAN_POINT ( 'NONE',  ( 1.846811631074954100, 4.500000000000000900, -1.365319635797957800 ) ) ;
#1633 = CARTESIAN_POINT ( 'NONE',  ( 3.600000000000003600, 1.740000000000000000, 5.999999999999984000 ) ) ;
#1634 = VERTEX_POINT ( 'NONE', #1148 ) ;
#1635 = EDGE_LOOP ( 'NONE', ( #3440, #3660, #7748, #7198 ) ) ;
#1636 = CARTESIAN_POINT ( 'NONE',  ( 2.802006894066219700, 4.509999999999999800, -2.190927216376733300 ) ) ;
#1637 =( GEOMETRIC_REPRESENTATION_CONTEXT ( 3 ) GLOBAL_UNCERTAINTY_ASSIGNED_CONTEXT ( ( #1392 ) ) GLOBAL_UNIT_ASSIGNED_CONTEXT ( ( #3422, #2712, #8038 ) ) REPRESENTATION_CONTEXT ( 'NONE', 'WORKASPACE' ) );
#1638 = CARTESIAN_POINT ( 'NONE',  ( 1.976412980464686400, 4.500000000000000900, -0.9339543085109108800 ) ) ;
#1639 = EDGE_CURVE ( 'NONE', #7866, #8745, #7565, .T. ) ;
#1640 = CARTESIAN_POINT ( 'NONE',  ( 5.131305657779814800, 4.500000000000003600, -2.344464161783645900 ) ) ;
#1641 = CARTESIAN_POINT ( 'NONE',  ( 6.940000000000003100, 1.739999999999988900, 7.249999999999984000 ) ) ;
#1642 = FILL_AREA_STYLE ('',( #6045 ) ) ;
#1643 = CARTESIAN_POINT ( 'NONE',  ( 3.013934435395391600, 4.500000000000001800, -1.429774628317754100 ) ) ;
#1644 =( LENGTH_UNIT ( ) NAMED_UNIT ( * ) SI_UNIT ( .MILLI., .METRE. ) );
#1645 = DIRECTION ( 'NONE',  ( -0.2582330317988718000, 0.0000000000000000000, 0.9660826575857589500 ) ) ;
#1646 =( NAMED_UNIT ( * ) SI_UNIT ( $, .STERADIAN. ) SOLID_ANGLE_UNIT ( ) );
#1647 = DIRECTION ( 'NONE',  ( 0.0000000000000000000, 0.0000000000000000000, 1.000000000000000000 ) ) ;
#1648 = CARTESIAN_POINT ( 'NONE',  ( 6.763289641948047900, 4.510000000000001600, -2.055851261491139500 ) ) ;
#1649 = EDGE_LOOP ( 'NONE', ( #7138, #7454, #2077, #6638 ) ) ;
#1650 = CARTESIAN_POINT ( 'NONE',  ( 2.507229759579612200, 4.500000000000000900, -1.284264211819442100 ) ) ;
#1651 = STYLED_ITEM ( 'NONE', ( #6947 ), #8714 ) ;
#1652 = COLOUR_RGB ( '',0.8980392156862745400, 0.8980392156862745400, 0.8980392156862745400 ) ;
#1653 = PRESENTATION_LAYER_ASSIGNMENT (  '', '', ( #8315 ) ) ;
#1654 =( NAMED_UNIT ( * ) SI_UNIT ( $, .STERADIAN. ) SOLID_ANGLE_UNIT ( ) );
#1655 = CARTESIAN_POINT ( 'NONE',  ( 1.732489020809842000, 4.500000000000000000, -2.567050285702841900 ) ) ;
#1656 = STYLED_ITEM ( 'NONE', ( #6361 ), #1161 ) ;
#1657 = CARTESIAN_POINT ( 'NONE',  ( 7.133693609701246900, 4.510000000000000700, -2.553769246868733900 ) ) ;
#1658 = EDGE_LOOP ( 'NONE', ( #148, #6911, #3924, #9702, #6929, #6380, #5119, #3419 ) ) ;
#1659 = ORIENTED_EDGE ( 'NONE', *, *, #7994, .F. ) ;
#1660 = CARTESIAN_POINT ( 'NONE',  ( 1.060000000000003600, 1.739999999999996000, 6.749999999999983100 ) ) ;
#1661 = SURFACE_STYLE_USAGE ( .BOTH. , #3851 ) ;
#1662 = LINE ( 'NONE', #2508, #4295 ) ;
#1663 = CARTESIAN_POINT ( 'NONE',  ( 2.385244779468082100E-015, 0.0000000000000000000, -5.999999999999998200 ) ) ;
#1664 = CARTESIAN_POINT ( 'NONE',  ( 1.847187947355431600, 4.500000000000001800, -1.345847841500198600 ) ) ;
#1665 = EDGE_CURVE ( 'NONE', #3520, #6138, #6063, .T. ) ;
#1666 = COLOUR_RGB ( '',1.000000000000000000, 1.000000000000000000, 1.000000000000000000 ) ;
#1667 = CARTESIAN_POINT ( 'NONE',  ( 4.400000000000003000, 2.990000000000000200, 5.999999999999976900 ) ) ;
#1668 = VERTEX_POINT ( 'NONE', #2719 ) ;
#1669 = UNCERTAINTY_MEASURE_WITH_UNIT (LENGTH_MEASURE( 1.000000000000000100E-005 ), #5723, 'distance_accuracy_value', 'NONE');
#1670 = CARTESIAN_POINT ( 'NONE',  ( 2.637648961435606700, 4.500000000000000900, -2.535881738243079400 ) ) ;
#1671 = CARTESIAN_POINT ( 'NONE',  ( 3.064908664437548900, 4.500000000000001800, -1.536267157812387900 ) ) ;
#1672 = LINE ( 'NONE', #6605, #828 ) ;
#1673 = CARTESIAN_POINT ( 'NONE',  ( 7.496667453254678600, 4.509999999999999800, -2.312334736949660700 ) ) ;
#1674 = CARTESIAN_POINT ( 'NONE',  ( 6.151341029575892300, 4.500000000000000900, -2.138549461075394100 ) ) ;
#1675 = EDGE_LOOP ( 'NONE', ( #4518, #1473, #6970, #2154 ) ) ;
#1676 = CARTESIAN_POINT ( 'NONE',  ( 0.6811744711754660300, 4.510000000000000700, -1.010217200702961900 ) ) ;
#1677 = SURFACE_STYLE_USAGE ( .BOTH. , #3281 ) ;
#1678 = VECTOR ( 'NONE', #9645, 1000.000000000000000 ) ;
#1679 = SURFACE_SIDE_STYLE ('',( #3771 ) ) ;
#1680 = CARTESIAN_POINT ( 'NONE',  ( 4.034219201762550000, 4.509999999999998900, -1.042164952054619200 ) ) ;
#1681 = CARTESIAN_POINT ( 'NONE',  ( 0.6546258531004134400, 4.510000000000001600, -2.606462916124225900 ) ) ;
#1682 = EDGE_CURVE ( 'NONE', #4806, #3410, #7451, .T. ) ;
#1683 = COLOUR_RGB ( '',0.8980392156862745400, 0.8980392156862745400, 0.8980392156862745400 ) ;
#1684 = ORIENTED_EDGE ( 'NONE', *, *, #7377, .F. ) ;
#1685 = CARTESIAN_POINT ( 'NONE',  ( 1.767850748697916500, 4.500000000000000900, -2.645679820543399800 ) ) ;
#1686 = FILL_AREA_STYLE_COLOUR ( '', #6196 ) ;
#1687 = CARTESIAN_POINT ( 'NONE',  ( 6.655666018321718400, 4.500000000000001800, -0.9238917501115488900 ) ) ;
#1688 = LINE ( 'NONE', #1346, #2896 ) ;
#1689 = MECHANICAL_DESIGN_GEOMETRIC_PRESENTATION_REPRESENTATION (  '', ( #3229 ), #6298 ) ;
#1690 = CARTESIAN_POINT ( 'NONE',  ( 6.282082403273809800, 4.500000000000000900, -2.011868378486108400 ) ) ;
#1691 = EDGE_LOOP ( 'NONE', ( #4797, #8201, #9874, #7128 ) ) ;
#1692 = CARTESIAN_POINT ( 'NONE',  ( 4.850467273940511200, 4.509999999999999800, -2.547440929278638000 ) ) ;
#1693 = B_SPLINE_SURFACE_WITH_KNOTS ( 'NONE', 3, 1, ( 
 ( #5677, #2681 ),
 ( #1008, #299 ),
 ( #9504, #3354 ),
 ( #1907, #8778 ),
 ( #6357, #6462 ),
 ( #8681, #1784 ),
 ( #4930, #3388 ),
 ( #367, #8646 ),
 ( #7141, #8040 ),
 ( #2540, #1045 ),
 ( #9411, #6386 ) ),
 .UNSPECIFIED., .F., .F., .F.,
 ( 4, 1, 1, 1, 1, 1, 1, 1, 4 ),
 ( 2, 2 ),
 ( 0.0000000000000000000, 0.1436409104313118000, 0.2740735383166309500, 0.3888763523592589400, 0.4987022707778782100, 0.6085281891964922100, 0.7258537232309745200, 0.8536058418296563800, 1.000000000000000000 ),
 ( 0.0000000000000000000, 1.000000000000000000 ),
 .UNSPECIFIED. ) ;
#1694 = PRESENTATION_LAYER_ASSIGNMENT (  '', '', ( #8720 ) ) ;
#1695 = DIRECTION ( 'NONE',  ( 1.000000000000000000, 0.0000000000000000000, 0.0000000000000000000 ) ) ;
#1696 = CARTESIAN_POINT ( 'NONE',  ( 2.022636044890848700, 4.509999999999998900, -1.117325397685895700 ) ) ;
#1697 = EDGE_CURVE ( 'NONE', #7005, #9160, #3487, .T. ) ;
#1698 = PLANE ( 'NONE',  #1266 ) ;
#1699 = CARTESIAN_POINT ( 'NONE',  ( 7.405146722558822800, 4.500000000000000900, -2.652219584101968700 ) ) ;
#1700 = ORIENTED_EDGE ( 'NONE', *, *, #6869, .T. ) ;
#1701 = DIRECTION ( 'NONE',  ( 0.0000000000000000000, 1.000000000000000000, 0.0000000000000000000 ) ) ;
#1702 = DIRECTION ( 'NONE',  ( 1.000000000000000000, -0.0000000000000000000, 0.0000000000000000000 ) ) ;
#1703 =( LENGTH_UNIT ( ) NAMED_UNIT ( * ) SI_UNIT ( .MILLI., .METRE. ) );
#1704 = CARTESIAN_POINT ( 'NONE',  ( 7.383375572141038600, 4.509999999999999800, -2.674902905427476400 ) ) ;
#1705 = CARTESIAN_POINT ( 'NONE',  ( 6.246890928115340600, 4.500000000000000000, -2.287051556701786800 ) ) ;
#1706 = STYLED_ITEM ( 'NONE', ( #7 ), #8269 ) ;
#1707 = CARTESIAN_POINT ( 'NONE',  ( 1.060000000000003600, 2.990000000000000200, 5.799999999999983800 ) ) ;
#1708 = CARTESIAN_POINT ( 'NONE',  ( 5.612946428571428100, 4.509999999999999800, -2.283095824542656200 ) ) ;
#1709 = VECTOR ( 'NONE', #2424, 1000.000000000000000 ) ;
#1710 = FILL_AREA_STYLE ('',( #4795 ) ) ;
#1711 =( GEOMETRIC_REPRESENTATION_CONTEXT ( 3 ) GLOBAL_UNCERTAINTY_ASSIGNED_CONTEXT ( ( #3591 ) ) GLOBAL_UNIT_ASSIGNED_CONTEXT ( ( #1933, #7296, #3485 ) ) REPRESENTATION_CONTEXT ( 'NONE', 'WORKASPACE' ) );
#1712 = ADVANCED_FACE ( 'NONE', ( #362 ), #7149, .T. ) ;
#1713 = ORIENTED_EDGE ( 'NONE', *, *, #2811, .T. ) ;
#1714 = CARTESIAN_POINT ( 'NONE',  ( 0.7331427023621579500, 4.509999999999999800, -2.555099354554651600 ) ) ;
#1715 = MECHANICAL_DESIGN_GEOMETRIC_PRESENTATION_REPRESENTATION (  '', ( #7564 ), #8736 ) ;
#1716 = CARTESIAN_POINT ( 'NONE',  ( 4.052170526413688900, 4.509999999999999800, -1.070692899505453900 ) ) ;
#1717 = VERTEX_POINT ( 'NONE', #38 ) ;
#1718 =( NAMED_UNIT ( * ) SI_UNIT ( $, .STERADIAN. ) SOLID_ANGLE_UNIT ( ) );
#1719 =( LENGTH_UNIT ( ) NAMED_UNIT ( * ) SI_UNIT ( .MILLI., .METRE. ) );
#1720 = FACE_OUTER_BOUND ( 'NONE', #4332, .T. ) ;
#1721 = SURFACE_SIDE_STYLE ('',( #2501 ) ) ;
#1722 = CARTESIAN_POINT ( 'NONE',  ( 7.163376300868517200, 4.500000000000001800, -1.598685807076384300 ) ) ;
#1723 = CARTESIAN_POINT ( 'NONE',  ( 6.486787249105327100, 4.500000000000000000, -1.057639476242006700 ) ) ;
#1724 = ORIENTED_EDGE ( 'NONE', *, *, #8185, .F. ) ;
#1725 = VERTEX_POINT ( 'NONE', #3186 ) ;
#1726 = EDGE_CURVE ( 'NONE', #5680, #4839, #305, .T. ) ;
#1727 = FILL_AREA_STYLE_COLOUR ( '', #8978 ) ;
#1728 = STYLED_ITEM ( 'NONE', ( #4846 ), #2869 ) ;
#1729 = B_SPLINE_CURVE_WITH_KNOTS ( 'NONE', 3,
 ( #1851, #9166, #3890, #2327, #6181, #8544, #1575, #3112, #8418, #7676, #5463 ),
 .UNSPECIFIED., .F., .F.,
 ( 4, 1, 1, 1, 1, 1, 1, 1, 4 ),
 ( 0.0000000000000000000, 0.1121686763953984700, 0.2273768320656536200, 0.3461158416197063800, 0.4678942052698059100, 0.5939096944979092000, 0.7246147175821149300, 0.8599340407987439100, 1.000000000000000000 ),
 .UNSPECIFIED. ) ;
#1730 = B_SPLINE_CURVE_WITH_KNOTS ( 'NONE', 3,
 ( #7424, #2828, #8926, #4356, #1335, #9685, #5117 ),
 .UNSPECIFIED., .F., .F.,
 ( 4, 1, 1, 1, 4 ),
 ( 0.0000000000000000000, 0.2483179281435874100, 0.4947167839755666800, 0.7439842376202708800, 1.000000000000000000 ),
 .UNSPECIFIED. ) ;
#1731 = FACE_OUTER_BOUND ( 'NONE', #6835, .T. ) ;
#1732 = CARTESIAN_POINT ( 'NONE',  ( 5.951661532622963200, 4.500000000000002700, -2.537391382096842600 ) ) ;
#1733 = CARTESIAN_POINT ( 'NONE',  ( 4.030065083928058700, 4.510000000000001600, -1.025705839578742200 ) ) ;
#1734 = ORIENTED_EDGE ( 'NONE', *, *, #7589, .F. ) ;
#1735 = CARTESIAN_POINT ( 'NONE',  ( 6.733823308387620400, 4.499999999999999100, -1.975998945285116800 ) ) ;
#1736 = SURFACE_SIDE_STYLE ('',( #9323 ) ) ;
#1737 = CARTESIAN_POINT ( 'NONE',  ( 2.408420463913561300, 4.509999999999999800, -2.721722860368197300 ) ) ;
#1738 = VECTOR ( 'NONE', #6132, 1000.000000000000000 ) ;
#1739 = DIRECTION ( 'NONE',  ( -0.6714571773835017500, 0.0000000000000000000, 0.7410433583402394900 ) ) ;
#1740 = DIRECTION ( 'NONE',  ( -1.000000000000000000, 0.0000000000000000000, -4.057995580834073000E-016 ) ) ;
#1741 = DIRECTION ( 'NONE',  ( -4.057995580834073000E-016, 0.0000000000000000000, 1.000000000000000000 ) ) ;
#1742 = B_SPLINE_CURVE_WITH_KNOTS ( 'NONE', 3,
 ( #6659, #569, #6592, #8874, #8170, #2071, #8946, #9705, #7474, #3664, #7544 ),
 .UNSPECIFIED., .F., .F.,
 ( 4, 1, 1, 1, 1, 1, 1, 1, 4 ),
 ( 0.0000000000000000000, 0.1133694469408669200, 0.2281438269136120700, 0.3445097344601003000, 0.4649364957487215300, 0.5892915729664020000, 0.7190871373224758700, 0.8555500035966811000, 1.000000000000000000 ),
 .UNSPECIFIED. ) ;
#1743 = EDGE_CURVE ( 'NONE', #2411, #5828, #1454, .T. ) ;
#1744 = DIRECTION ( 'NONE',  ( 1.000000000000000000, -0.0000000000000000000, -0.0000000000000000000 ) ) ;
#1745 = VERTEX_POINT ( 'NONE', #1650 ) ;
#1746 = DIRECTION ( 'NONE',  ( -1.000000000000000000, 0.0000000000000000000, -0.0000000000000000000 ) ) ;
#1747 = CARTESIAN_POINT ( 'NONE',  ( 4.958021472749254400, 4.500000000000000900, -1.008570445543400100 ) ) ;
#1748 = VERTEX_POINT ( 'NONE', #5373 ) ;
#1749 = CARTESIAN_POINT ( 'NONE',  ( 4.958021472749254400, 4.509999999999999800, -1.008570445543400100 ) ) ;
#1750 = CARTESIAN_POINT ( 'NONE',  ( 2.523470924014136400, 4.509999999999999800, -2.554729299710066600 ) ) ;
#1751 = FACE_OUTER_BOUND ( 'NONE', #1451, .T. ) ;
#1752 = CARTESIAN_POINT ( 'NONE',  ( 6.707751059947664600, 4.500000000000002700, -1.900696804244440300 ) ) ;
#1753 = CARTESIAN_POINT ( 'NONE',  ( 6.487701456658101100, 4.509999999999998900, -1.798620190097586000 ) ) ;
#1754 =( GEOMETRIC_REPRESENTATION_CONTEXT ( 3 ) GLOBAL_UNCERTAINTY_ASSIGNED_CONTEXT ( ( #3333 ) ) GLOBAL_UNIT_ASSIGNED_CONTEXT ( ( #1757, #9351, #8786 ) ) REPRESENTATION_CONTEXT ( 'NONE', 'WORKASPACE' ) );
#1755 = VECTOR ( 'NONE', #739, 1000.000000000000000 ) ;
#1756 = ORIENTED_EDGE ( 'NONE', *, *, #3633, .T. ) ;
#1757 =( LENGTH_UNIT ( ) NAMED_UNIT ( * ) SI_UNIT ( .MILLI., .METRE. ) );
#1758 = VERTEX_POINT ( 'NONE', #8523 ) ;
#1759 = CARTESIAN_POINT ( 'NONE',  ( 1.860000000000003200, 2.490000000000000200, 5.799999999999983800 ) ) ;
#1760 = DIRECTION ( 'NONE',  ( -0.0000000000000000000, -1.000000000000000000, -0.0000000000000000000 ) ) ;
#1761 = ORIENTED_EDGE ( 'NONE', *, *, #2848, .F. ) ;
#1762 = B_SPLINE_CURVE_WITH_KNOTS ( 'NONE', 3,
 ( #269, #2579, #7940, #7080, #169, #6360, #5619 ),
 .UNSPECIFIED., .F., .F.,
 ( 4, 1, 1, 1, 4 ),
 ( 0.0000000000000000000, 0.2717271386774248700, 0.5047564260883127300, 0.7407639243545047800, 1.000000000000000000 ),
 .UNSPECIFIED. ) ;
#1763 = EDGE_CURVE ( 'NONE', #1717, #2832, #9553, .T. ) ;
#1764 = CARTESIAN_POINT ( 'NONE',  ( 7.315020461309522700, 4.509999999999999800, -2.292840523203370400 ) ) ;
#1765 = SURFACE_STYLE_FILL_AREA ( #5946 ) ;
#1766 = ADVANCED_FACE ( 'NONE', ( #5495 ), #3872, .T. ) ;
#1767 = VERTEX_POINT ( 'NONE', #6160 ) ;
#1768 = CARTESIAN_POINT ( 'NONE',  ( 6.684686077412997000, 4.509999999999998900, -2.327853735473119900 ) ) ;
#1769 = DIRECTION ( 'NONE',  ( 0.0000000000000000000, 1.000000000000000000, 0.0000000000000000000 ) ) ;
#1770 = CARTESIAN_POINT ( 'NONE',  ( 3.104092552548363100, 4.510000000000000700, -1.541280638995781400 ) ) ;
#1771 = FILL_AREA_STYLE_COLOUR ( '', #9603 ) ;
#1772 = CARTESIAN_POINT ( 'NONE',  ( 7.303974557397587800, 4.510000000000000700, -2.722075963672473200 ) ) ;
#1773 = ORIENTED_EDGE ( 'NONE', *, *, #1022, .T. ) ;
#1774 =( GEOMETRIC_REPRESENTATION_CONTEXT ( 3 ) GLOBAL_UNCERTAINTY_ASSIGNED_CONTEXT ( ( #4078 ) ) GLOBAL_UNIT_ASSIGNED_CONTEXT ( ( #9670, #5067, #8143 ) ) REPRESENTATION_CONTEXT ( 'NONE', 'WORKASPACE' ) );
#1775 = CARTESIAN_POINT ( 'NONE',  ( 4.413942464192707000, 4.509999999999999800, -2.432514537340274800 ) ) ;
#1776 =( NAMED_UNIT ( * ) SI_UNIT ( $, .STERADIAN. ) SOLID_ANGLE_UNIT ( ) );
#1777 = CARTESIAN_POINT ( 'NONE',  ( 5.164391187456812900, 4.510000000000000700, -0.9693535411242261100 ) ) ;
#1778 = ORIENTED_EDGE ( 'NONE', *, *, #4538, .F. ) ;
#1779 = CARTESIAN_POINT ( 'NONE',  ( 7.359332956214194300, 4.509999999999999800, -2.694242634794588500 ) ) ;
#1780 = CARTESIAN_POINT ( 'NONE',  ( 5.135689214581688600, 4.499999999999999100, -2.693998988631577200 ) ) ;
#1781 = VERTEX_POINT ( 'NONE', #4129 ) ;
#1782 = CARTESIAN_POINT ( 'NONE',  ( 3.048909788713966200, 4.500000000000000900, -1.371700583321890000 ) ) ;
#1783 = LINE ( 'NONE', #2763, #6321 ) ;
#1784 = CARTESIAN_POINT ( 'NONE',  ( 3.920526694987879400, 4.500000000000000900, -1.518866089230823000 ) ) ;
#1785 =( NAMED_UNIT ( * ) PLANE_ANGLE_UNIT ( ) SI_UNIT ( $, .RADIAN. ) );
#1786 = CARTESIAN_POINT ( 'NONE',  ( 7.290000000000004500, 2.990000000000000200, 1.999999999999984500 ) ) ;
#1787 = CARTESIAN_POINT ( 'NONE',  ( 0.6811744711754660300, 4.500000000000001800, -1.010217200702961900 ) ) ;
#1788 = CARTESIAN_POINT ( 'NONE',  ( 6.433783820944412900, 4.509999999999999800, -1.465846044581452100 ) ) ;
#1789 = PRESENTATION_LAYER_ASSIGNMENT (  '', '', ( #1278 ) ) ;
#1790 = ORIENTED_EDGE ( 'NONE', *, *, #8364, .T. ) ;
#1791 = B_SPLINE_CURVE_WITH_KNOTS ( 'NONE', 3,
 ( #5650, #5546, #1788, #6467, #2654, #1753, #8591, #1115, #7148, #7117, #8716 ),
 .UNSPECIFIED., .F., .F.,
 ( 4, 1, 1, 1, 1, 1, 1, 1, 4 ),
 ( 0.0000000000000000000, 0.1122198580049697700, 0.2270545223838667800, 0.3454250782392461200, 0.4672590083171835900, 0.5933319973373585300, 0.7240966600079041800, 0.8594777282766368200, 1.000000000000000000 ),
 .UNSPECIFIED. ) ;
#1792 = DIRECTION ( 'NONE',  ( -0.0000000000000000000, -1.000000000000000000, -0.0000000000000000000 ) ) ;
#1793 = CARTESIAN_POINT ( 'NONE',  ( 1.846620396205356500, 4.500000000000001800, -1.375214732652775300 ) ) ;
#1794 = PRESENTATION_STYLE_ASSIGNMENT (( #3838 ) ) ;
#1795 =( LENGTH_UNIT ( ) NAMED_UNIT ( * ) SI_UNIT ( .MILLI., .METRE. ) );
#1796 = CARTESIAN_POINT ( 'NONE',  ( 5.544327508835565700, 4.500000000000000900, -2.432514537340274800 ) ) ;
#1797 = CARTESIAN_POINT ( 'NONE',  ( 6.684686077412997000, 4.500000000000003600, -2.327853735473119900 ) ) ;
#1798 = UNCERTAINTY_MEASURE_WITH_UNIT (LENGTH_MEASURE( 1.000000000000000100E-005 ), #5279, 'distance_accuracy_value', 'NONE');
#1799 =( NAMED_UNIT ( * ) PLANE_ANGLE_UNIT ( ) SI_UNIT ( $, .RADIAN. ) );
#1800 = CARTESIAN_POINT ( 'NONE',  ( 2.053695242745535500, 4.500000000000001800, -2.190927216376733700 ) ) ;
#1801 = EDGE_CURVE ( 'NONE', #3869, #1668, #2635, .T. ) ;
#1802 = PRESENTATION_STYLE_ASSIGNMENT (( #7592 ) ) ;
#1803 = CARTESIAN_POINT ( 'NONE',  ( 7.254418070401730900, 4.500000000000000900, -2.518352813666370400 ) ) ;
#1804 = EDGE_LOOP ( 'NONE', ( #3992, #9250, #2585, #689 ) ) ;
#1805 = CARTESIAN_POINT ( 'NONE',  ( 2.940056791759671800, 4.509999999999999800, -2.498291253300096900 ) ) ;
#1806 = CARTESIAN_POINT ( 'NONE',  ( 6.545050908320552800, 4.500000000000003600, -0.9793495519313747400 ) ) ;
#1807 = SURFACE_SIDE_STYLE ('',( #5555 ) ) ;
#1808 = CARTESIAN_POINT ( 'NONE',  ( 5.249956403459822100, 4.510000000000000700, -0.9176199247100670400 ) ) ;
#1809 = CARTESIAN_POINT ( 'NONE',  ( 1.865703764415921800, 4.500000000000000900, -2.190927216376733700 ) ) ;
#1810 = CARTESIAN_POINT ( 'NONE',  ( 6.487701456658101100, 4.509999999999998900, -1.798620190097586000 ) ) ;
#1811 = CARTESIAN_POINT ( 'NONE',  ( 3.013548060825892400, 4.509999999999999800, -1.450330118162447700 ) ) ;
#1812 = CARTESIAN_POINT ( 'NONE',  ( 2.607112920851933700, 4.500000000000000900, -1.463323049710066900 ) ) ;
#1813 = ADVANCED_FACE ( 'NONE', ( #3114 ), #2009, .T. ) ;
#1814 = ORIENTED_EDGE ( 'NONE', *, *, #5771, .T. ) ;
#1815 = CARTESIAN_POINT ( 'NONE',  ( 6.386105352746052500, 4.500000000000001800, -2.574465331221079900 ) ) ;
#1816 = CARTESIAN_POINT ( 'NONE',  ( 4.029380930309680600, 4.509999999999999800, -1.014414131091090600 ) ) ;
#1817 = CARTESIAN_POINT ( 'NONE',  ( 4.957888608791359200, 4.500000000000000900, -1.001501958244233300 ) ) ;
#1818 = CARTESIAN_POINT ( 'NONE',  ( 1.865703764415922000, 4.509999999999999800, -2.190927216376733300 ) ) ;
#1819 = EDGE_CURVE ( 'NONE', #8346, #1522, #4885, .T. ) ;
#1820 = CARTESIAN_POINT ( 'NONE',  ( 3.872862867834642000, 4.509999999999999800, -1.360453722440947000 ) ) ;
#1821 = EDGE_LOOP ( 'NONE', ( #939, #6988, #8892, #3299 ) ) ;
#1822 = COLOUR_RGB ( '',1.000000000000000000, 1.000000000000000000, 1.000000000000000000 ) ;
#1823 = CARTESIAN_POINT ( 'NONE',  ( 1.745428748094278700, 4.509999999999999800, -2.714215791611774600 ) ) ;
#1824 = CARTESIAN_POINT ( 'NONE',  ( 7.240717134021577000, 4.509999999999999800, -1.827125133043400000 ) ) ;
#1825 = CARTESIAN_POINT ( 'NONE',  ( 7.314128525425069900, 4.500000000000000000, -2.244347763467767100 ) ) ;
#1826 = CARTESIAN_POINT ( 'NONE',  ( 7.163650833124956200, 4.500000000000003600, -2.735931385675411100 ) ) ;
#1827 = ORIENTED_EDGE ( 'NONE', *, *, #9784, .T. ) ;
#1828 =( GEOMETRIC_REPRESENTATION_CONTEXT ( 3 ) GLOBAL_UNCERTAINTY_ASSIGNED_CONTEXT ( ( #8605 ) ) GLOBAL_UNIT_ASSIGNED_CONTEXT ( ( #3412, #9528, #8731 ) ) REPRESENTATION_CONTEXT ( 'NONE', 'WORKASPACE' ) );
#1829 = VERTEX_POINT ( 'NONE', #2815 ) ;
#1830 = SURFACE_STYLE_USAGE ( .BOTH. , #6545 ) ;
#1831 = DIRECTION ( 'NONE',  ( -0.0000000000000000000, -1.000000000000000000, -0.0000000000000000000 ) ) ;
#1832 = SURFACE_STYLE_FILL_AREA ( #4404 ) ;
#1833 = CARTESIAN_POINT ( 'NONE',  ( 2.523470924014136400, 4.509999999999999800, -2.554729299710066600 ) ) ;
#1834 = CARTESIAN_POINT ( 'NONE',  ( 6.688997728949046500, 4.509999999999998900, -0.9183749874644192600 ) ) ;
#1835 = ORIENTED_EDGE ( 'NONE', *, *, #8749, .T. ) ;
#1836 = CARTESIAN_POINT ( 'NONE',  ( 3.931070005967894700, 4.500000000000000000, -1.394877627909634900 ) ) ;
#1837 = CARTESIAN_POINT ( 'NONE',  ( 0.6817426213157982100, 4.509999999999999800, -0.9889615504240123500 ) ) ;
#1838 = CARTESIAN_POINT ( 'NONE',  ( 5.003643339350428900, 4.510000000000000700, -2.545027625353823100 ) ) ;
#1839 = ORIENTED_EDGE ( 'NONE', *, *, #6797, .T. ) ;
#1840 = CARTESIAN_POINT ( 'NONE',  ( 5.207277154114248900, 4.509999999999998900, -2.637930594706395600 ) ) ;
#1841 = DIRECTION ( 'NONE',  ( -1.000000000000000000, -1.734723475976806900E-015, 0.0000000000000000000 ) ) ;
#1842 =( GEOMETRIC_REPRESENTATION_CONTEXT ( 3 ) GLOBAL_UNCERTAINTY_ASSIGNED_CONTEXT ( ( #2901 ) ) GLOBAL_UNIT_ASSIGNED_CONTEXT ( ( #1239, #1204, #6587 ) ) REPRESENTATION_CONTEXT ( 'NONE', 'WORKASPACE' ) );
#1843 = CARTESIAN_POINT ( 'NONE',  ( 4.432415677527572500, 4.500000000000001800, -2.298339766766987600 ) ) ;
#1844 = CARTESIAN_POINT ( 'NONE',  ( 4.407652360737841900, 4.500000000000001800, -2.423362262216187900 ) ) ;
#1845 = LINE ( 'NONE', #1157, #4572 ) ;
#1846 = MECHANICAL_DESIGN_GEOMETRIC_PRESENTATION_REPRESENTATION (  '', ( #9506 ), #3061 ) ;
#1847 =( GEOMETRIC_REPRESENTATION_CONTEXT ( 3 ) GLOBAL_UNCERTAINTY_ASSIGNED_CONTEXT ( ( #3826 ) ) GLOBAL_UNIT_ASSIGNED_CONTEXT ( ( #6675, #6634, #2858 ) ) REPRESENTATION_CONTEXT ( 'NONE', 'WORKASPACE' ) );
#1848 = CARTESIAN_POINT ( 'NONE',  ( 2.086583600725445900, 4.509999999999999800, -0.9176199247100669300 ) ) ;
#1849 = CARTESIAN_POINT ( 'NONE',  ( 4.413942464192707000, 4.509999999999999800, -2.432514537340274800 ) ) ;
#1850 = ORIENTED_EDGE ( 'NONE', *, *, #2479, .F. ) ;
#1851 = CARTESIAN_POINT ( 'NONE',  ( 7.496921502976189100, 4.509999999999999800, -2.294464639646822700 ) ) ;
#1852 = B_SPLINE_CURVE_WITH_KNOTS ( 'NONE', 3,
 ( #1142, #8643, #7301, #8679, #6459, #7970, #9503 ),
 .UNSPECIFIED., .F., .F.,
 ( 4, 1, 1, 1, 4 ),
 ( 0.0000000000000000000, 0.2443466422217146800, 0.4905701214781019700, 0.7415482340492825000, 1.000000000000000000 ),
 .UNSPECIFIED. ) ;
#1853 = VERTEX_POINT ( 'NONE', #2044 ) ;
#1854 = EDGE_CURVE ( 'NONE', #7446, #3811, #9432, .T. ) ;
#1855 = ORIENTED_EDGE ( 'NONE', *, *, #6308, .F. ) ;
#1856 = PLANE ( 'NONE',  #6267 ) ;
#1857 = DIRECTION ( 'NONE',  ( 0.0000000000000000000, 0.0000000000000000000, 1.000000000000000000 ) ) ;
#1858 = CARTESIAN_POINT ( 'NONE',  ( 5.522650524279219700, 4.500000000000001800, -2.367767981338249100 ) ) ;
#1859 = ADVANCED_FACE ( 'NONE', ( #9796 ), #5145, .F. ) ;
#1860 = CARTESIAN_POINT ( 'NONE',  ( 6.713030195373701000, 4.500000000000003600, -2.380389325689974200 ) ) ;
#1861 = FILL_AREA_STYLE ('',( #4851 ) ) ;
#1862 = CARTESIAN_POINT ( 'NONE',  ( 2.737010598024668600, 4.500000000000000900, -1.304094516372340300 ) ) ;
#1863 = EDGE_LOOP ( 'NONE', ( #7730, #7534, #9898, #7247 ) ) ;
#1864 = CARTESIAN_POINT ( 'NONE',  ( 6.545050908320552800, 4.510000000000000700, -0.9793495519313747400 ) ) ;
#1865 = CARTESIAN_POINT ( 'NONE',  ( 6.431757091387573200, 4.509999999999999800, -1.340697637201566000 ) ) ;
#1866 =( LENGTH_UNIT ( ) NAMED_UNIT ( * ) SI_UNIT ( .MILLI., .METRE. ) );
#1867 = CARTESIAN_POINT ( 'NONE',  ( 5.043224201561155700, 4.499999999999999100, -2.530829638628621800 ) ) ;
#1868 = SURFACE_SIDE_STYLE ('',( #4198 ) ) ;
#1869 = CARTESIAN_POINT ( 'NONE',  ( 2.989592343284969400, 4.509999999999999800, -2.190927216376733300 ) ) ;
#1870 = CARTESIAN_POINT ( 'NONE',  ( 6.008992263031920800, 4.500000000000001800, -2.553347343801443300 ) ) ;
#1871 = CARTESIAN_POINT ( 'NONE',  ( 3.104092552548362700, 4.500000000000000900, -1.359379597329114500 ) ) ;
#1872 = ORIENTED_EDGE ( 'NONE', *, *, #1983, .T. ) ;
#1873 = ORIENTED_EDGE ( 'NONE', *, *, #5068, .T. ) ;
#1874 = COLOUR_RGB ( '',1.000000000000000000, 1.000000000000000000, 1.000000000000000000 ) ;
#1875 = FILL_AREA_STYLE ('',( #6493 ) ) ;
#1876 = CARTESIAN_POINT ( 'NONE',  ( 7.204580543154761200, 4.509999999999999800, -2.736630341376733000 ) ) ;
#1877 = STYLED_ITEM ( 'NONE', ( #3500 ), #5856 ) ;
#1878 = SURFACE_STYLE_FILL_AREA ( #7890 ) ;
#1879 = SURFACE_STYLE_FILL_AREA ( #8004 ) ;
#1880 = ORIENTED_EDGE ( 'NONE', *, *, #6730, .F. ) ;
#1881 = EDGE_CURVE ( 'NONE', #4624, #6958, #9185, .T. ) ;
#1882 = ORIENTED_EDGE ( 'NONE', *, *, #4191, .T. ) ;
#1883 = LINE ( 'NONE', #9087, #7659 ) ;
#1884 = CARTESIAN_POINT ( 'NONE',  ( 4.946420531898006300, 4.510000000000000700, -1.064356071063501200 ) ) ;
#1885 = CARTESIAN_POINT ( 'NONE',  ( 7.315020461309522700, 4.509999999999999800, -2.292840523203370400 ) ) ;
#1886 = DIRECTION ( 'NONE',  ( 1.000000000000000000, 0.0000000000000000000, 0.0000000000000000000 ) ) ;
#1887 = CYLINDRICAL_SURFACE ( 'NONE', #6533, 2.000000000000000000 ) ;
#1888 =( LENGTH_UNIT ( ) NAMED_UNIT ( * ) SI_UNIT ( .MILLI., .METRE. ) );
#1889 = PLANE ( 'NONE',  #4883 ) ;
#1890 = FILL_AREA_STYLE_COLOUR ( '', #218 ) ;
#1891 = LINE ( 'NONE', #3881, #6445 ) ;
#1892 = ORIENTED_EDGE ( 'NONE', *, *, #6567, .F. ) ;
#1893 = ORIENTED_EDGE ( 'NONE', *, *, #1665, .T. ) ;
#1894 = CARTESIAN_POINT ( 'NONE',  ( 4.955179268973211900, 4.499999999999999100, -2.736630341376733000 ) ) ;
#1895 = PRESENTATION_LAYER_ASSIGNMENT (  '', '', ( #8787 ) ) ;
#1896 = MECHANICAL_DESIGN_GEOMETRIC_PRESENTATION_REPRESENTATION (  '', ( #5150 ), #6716 ) ;
#1897 = CARTESIAN_POINT ( 'NONE',  ( 3.942562321022016200, 4.500000000000000000, -1.429774628317754100 ) ) ;
#1898 = STYLED_ITEM ( 'NONE', ( #2925 ), #597 ) ;
#1899 = CARTESIAN_POINT ( 'NONE',  ( 5.159544775695245300, 4.509999999999998900, -1.001501958244233300 ) ) ;
#1900 = SURFACE_STYLE_FILL_AREA ( #105 ) ;
#1901 = CARTESIAN_POINT ( 'NONE',  ( 5.130347207359171200, 4.500000000000000900, -2.414232400811927800 ) ) ;
#1902 = FILL_AREA_STYLE ('',( #7298 ) ) ;
#1903 = PRESENTATION_STYLE_ASSIGNMENT (( #3649 ) ) ;
#1904 = CARTESIAN_POINT ( 'NONE',  ( 5.856628567385527600, 4.509999999999999800, -2.484191714886017500 ) ) ;
#1905 = CARTESIAN_POINT ( 'NONE',  ( 6.394958496093749100, 4.509999999999999800, -2.560413707262149800 ) ) ;
#1906 = CARTESIAN_POINT ( 'NONE',  ( 4.482561383928570300, 4.500000000000000900, -2.283095824542656200 ) ) ;
#1907 = CARTESIAN_POINT ( 'NONE',  ( 3.891588091979859800, 4.509999999999998900, -1.536267157812387400 ) ) ;
#1908 = ADVANCED_FACE ( 'NONE', ( #1334 ), #4353, .T. ) ;
#1909 = FACE_OUTER_BOUND ( 'NONE', #1336, .T. ) ;
#1910 =( NAMED_UNIT ( * ) SI_UNIT ( $, .STERADIAN. ) SOLID_ANGLE_UNIT ( ) );
#1911 =( LENGTH_UNIT ( ) NAMED_UNIT ( * ) SI_UNIT ( .MILLI., .METRE. ) );
#1912 = FACE_OUTER_BOUND ( 'NONE', #7124, .T. ) ;
#1913 = EDGE_CURVE ( 'NONE', #8032, #6507, #7131, .T. ) ;
#1914 = ORIENTED_EDGE ( 'NONE', *, *, #6364, .F. ) ;
#1915 = PRESENTATION_LAYER_ASSIGNMENT (  '', '', ( #6209 ) ) ;
#1916 = CARTESIAN_POINT ( 'NONE',  ( 0.0000000000000000000, 1.000000000000000000, -6.000000000000016000 ) ) ;
#1917 = FACE_OUTER_BOUND ( 'NONE', #4456, .T. ) ;
#1918 = UNCERTAINTY_MEASURE_WITH_UNIT (LENGTH_MEASURE( 1.000000000000000100E-005 ), #9768, 'distance_accuracy_value', 'NONE');
#1919 = CARTESIAN_POINT ( 'NONE',  ( 4.549556187220980900, 4.500000000000000900, -2.315984182522566700 ) ) ;
#1920 = CARTESIAN_POINT ( 'NONE',  ( -1.000000000000000700, 1.000000000000000000, -12.00000000000000000 ) ) ;
#1921 = CARTESIAN_POINT ( 'NONE',  ( 6.027477501788582400, 4.510000000000000700, -2.554278226873298000 ) ) ;
#1922 = ORIENTED_EDGE ( 'NONE', *, *, #216, .F. ) ;
#1923 = CARTESIAN_POINT ( 'NONE',  ( 1.962400107687003900, 4.509999999999999800, -2.420860805166841900 ) ) ;
#1924 = FILL_AREA_STYLE ('',( #8762 ) ) ;
#1925 = CARTESIAN_POINT ( 'NONE',  ( 7.310929220012980100, 4.509999999999999800, -2.193783691474077800 ) ) ;
#1926 = FILL_AREA_STYLE_COLOUR ( '', #8703 ) ;
#1927 = CARTESIAN_POINT ( 'NONE',  ( 2.118952050712644000, 4.509999999999999800, -2.331300673399069100 ) ) ;
#1928 = EDGE_CURVE ( 'NONE', #9081, #7546, #3129, .T. ) ;
#1929 = DIRECTION ( 'NONE',  ( 1.000000000000000000, 0.0000000000000000000, 0.0000000000000000000 ) ) ;
#1930 = ORIENTED_EDGE ( 'NONE', *, *, #9226, .F. ) ;
#1931 = DIRECTION ( 'NONE',  ( 0.0000000000000000000, -1.000000000000000000, 0.0000000000000000000 ) ) ;
#1932 = CARTESIAN_POINT ( 'NONE',  ( 5.522401936848959600, 4.510000000000000700, -2.373640316265126500 ) ) ;
#1933 =( LENGTH_UNIT ( ) NAMED_UNIT ( * ) SI_UNIT ( .MILLI., .METRE. ) );
#1934 = CARTESIAN_POINT ( 'NONE',  ( 6.519419555907915300, 4.499999999999999100, -1.914122934850322400 ) ) ;
#1935 = MECHANICAL_DESIGN_GEOMETRIC_PRESENTATION_REPRESENTATION (  '', ( #9418 ), #5312 ) ;
#1936 = CARTESIAN_POINT ( 'NONE',  ( 6.772565569196427000, 4.510000000000000700, -1.099520966376733600 ) ) ;
#1937 = VECTOR ( 'NONE', #5146, 1000.000000000000000 ) ;
#1938 = CARTESIAN_POINT ( 'NONE',  ( 0.6497794413388472400, 4.500000000000001800, -2.638611333244233100 ) ) ;
#1939 = DIRECTION ( 'NONE',  ( -0.0000000000000000000, 1.000000000000000000, -0.0000000000000000000 ) ) ;
#1940 = EDGE_LOOP ( 'NONE', ( #7857, #8240, #5283, #3894, #7275, #5106, #3411, #5876, #1609, #5304, #9755, #8766, #1366, #1561, #4289, #9721, #89, #3053, #2380, #6069 ) ) ;
#1941 = CARTESIAN_POINT ( 'NONE',  ( 5.050985280931635100, 4.509999999999998900, -2.726937923305110100 ) ) ;
#1942 = CIRCLE ( 'NONE', #8197, 1.250000000000000200 ) ;
#1943 = EDGE_CURVE ( 'NONE', #8099, #9155, #1672, .T. ) ;
#1944 = SURFACE_STYLE_FILL_AREA ( #6860 ) ;
#1945 = CARTESIAN_POINT ( 'NONE',  ( 5.846201245759537800, 4.510000000000001600, -2.693440943449968600 ) ) ;
#1946 = SURFACE_SIDE_STYLE ('',( #7654 ) ) ;
#1947 = ORIENTED_EDGE ( 'NONE', *, *, #3920, .T. ) ;
#1948 = CARTESIAN_POINT ( 'NONE',  ( 5.790000000000003600, 2.490000000000000200, 5.799999999999983800 ) ) ;
#1949 = CARTESIAN_POINT ( 'NONE',  ( 7.310929220012980100, 4.509999999999999800, -2.193783691474077800 ) ) ;
#1950 = ADVANCED_FACE ( 'NONE', ( #5730 ), #9023, .T. ) ;
#1951 = CARTESIAN_POINT ( 'NONE',  ( 1.865703764415922000, 4.500000000000002700, -2.190927216376733300 ) ) ;
#1952 =( GEOMETRIC_REPRESENTATION_CONTEXT ( 3 ) GLOBAL_UNCERTAINTY_ASSIGNED_CONTEXT ( ( #9619 ) ) GLOBAL_UNIT_ASSIGNED_CONTEXT ( ( #5865, #5796, #9666 ) ) REPRESENTATION_CONTEXT ( 'NONE', 'WORKASPACE' ) );
#1953 = CARTESIAN_POINT ( 'NONE',  ( 5.997862025669642900, 4.509999999999999800, -1.099520966376733600 ) ) ;
#1954 = CARTESIAN_POINT ( 'NONE',  ( 7.240717134021577000, 4.509999999999999800, -1.827125133043400000 ) ) ;
#1955 =( NAMED_UNIT ( * ) SI_UNIT ( $, .STERADIAN. ) SOLID_ANGLE_UNIT ( ) );
#1956 = CARTESIAN_POINT ( 'NONE',  ( 7.168411742255258000, 4.500000000000000000, -2.554021032845542800 ) ) ;
#1957 = EDGE_LOOP ( 'NONE', ( #7052, #3096, #1069, #9559 ) ) ;
#1958 = EDGE_CURVE ( 'NONE', #6097, #3945, #3732, .T. ) ;
#1959 = VERTEX_POINT ( 'NONE', #9055 ) ;
#1960 = CARTESIAN_POINT ( 'NONE',  ( 5.455407133556547300, 4.500000000000000900, -1.099520966376733600 ) ) ;
#1961 = SURFACE_STYLE_FILL_AREA ( #4710 ) ;
#1962 = CARTESIAN_POINT ( 'NONE',  ( 3.852404203869047400, 4.510000000000000700, -1.359379597329114700 ) ) ;
#1963 = CARTESIAN_POINT ( 'NONE',  ( 0.0000000000000000000, -0.01000000000000002600, 1.999999999999984500 ) ) ;
#1964 = CARTESIAN_POINT ( 'NONE',  ( 5.172699077772520600, 4.510000000000001600, -2.668068866232034400 ) ) ;
#1965 = STYLED_ITEM ( 'NONE', ( #1308 ), #9309 ) ;
#1966 = ORIENTED_EDGE ( 'NONE', *, *, #5626, .T. ) ;
#1967 = CARTESIAN_POINT ( 'NONE',  ( 3.048632495190187100, 4.509999999999999800, -1.529553217398840000 ) ) ;
#1968 = DIRECTION ( 'NONE',  ( -0.7071067811865472400, 0.0000000000000000000, 0.7071067811865479100 ) ) ;
#1969 = CARTESIAN_POINT ( 'NONE',  ( 6.442446172954622500, 4.500000000000003600, -2.425691587641274800 ) ) ;
#1970 = FACE_OUTER_BOUND ( 'NONE', #5392, .T. ) ;
#1971 = PRESENTATION_LAYER_ASSIGNMENT (  '', '', ( #7249 ) ) ;
#1972 = CARTESIAN_POINT ( 'NONE',  ( 3.999999999999999100, 1.000000000000000000, -10.00000000000000200 ) ) ;
#1973 = B_SPLINE_CURVE_WITH_KNOTS ( 'NONE', 3,
 ( #9753, #7514, #2921, #5108, #8270, #3706, #9017, #9051, #4443, #9791, #1424 ),
 .UNSPECIFIED., .F., .F.,
 ( 4, 1, 1, 1, 1, 1, 1, 1, 4 ),
 ( 0.0000000000000000000, 0.1463941581703432400, 0.2741462767690248100, 0.3914718108035067900, 0.5012977292221224600, 0.6111236476407392300, 0.7259264616833669400, 0.8563590895686886700, 1.000000000000000000 ),
 .UNSPECIFIED. ) ;
#1974 = CARTESIAN_POINT ( 'NONE',  ( 4.029413241663991800, 4.509999999999998900, -0.9880149556987065700 ) ) ;
#1975 = DIRECTION ( 'NONE',  ( -1.000000000000000000, 0.0000000000000000000, 0.0000000000000000000 ) ) ;
#1976 = ORIENTED_EDGE ( 'NONE', *, *, #5233, .F. ) ;
#1977 = CARTESIAN_POINT ( 'NONE',  ( 4.957635098179753000, 4.500000000000000900, -0.9880149556987067900 ) ) ;
#1978 = DIRECTION ( 'NONE',  ( 0.0000000000000000000, 0.7071067811865489100, -0.7071067811865462400 ) ) ;
#1979 = LINE ( 'NONE', #8805, #5309 ) ;
#1980 =( GEOMETRIC_REPRESENTATION_CONTEXT ( 3 ) GLOBAL_UNCERTAINTY_ASSIGNED_CONTEXT ( ( #7698 ) ) GLOBAL_UNIT_ASSIGNED_CONTEXT ( ( #9672, #3562, #8877 ) ) REPRESENTATION_CONTEXT ( 'NONE', 'WORKASPACE' ) );
#1981 = CARTESIAN_POINT ( 'NONE',  ( 1.745735868673416100, 4.509999999999999800, -2.577083858657770700 ) ) ;
#1982 = FILL_AREA_STYLE ('',( #8176 ) ) ;
#1983 = EDGE_CURVE ( 'NONE', #4671, #8464, #2875, .T. ) ;
#1984 =( NAMED_UNIT ( * ) PLANE_ANGLE_UNIT ( ) SI_UNIT ( $, .RADIAN. ) );
#1985 = CARTESIAN_POINT ( 'NONE',  ( 6.442446172954622500, 4.510000000000002500, -2.425691587641274800 ) ) ;
#1986 = CARTESIAN_POINT ( 'NONE',  ( 6.262593005952380700, 4.500000000000000900, -2.372828258043400100 ) ) ;
#1987 = ORIENTED_EDGE ( 'NONE', *, *, #4324, .F. ) ;
#1988 = ORIENTED_EDGE ( 'NONE', *, *, #3225, .T. ) ;
#1989 =( NAMED_UNIT ( * ) PLANE_ANGLE_UNIT ( ) SI_UNIT ( $, .RADIAN. ) );
#1990 = CARTESIAN_POINT ( 'NONE',  ( 1.718218433241836900, 4.499999999999999100, -1.157282587250104500 ) ) ;
#1991 = CARTESIAN_POINT ( 'NONE',  ( 0.6811882773299058300, 4.510000000000000700, -1.000135495735446000 ) ) ;
#1992 = CARTESIAN_POINT ( 'NONE',  ( 2.135713123139880500, 4.510000000000000700, -1.099520966376733800 ) ) ;
#1993 = ADVANCED_FACE ( 'NONE', ( #3600 ), #1430, .T. ) ;
#1994 = CARTESIAN_POINT ( 'NONE',  ( 4.392016892206099100, 4.509999999999999800, -2.373640316265126100 ) ) ;
#1995 = COLOUR_RGB ( '',0.2509803921568627400, 0.2509803921568627400, 0.2509803921568627400 ) ;
#1996 = PRODUCT_DEFINITION_SHAPE ( 'NONE', 'NONE',  #4039 ) ;
#1997 = VERTEX_POINT ( 'NONE', #8992 ) ;
#1998 = ORIENTED_EDGE ( 'NONE', *, *, #6595, .F. ) ;
#1999 = CARTESIAN_POINT ( 'NONE',  ( 2.599331693659679800, 4.500000000000000900, -1.112551879128611300 ) ) ;
#2000 = CARTESIAN_POINT ( 'NONE',  ( 5.020955984933034500, 4.509999999999999800, -2.138549461075394100 ) ) ;
#2001 = CARTESIAN_POINT ( 'NONE',  ( 7.359332956214194300, 4.500000000000000900, -2.694242634794588500 ) ) ;
#2002 = CARTESIAN_POINT ( 'NONE',  ( 2.402880278087797400, 4.509999999999999800, -0.9838026697807514800 ) ) ;
#2003 = ORIENTED_EDGE ( 'NONE', *, *, #9194, .T. ) ;
#2004 = CARTESIAN_POINT ( 'NONE',  ( 3.013825529268670400, 4.510000000000000700, -1.471055787771994700 ) ) ;
#2005 = CARTESIAN_POINT ( 'NONE',  ( 6.433573567514912400, 4.499999999999999100, -2.473263217025896600 ) ) ;
#2006 = EDGE_CURVE ( 'NONE', #2311, #5674, #4759, .T. ) ;
#2007 = DIRECTION ( 'NONE',  ( 0.0000000000000000000, 1.000000000000000000, 0.0000000000000000000 ) ) ;
#2008 = ADVANCED_FACE ( 'NONE', ( #6086 ), #9108, .T. ) ;
#2009 = PLANE ( 'NONE',  #2948 ) ;
#2010 = FACE_OUTER_BOUND ( 'NONE', #1626, .T. ) ;
#2011 =( LENGTH_UNIT ( ) NAMED_UNIT ( * ) SI_UNIT ( .MILLI., .METRE. ) );
#2012 = ORIENTED_EDGE ( 'NONE', *, *, #4255, .T. ) ;
#2013 = STYLED_ITEM ( 'NONE', ( #4985 ), #7094 ) ;
#2014 = ORIENTED_EDGE ( 'NONE', *, *, #5729, .T. ) ;
#2015 = CARTESIAN_POINT ( 'NONE',  ( 6.085564313616071500, 4.509999999999999800, -2.736630341376733000 ) ) ;
#2016 = VECTOR ( 'NONE', #1939, 1000.000000000000000 ) ;
#2017 =( NAMED_UNIT ( * ) PLANE_ANGLE_UNIT ( ) SI_UNIT ( $, .RADIAN. ) );
#2018 = PRESENTATION_LAYER_ASSIGNMENT (  '', '', ( #4749 ) ) ;
#2019 = EDGE_CURVE ( 'NONE', #3304, #942, #3852, .T. ) ;
#2020 = COLOUR_RGB ( '',1.000000000000000000, 1.000000000000000000, 1.000000000000000000 ) ;
#2021 = FILL_AREA_STYLE_COLOUR ( '', #5381 ) ;
#2022 = CARTESIAN_POINT ( 'NONE',  ( 4.000000000000003600, 1.740000000000000000, 5.999999999999984000 ) ) ;
#2023 = CARTESIAN_POINT ( 'NONE',  ( 6.261690702422673600, 4.500000000000000900, -2.344464161783644600 ) ) ;
#2024 = CARTESIAN_POINT ( 'NONE',  ( 5.029727901015373700, 4.500000000000000000, -2.148605785864427200 ) ) ;
#2025 = PRESENTATION_STYLE_ASSIGNMENT (( #8028 ) ) ;
#2026 =( NAMED_UNIT ( * ) SI_UNIT ( $, .STERADIAN. ) SOLID_ANGLE_UNIT ( ) );
#2027 = CARTESIAN_POINT ( 'NONE',  ( 7.133693609701246900, 4.510000000000000700, -2.553769246868733900 ) ) ;
#2028 = CARTESIAN_POINT ( 'NONE',  ( 2.141840252967773600, 4.509999999999998900, -2.358750625986579600 ) ) ;
#2029 = CARTESIAN_POINT ( 'NONE',  ( 6.260732252002033400, 4.510000000000001600, -2.414232400811928200 ) ) ;
#2030 = STYLED_ITEM ( 'NONE', ( #3243 ), #8145 ) ;
#2031 = COLOUR_RGB ( '',1.000000000000000000, 1.000000000000000000, 1.000000000000000000 ) ;
#2032 = UNCERTAINTY_MEASURE_WITH_UNIT (LENGTH_MEASURE( 1.000000000000000100E-005 ), #9251, 'distance_accuracy_value', 'NONE');
#2033 = B_SPLINE_CURVE_WITH_KNOTS ( 'NONE', 3,
 ( #3502, #477, #1945, #374, #9584, #5781, #2015 ),
 .UNSPECIFIED., .F., .F.,
 ( 4, 1, 1, 1, 4 ),
 ( 0.0000000000000000000, 0.2432027598354963600, 0.4864218073515730300, 0.7377376028668435300, 0.9999999999999998900 ),
 .UNSPECIFIED. ) ;
#2034 =( GEOMETRIC_REPRESENTATION_CONTEXT ( 3 ) GLOBAL_UNCERTAINTY_ASSIGNED_CONTEXT ( ( #3770 ) ) GLOBAL_UNIT_ASSIGNED_CONTEXT ( ( #9686, #5118, #8927 ) ) REPRESENTATION_CONTEXT ( 'NONE', 'WORKASPACE' ) );
#2035 = DIRECTION ( 'NONE',  ( -0.0000000000000000000, -0.0000000000000000000, -1.000000000000000000 ) ) ;
#2036 =( GEOMETRIC_REPRESENTATION_CONTEXT ( 3 ) GLOBAL_UNCERTAINTY_ASSIGNED_CONTEXT ( ( #248 ) ) GLOBAL_UNIT_ASSIGNED_CONTEXT ( ( #7731, #3957, #8506 ) ) REPRESENTATION_CONTEXT ( 'NONE', 'WORKASPACE' ) );
#2037 = CARTESIAN_POINT ( 'NONE',  ( 2.592279364538936400, 4.500000000000000900, -1.416090353273881100 ) ) ;
#2038 = DIRECTION ( 'NONE',  ( -0.0000000000000000000, -1.000000000000000000, -0.0000000000000000000 ) ) ;
#2039 = CARTESIAN_POINT ( 'NONE',  ( 4.957888608791359200, 4.500000000000000900, -1.001501958244233300 ) ) ;
#2040 = DIRECTION ( 'NONE',  ( -0.0000000000000000000, -1.000000000000000000, -0.0000000000000000000 ) ) ;
#2041 = CARTESIAN_POINT ( 'NONE',  ( 2.602220535631536900, 4.509999999999998900, -1.447744820114415400 ) ) ;
#2042 = CARTESIAN_POINT ( 'NONE',  ( 0.7331427023621579500, 4.500000000000000900, -2.555099354554651600 ) ) ;
#2043 = ORIENTED_EDGE ( 'NONE', *, *, #7771, .T. ) ;
#2044 = CARTESIAN_POINT ( 'NONE',  ( 0.7100000000000031800, 2.990000000000000200, 5.799999999999983800 ) ) ;
#2045 = CARTESIAN_POINT ( 'NONE',  ( 4.906049746558777800, 4.509999999999999800, -2.554729299710066600 ) ) ;
#2046 = B_SPLINE_CURVE_WITH_KNOTS ( 'NONE', 3,
 ( #6016, #778, #6157, #1581, #3898, #6119, #9894, #6837, #4542, #4568, #8395 ),
 .UNSPECIFIED., .F., .F.,
 ( 4, 1, 1, 1, 1, 1, 1, 1, 4 ),
 ( 0.0000000000000000000, 0.1440306613881541500, 0.2740342620545193100, 0.3901554936314426400, 0.4984253191023453900, 0.6105705555072871200, 0.7255366516136359000, 0.8561547915775160600, 1.000000000000000000 ),
 .UNSPECIFIED. ) ;
#2047 = AXIS2_PLACEMENT_3D ( 'NONE', #7521, #5881, #650 ) ;
#2048 = ADVANCED_FACE ( 'NONE', ( #3839 ), #4543, .T. ) ;
#2049 =( LENGTH_UNIT ( ) NAMED_UNIT ( * ) SI_UNIT ( .MILLI., .METRE. ) );
#2050 = EDGE_CURVE ( 'NONE', #6246, #3833, #5907, .T. ) ;
#2051 =( NAMED_UNIT ( * ) SI_UNIT ( $, .STERADIAN. ) SOLID_ANGLE_UNIT ( ) );
#2052 = VERTEX_POINT ( 'NONE', #3027 ) ;
#2053 = FILL_AREA_STYLE ('',( #8118 ) ) ;
#2054 = CARTESIAN_POINT ( 'NONE',  ( 1.846620396205356500, 4.509999999999999800, -1.375214732652775300 ) ) ;
#2055 = CARTESIAN_POINT ( 'NONE',  ( 6.353102374140174600, 4.500000000000001800, -2.100932883778873900 ) ) ;
#2056 = CARTESIAN_POINT ( 'NONE',  ( 6.860963925030465500, 4.510000000000000700, -1.125414157835341200 ) ) ;
#2057 = ADVANCED_FACE ( 'NONE', ( #8471 ), #6212, .F. ) ;
#2058 =( NAMED_UNIT ( * ) PLANE_ANGLE_UNIT ( ) SI_UNIT ( $, .RADIAN. ) );
#2059 = ORIENTED_EDGE ( 'NONE', *, *, #830, .F. ) ;
#2060 = DIRECTION ( 'NONE',  ( 1.000000000000000000, 0.0000000000000000000, 0.0000000000000000000 ) ) ;
#2061 = DIRECTION ( 'NONE',  ( -0.0000000000000000000, -1.000000000000000000, -0.0000000000000000000 ) ) ;
#2062 = CARTESIAN_POINT ( 'NONE',  ( 4.482561383928570300, 4.509999999999999800, -2.283095824542656200 ) ) ;
#2063 = COLOUR_RGB ( '',1.000000000000000000, 1.000000000000000000, 1.000000000000000000 ) ;
#2064 = CARTESIAN_POINT ( 'NONE',  ( 6.134028383993286800, 4.509999999999999800, -2.545027625353822200 ) ) ;
#2065 = FACE_OUTER_BOUND ( 'NONE', #3203, .T. ) ;
#2066 = CARTESIAN_POINT ( 'NONE',  ( 2.602220535631536900, 4.500000000000000000, -1.447744820114415400 ) ) ;
#2067 = ORIENTED_EDGE ( 'NONE', *, *, #2280, .F. ) ;
#2068 = CARTESIAN_POINT ( 'NONE',  ( 2.802006894066219700, 4.509999999999999800, -2.190927216376733300 ) ) ;
#2069 = CARTESIAN_POINT ( 'NONE',  ( 3.104092552548363100, 4.500000000000001800, -1.541280638995781400 ) ) ;
#2070 = MECHANICAL_DESIGN_GEOMETRIC_PRESENTATION_REPRESENTATION (  '', ( #8104 ), #1754 ) ;
#2071 = CARTESIAN_POINT ( 'NONE',  ( 5.273937723451807000, 4.509999999999999800, -2.191770001969793700 ) ) ;
#2072 = FILL_AREA_STYLE ('',( #8203 ) ) ;
#2073 = CARTESIAN_POINT ( 'NONE',  ( 0.6500329519504529600, 4.500000000000001800, -2.625124330698707100 ) ) ;
#2074 = FACE_BOUND ( 'NONE', #5267, .T. ) ;
#2075 = CARTESIAN_POINT ( 'NONE',  ( 7.440715358981812200, 4.500000000000000000, -1.853601093566124500 ) ) ;
#2076 = VERTEX_POINT ( 'NONE', #1553 ) ;
#2077 = ORIENTED_EDGE ( 'NONE', *, *, #6471, .F. ) ;
#2078 = EDGE_CURVE ( 'NONE', #179, #1959, #5170, .T. ) ;
#2079 = CARTESIAN_POINT ( 'NONE',  ( 2.814187767392112500, 4.500000000000000900, -2.279035533434024900 ) ) ;
#2080 = FACE_OUTER_BOUND ( 'NONE', #5350, .T. ) ;
#2081 = CARTESIAN_POINT ( 'NONE',  ( 0.0000000000000000000, 1.000000000000000000, 0.0000000000000000000 ) ) ;
#2082 = CARTESIAN_POINT ( 'NONE',  ( 4.471713499769149900, 4.500000000000000900, -2.502542730447145500 ) ) ;
#2083 = CARTESIAN_POINT ( 'NONE',  ( 2.671671549479165600, 4.509999999999999800, -2.518998737954114100 ) ) ;
#2084 = ORIENTED_EDGE ( 'NONE', *, *, #4717, .T. ) ;
#2085 = FILL_AREA_STYLE ('',( #2021 ) ) ;
#2086 = CARTESIAN_POINT ( 'NONE',  ( 4.647003173828124100, 4.510000000000000700, -2.655424519204114800 ) ) ;
#2087 = UNCERTAINTY_MEASURE_WITH_UNIT (LENGTH_MEASURE( 1.000000000000000100E-005 ), #1911, 'distance_accuracy_value', 'NONE');
#2088 =( GEOMETRIC_REPRESENTATION_CONTEXT ( 3 ) GLOBAL_UNCERTAINTY_ASSIGNED_CONTEXT ( ( #2447 ) ) GLOBAL_UNIT_ASSIGNED_CONTEXT ( ( #4687, #5429, #868 ) ) REPRESENTATION_CONTEXT ( 'NONE', 'WORKASPACE' ) );
#2089 = CARTESIAN_POINT ( 'NONE',  ( 5.666892911714167100, 4.500000000000001800, -2.301346730429791900 ) ) ;
#2090 = PRESENTATION_STYLE_ASSIGNMENT (( #9005 ) ) ;
#2091 = AXIS2_PLACEMENT_3D ( 'NONE', #9122, #5353, #119 ) ;
#2092 = CARTESIAN_POINT ( 'NONE',  ( 1.785994525479323900, 4.509999999999999800, -1.062853970187231300 ) ) ;
#2093 = DIRECTION ( 'NONE',  ( 2.168404344971008900E-016, 0.0000000000000000000, 1.000000000000000000 ) ) ;
#2094 = CARTESIAN_POINT ( 'NONE',  ( 5.544327508835565700, 4.500000000000000900, -2.432514537340274800 ) ) ;
#2095 = CARTESIAN_POINT ( 'NONE',  ( 5.997862025669642900, 4.509999999999999800, -0.9176199247100669300 ) ) ;
#2096 = PRESENTATION_LAYER_ASSIGNMENT (  '', '', ( #7932 ) ) ;
#2097 = LINE ( 'NONE', #7630, #53 ) ;
#2098 = COLOUR_RGB ( '',1.000000000000000000, 1.000000000000000000, 1.000000000000000000 ) ;
#2099 = DIRECTION ( 'NONE',  ( -0.0000000000000000000, -1.000000000000000000, -0.0000000000000000000 ) ) ;
#2100 = ORIENTED_EDGE ( 'NONE', *, *, #6351, .T. ) ;
#2101 = PLANE ( 'NONE',  #4270 ) ;
#2102 = CARTESIAN_POINT ( 'NONE',  ( 7.061120430244218800, 4.500000000000000900, -1.064300517790911700 ) ) ;
#2103 = UNCERTAINTY_MEASURE_WITH_UNIT (LENGTH_MEASURE( 1.000000000000000100E-005 ), #5173, 'distance_accuracy_value', 'NONE');
#2104 = CARTESIAN_POINT ( 'NONE',  ( 2.655514486759907600, 4.509999999999999800, -1.176757360323006200 ) ) ;
#2105 = SURFACE_STYLE_FILL_AREA ( #1548 ) ;
#2106 = ADVANCED_FACE ( 'NONE', ( #9065 ), #9240, .F. ) ;
#2107 = ORIENTED_EDGE ( 'NONE', *, *, #6531, .F. ) ;
#2108 = AXIS2_PLACEMENT_3D ( 'NONE', #7588, #4515, #6052 ) ;
#2109 = CARTESIAN_POINT ( 'NONE',  ( 4.099112694851367400, 4.500000000000000900, -0.9186940498218997300 ) ) ;
#2110 = COLOUR_RGB ( '',1.000000000000000000, 1.000000000000000000, 1.000000000000000000 ) ;
#2111 = COLOUR_RGB ( '',1.000000000000000000, 1.000000000000000000, 1.000000000000000000 ) ;
#2112 = CARTESIAN_POINT ( 'NONE',  ( 5.696529762792982500, 4.500000000000000900, -2.336187194071017700 ) ) ;
#2113 = DIRECTION ( 'NONE',  ( -0.0000000000000000000, -1.000000000000000000, -0.0000000000000000000 ) ) ;
#2114 = COLOUR_RGB ( '',0.8470588235294117500, 0.8470588235294117500, 0.8470588235294117500 ) ;
#2115 = ORIENTED_EDGE ( 'NONE', *, *, #7701, .F. ) ;
#2116 = ORIENTED_EDGE ( 'NONE', *, *, #3108, .F. ) ;
#2117 = FACE_OUTER_BOUND ( 'NONE', #1489, .T. ) ;
#2118 = UNCERTAINTY_MEASURE_WITH_UNIT (LENGTH_MEASURE( 1.000000000000000100E-005 ), #709, 'distance_accuracy_value', 'NONE');
#2119 = CARTESIAN_POINT ( 'NONE',  ( 3.001773216610862200, 4.509999999999999800, -2.281877737210066900 ) ) ;
#2120 = EDGE_CURVE ( 'NONE', #576, #9461, #9789, .T. ) ;
#2121 = CARTESIAN_POINT ( 'NONE',  ( 0.7010071809926091700, 4.509999999999998900, -2.731616860193340400 ) ) ;
#2122 = FILL_AREA_STYLE ('',( #9767 ) ) ;
#2123 = PLANE ( 'NONE',  #3661 ) ;
#2124 = ORIENTED_EDGE ( 'NONE', *, *, #3988, .T. ) ;
#2125 = ORIENTED_EDGE ( 'NONE', *, *, #4163, .F. ) ;
#2126 = DIRECTION ( 'NONE',  ( 1.000000000000000000, -0.0000000000000000000, -0.0000000000000000000 ) ) ;
#2127 = ORIENTED_EDGE ( 'NONE', *, *, #617, .F. ) ;
#2128 = SURFACE_SIDE_STYLE ('',( #7981 ) ) ;
#2129 = CARTESIAN_POINT ( 'NONE',  ( 6.613744878981242100, 4.500000000000000900, -1.340939343647796500 ) ) ;
#2130 = SURFACE_STYLE_FILL_AREA ( #5505 ) ;
#2131 = SURFACE_STYLE_USAGE ( .BOTH. , #2844 ) ;
#2132 = ORIENTED_EDGE ( 'NONE', *, *, #419, .T. ) ;
#2133 = CARTESIAN_POINT ( 'NONE',  ( 2.949664431293046500, 4.500000000000000000, -2.480804136781038900 ) ) ;
#2134 = FILL_AREA_STYLE ('',( #4407 ) ) ;
#2135 =( NAMED_UNIT ( * ) PLANE_ANGLE_UNIT ( ) SI_UNIT ( $, .RADIAN. ) );
#2136 = EDGE_CURVE ( 'NONE', #1364, #5566, #9654, .T. ) ;
#2137 = VERTEX_POINT ( 'NONE', #2545 ) ;
#2138 = APPLICATION_PROTOCOL_DEFINITION ( 'draft international standard', 'automotive_design', 1998, #3791 ) ;
#2139 = DIRECTION ( 'NONE',  ( 2.168404344971008900E-016, 0.0000000000000000000, 1.000000000000000000 ) ) ;
#2140 = VECTOR ( 'NONE', #7144, 1000.000000000000000 ) ;
#2141 =( GEOMETRIC_REPRESENTATION_CONTEXT ( 3 ) GLOBAL_UNCERTAINTY_ASSIGNED_CONTEXT ( ( #5384 ) ) GLOBAL_UNIT_ASSIGNED_CONTEXT ( ( #6845, #2218, #1492 ) ) REPRESENTATION_CONTEXT ( 'NONE', 'WORKASPACE' ) );
#2142 = FACE_OUTER_BOUND ( 'NONE', #1516, .T. ) ;
#2143 = CARTESIAN_POINT ( 'NONE',  ( 0.6809108189174105700, 4.500000000000000900, -1.005728241767358500 ) ) ;
#2144 = CARTESIAN_POINT ( 'NONE',  ( 6.888779430108173500, 4.500000000000001800, -2.319159550889543700 ) ) ;
#2145 = CARTESIAN_POINT ( 'NONE',  ( 0.7401910691034224700, 4.509999999999999800, -2.736630341376733000 ) ) ;
#2146 = CARTESIAN_POINT ( 'NONE',  ( 7.277357436592456700, 4.510000000000001600, -2.488779595997046000 ) ) ;
#2147 = MECHANICAL_DESIGN_GEOMETRIC_PRESENTATION_REPRESENTATION (  '', ( #3508 ), #1774 ) ;
#2148 =( GEOMETRIC_REPRESENTATION_CONTEXT ( 3 ) GLOBAL_UNCERTAINTY_ASSIGNED_CONTEXT ( ( #7219 ) ) GLOBAL_UNIT_ASSIGNED_CONTEXT ( ( #2757, #7352, #5789 ) ) REPRESENTATION_CONTEXT ( 'NONE', 'WORKASPACE' ) );
#2149 = DIRECTION ( 'NONE',  ( 0.0000000000000000000, -1.000000000000000000, 4.336808689942025100E-016 ) ) ;
#2150 = VECTOR ( 'NONE', #8186, 1000.000000000000000 ) ;
#2151 = CARTESIAN_POINT ( 'NONE',  ( 4.657965959821427600, 4.500000000000000900, -2.429672333564233600 ) ) ;
#2152 = LINE ( 'NONE', #4738, #5972 ) ;
#2153 = PLANE ( 'NONE',  #9379 ) ;
#2154 = ORIENTED_EDGE ( 'NONE', *, *, #4672, .T. ) ;
#2155 = UNCERTAINTY_MEASURE_WITH_UNIT (LENGTH_MEASURE( 1.000000000000000100E-005 ), #1372, 'distance_accuracy_value', 'NONE');
#2156 = FILL_AREA_STYLE ('',( #1402 ) ) ;
#2157 = FILL_AREA_STYLE ('',( #6616 ) ) ;
#2158 = UNCERTAINTY_MEASURE_WITH_UNIT (LENGTH_MEASURE( 1.000000000000000100E-005 ), #7643, 'distance_accuracy_value', 'NONE');
#2159 = CARTESIAN_POINT ( 'NONE',  ( 1.755972059074294400, 4.500000000000001800, -2.590227330290587400 ) ) ;
#2160 =( GEOMETRIC_REPRESENTATION_CONTEXT ( 3 ) GLOBAL_UNCERTAINTY_ASSIGNED_CONTEXT ( ( #7262 ) ) GLOBAL_UNIT_ASSIGNED_CONTEXT ( ( #88, #1566, #8474 ) ) REPRESENTATION_CONTEXT ( 'NONE', 'WORKASPACE' ) );
#2161 =( GEOMETRIC_REPRESENTATION_CONTEXT ( 3 ) GLOBAL_UNCERTAINTY_ASSIGNED_CONTEXT ( ( #9313 ) ) GLOBAL_UNIT_ASSIGNED_CONTEXT ( ( #1564, #18, #7020 ) ) REPRESENTATION_CONTEXT ( 'NONE', 'WORKASPACE' ) );
#2162 = ORIENTED_EDGE ( 'NONE', *, *, #661, .F. ) ;
#2163 = FILL_AREA_STYLE_COLOUR ( '', #8112 ) ;
#2164 =( GEOMETRIC_REPRESENTATION_CONTEXT ( 3 ) GLOBAL_UNCERTAINTY_ASSIGNED_CONTEXT ( ( #7864 ) ) GLOBAL_UNIT_ASSIGNED_CONTEXT ( ( #5258, #9046, #3737 ) ) REPRESENTATION_CONTEXT ( 'NONE', 'WORKASPACE' ) );
#2165 = CARTESIAN_POINT ( 'NONE',  ( 7.215527399761832300, 4.509999999999999800, -1.272699463758166100 ) ) ;
#2166 = CARTESIAN_POINT ( 'NONE',  ( 3.937764226140070300, 4.500000000000000000, -1.489723548288325500 ) ) ;
#2167 = B_SPLINE_CURVE_WITH_KNOTS ( 'NONE', 3,
 ( #2786, #8621, #9586, #3329, #5590, #1981, #4063, #3538, #513, #8852, #1189 ),
 .UNSPECIFIED., .F., .F.,
 ( 4, 1, 1, 1, 1, 1, 1, 1, 4 ),
 ( 0.0000000000000000000, 0.1438452084224813300, 0.2744633483863630500, 0.3894294444927137700, 0.5015746808976548900, 0.6098445063685589100, 0.7259657379454791400, 0.8559693386118457600, 1.000000000000000000 ),
 .UNSPECIFIED. ) ;
#2168 = CARTESIAN_POINT ( 'NONE',  ( 5.151697358630950200, 4.500000000000000900, -2.011868378486108400 ) ) ;
#2169 = CARTESIAN_POINT ( 'NONE',  ( 5.606950058225275600, 4.500000000000001800, -2.283363954505303700 ) ) ;
#2170 = SURFACE_STYLE_FILL_AREA ( #9629 ) ;
#2171 = VERTEX_POINT ( 'NONE', #9447 ) ;
#2172 = SURFACE_STYLE_USAGE ( .BOTH. , #9242 ) ;
#2173 = FILL_AREA_STYLE_COLOUR ( '', #885 ) ;
#2174 = EDGE_CURVE ( 'NONE', #3123, #5296, #5609, .T. ) ;
#2175 = CARTESIAN_POINT ( 'NONE',  ( 6.798145403180804200, 4.510000000000000700, -2.137331373742805700 ) ) ;
#2176 =( LENGTH_UNIT ( ) NAMED_UNIT ( * ) SI_UNIT ( .MILLI., .METRE. ) );
#2177 = UNCERTAINTY_MEASURE_WITH_UNIT (LENGTH_MEASURE( 1.000000000000000100E-005 ), #5760, 'distance_accuracy_value', 'NONE');
#2178 = CARTESIAN_POINT ( 'NONE',  ( 0.6853771391369045700, 4.500000000000000900, -1.033338221306048900 ) ) ;
#2179 = ORIENTED_EDGE ( 'NONE', *, *, #9107, .T. ) ;
#2180 = SURFACE_SIDE_STYLE ('',( #7186 ) ) ;
#2181 = VECTOR ( 'NONE', #2417, 1000.000000000000000 ) ;
#2182 = CARTESIAN_POINT ( 'NONE',  ( 5.790000000000003600, 2.990000000000000200, 5.799999999999983800 ) ) ;
#2183 = CARTESIAN_POINT ( 'NONE',  ( 4.871646986402142300, 4.510000000000000700, -2.734255089716013800 ) ) ;
#2184 = COLOUR_RGB ( '',1.000000000000000000, 1.000000000000000000, 1.000000000000000000 ) ;
#2185 = DIRECTION ( 'NONE',  ( -0.0000000000000000000, -1.000000000000000000, -0.0000000000000000000 ) ) ;
#2186 = DIRECTION ( 'NONE',  ( -0.0000000000000000000, -1.000000000000000000, -0.0000000000000000000 ) ) ;
#2187 = CARTESIAN_POINT ( 'NONE',  ( 1.660964024585010100, 4.509999999999999800, -1.355132763525009400 ) ) ;
#2188 = ORIENTED_EDGE ( 'NONE', *, *, #9482, .F. ) ;
#2189 = CARTESIAN_POINT ( 'NONE',  ( 1.716695000891258500, 4.500000000000001800, -2.559454679426736300 ) ) ;
#2190 = FACE_OUTER_BOUND ( 'NONE', #8277, .T. ) ;
#2191 = EDGE_CURVE ( 'NONE', #3289, #6318, #1762, .T. ) ;
#2192 = CARTESIAN_POINT ( 'NONE',  ( 6.417512328857923400, 4.510000000000001600, -2.518405064466795000 ) ) ;
#2193 = CARTESIAN_POINT ( 'NONE',  ( 7.027567996916065600, 4.500000000000001800, -1.033271377414996000 ) ) ;
#2194 = CARTESIAN_POINT ( 'NONE',  ( 7.494626104497546000, 4.500000000000000000, -2.187051903601893200 ) ) ;
#2195 = EDGE_LOOP ( 'NONE', ( #7369, #1047, #3392, #7187 ) ) ;
#2196 = ORIENTED_EDGE ( 'NONE', *, *, #2120, .T. ) ;
#2197 = CARTESIAN_POINT ( 'NONE',  ( 2.968482767140934600, 4.510000000000000700, -2.446552390498969200 ) ) ;
#2198 = MECHANICAL_DESIGN_GEOMETRIC_PRESENTATION_REPRESENTATION (  '', ( #8846 ), #5251 ) ;
#2199 = CARTESIAN_POINT ( 'NONE',  ( 5.251172243200398900, 4.500000000000000900, -2.145994865886199100 ) ) ;
#2200 = SURFACE_STYLE_USAGE ( .BOTH. , #6792 ) ;
#2201 = CARTESIAN_POINT ( 'NONE',  ( 6.713030195373701000, 4.500000000000000000, -2.380389325689974200 ) ) ;
#2202 = CARTESIAN_POINT ( 'NONE',  ( 2.523470924014136400, 4.500000000000000900, -2.554729299710066600 ) ) ;
#2203 = FACE_OUTER_BOUND ( 'NONE', #5548, .T. ) ;
#2204 = FACE_OUTER_BOUND ( 'NONE', #2919, .T. ) ;
#2205 = PRESENTATION_LAYER_ASSIGNMENT (  '', '', ( #7163 ) ) ;
#2206 = EDGE_CURVE ( 'NONE', #6556, #8341, #5831, .T. ) ;
#2207 = CARTESIAN_POINT ( 'NONE',  ( 5.043224201561155700, 4.500000000000000000, -2.530829638628621800 ) ) ;
#2208 = ORIENTED_EDGE ( 'NONE', *, *, #8467, .F. ) ;
#2209 = CARTESIAN_POINT ( 'NONE',  ( 6.820229995885712900, 4.500000000000000000, -2.187099899750879900 ) ) ;
#2210 = CARTESIAN_POINT ( 'NONE',  ( 2.068099228592611600, 4.500000000000000900, -0.9185061111007342100 ) ) ;
#2211 = COLOUR_RGB ( '',0.8980392156862745400, 0.8980392156862745400, 0.8980392156862745400 ) ;
#2212 = CARTESIAN_POINT ( 'NONE',  ( 2.781151243762039800, 4.500000000000000900, -2.677835472748986100 ) ) ;
#2213 =( NAMED_UNIT ( * ) PLANE_ANGLE_UNIT ( ) SI_UNIT ( $, .RADIAN. ) );
#2214 = MECHANICAL_DESIGN_GEOMETRIC_PRESENTATION_REPRESENTATION (  '', ( #1520 ), #109 ) ;
#2215 = VERTEX_POINT ( 'NONE', #3325 ) ;
#2216 = PRESENTATION_LAYER_ASSIGNMENT (  '', '', ( #5473 ) ) ;
#2217 = DIRECTION ( 'NONE',  ( 1.000000000000000000, 0.0000000000000000000, -0.0000000000000000000 ) ) ;
#2218 =( NAMED_UNIT ( * ) PLANE_ANGLE_UNIT ( ) SI_UNIT ( $, .RADIAN. ) );
#2219 = PRESENTATION_STYLE_ASSIGNMENT (( #3960 ) ) ;
#2220 =( GEOMETRIC_REPRESENTATION_CONTEXT ( 3 ) GLOBAL_UNCERTAINTY_ASSIGNED_CONTEXT ( ( #434 ) ) GLOBAL_UNIT_ASSIGNED_CONTEXT ( ( #4083, #8672, #7200 ) ) REPRESENTATION_CONTEXT ( 'NONE', 'WORKASPACE' ) );
#2221 = UNCERTAINTY_MEASURE_WITH_UNIT (LENGTH_MEASURE( 1.000000000000000100E-005 ), #1262, 'distance_accuracy_value', 'NONE');
#2222 = CARTESIAN_POINT ( 'NONE',  ( 2.825952793213169400, 4.510000000000000700, -2.644012243212304100 ) ) ;
#2223 = VECTOR ( 'NONE', #3832, 1000.000000000000000 ) ;
#2224 = VERTEX_POINT ( 'NONE', #1750 ) ;
#2225 = VERTEX_POINT ( 'NONE', #6327 ) ;
#2226 = CARTESIAN_POINT ( 'NONE',  ( 6.386105352746052500, 4.510000000000000700, -2.574465331221079900 ) ) ;
#2227 = CARTESIAN_POINT ( 'NONE',  ( 7.186658115637490200, 4.509999999999999800, -1.223722356806541000 ) ) ;
#2228 = CARTESIAN_POINT ( 'NONE',  ( -1.009999999999996700, 4.500000000000000900, 1.999999999999984500 ) ) ;
#2229 = SURFACE_STYLE_FILL_AREA ( #4338 ) ;
#2230 = MECHANICAL_DESIGN_GEOMETRIC_PRESENTATION_REPRESENTATION (  '', ( #2551 ), #8259 ) ;
#2231 = CARTESIAN_POINT ( 'NONE',  ( 7.094356497515223100, 4.510000000000002500, -1.098375856260236100 ) ) ;
#2232 = CARTESIAN_POINT ( 'NONE',  ( 5.189873894604942500, 4.509999999999998900, -2.055531216110068300 ) ) ;
#2233 = CARTESIAN_POINT ( 'NONE',  ( 5.612946428571428100, 4.500000000000001800, -2.283095824542656200 ) ) ;
#2234 = SURFACE_STYLE_FILL_AREA ( #8517 ) ;
#2235 = EDGE_CURVE ( 'NONE', #6889, #1364, #8139, .T. ) ;
#2236 = PRESENTATION_LAYER_ASSIGNMENT (  '', '', ( #1728 ) ) ;
#2237 = CARTESIAN_POINT ( 'NONE',  ( 7.007648201115872900, 4.500000000000000000, -2.691451525483491600 ) ) ;
#2238 = EDGE_LOOP ( 'NONE', ( #9547, #5690, #3509, #1761, #5315, #9661, #8420, #1495, #9651 ) ) ;
#2239 = CARTESIAN_POINT ( 'NONE',  ( 6.900870992213787900, 4.510000000000001600, -2.620558828072076600 ) ) ;
#2240 = B_SPLINE_CURVE_WITH_KNOTS ( 'NONE', 3,
 ( #5584, #2434, #303, #4732, #8558, #1085, #3285, #8617, #978, #7114, #5647 ),
 .UNSPECIFIED., .F., .F.,
 ( 4, 1, 1, 1, 1, 1, 1, 1, 4 ),
 ( 0.0000000000000000000, 0.1214509621913057700, 0.2406038546872041300, 0.3593001125676642500, 0.4798460403188188900, 0.6020595435301845400, 0.7290456311465688400, 0.8605972046192699200, 1.000000000000000000 ),
 .UNSPECIFIED. ) ;
#2241 = CARTESIAN_POINT ( 'NONE',  ( 4.418439731939699300, 4.509999999999997100, -2.309899506971663500 ) ) ;
#2242 = VERTEX_POINT ( 'NONE', #3255 ) ;
#2243 = FILL_AREA_STYLE_COLOUR ( '', #6173 ) ;
#2244 = CARTESIAN_POINT ( 'NONE',  ( 6.866154632173617300, 4.509999999999999800, -2.278415578169777700 ) ) ;
#2245 = SURFACE_STYLE_USAGE ( .BOTH. , #1393 ) ;
#2246 =( NAMED_UNIT ( * ) PLANE_ANGLE_UNIT ( ) SI_UNIT ( $, .RADIAN. ) );
#2247 = CARTESIAN_POINT ( 'NONE',  ( 2.628638946442686500, 4.500000000000000000, -2.734739648597106500 ) ) ;
#2248 = VECTOR ( 'NONE', #3981, 1000.000000000000000 ) ;
#2249 = DIRECTION ( 'NONE',  ( 0.7410433583402394900, -0.0000000000000000000, 0.6714571773835018600 ) ) ;
#2250 = EDGE_CURVE ( 'NONE', #1767, #3104, #3951, .T. ) ;
#2251 = ORIENTED_EDGE ( 'NONE', *, *, #1155, .T. ) ;
#2252 = ORIENTED_EDGE ( 'NONE', *, *, #5023, .F. ) ;
#2253 = LINE ( 'NONE', #353, #4991 ) ;
#2254 = CARTESIAN_POINT ( 'NONE',  ( 6.177141267104153700, 4.509999999999998900, -2.168127442189547800 ) ) ;
#2255 = CARTESIAN_POINT ( 'NONE',  ( 3.600000000000003600, 1.739999999999988900, 7.249999999999984000 ) ) ;
#2256 = SURFACE_SIDE_STYLE ('',( #1286 ) ) ;
#2257 = LINE ( 'NONE', #5773, #222 ) ;
#2258 = CARTESIAN_POINT ( 'NONE',  ( 6.037250769585452500, 4.500000000000000000, -0.9223453044267365700 ) ) ;
#2259 = FACE_OUTER_BOUND ( 'NONE', #2195, .T. ) ;
#2260 = LINE ( 'NONE', #1196, #4997 ) ;
#2261 = VECTOR ( 'NONE', #9399, 1000.000000000000000 ) ;
#2262 = CARTESIAN_POINT ( 'NONE',  ( 6.134444948831757400, 4.500000000000001800, -2.734953802264013400 ) ) ;
#2263 = DIRECTION ( 'NONE',  ( 0.0000000000000000000, -1.000000000000000000, 4.336808689942025100E-016 ) ) ;
#2264 = DIRECTION ( 'NONE',  ( 1.000000000000000000, -0.0000000000000000000, 0.0000000000000000000 ) ) ;
#2265 = COLOUR_RGB ( '',1.000000000000000000, 1.000000000000000000, 1.000000000000000000 ) ;
#2266 = CARTESIAN_POINT ( 'NONE',  ( 2.518932364735110500, 4.509999999999998900, -1.298363945451759300 ) ) ;
#2267 = CARTESIAN_POINT ( 'NONE',  ( 6.140000000000004100, 2.490000000000000200, 5.999999999999976900 ) ) ;
#2268 = CARTESIAN_POINT ( 'NONE',  ( 5.523511905599193900, 4.509999999999999800, -2.384079172309085900 ) ) ;
#2269 = EDGE_CURVE ( 'NONE', #2076, #9771, #4995, .T. ) ;
#2270 = CARTESIAN_POINT ( 'NONE',  ( 3.999999999999999100, 1.000000000000000000, -8.000000000000001800 ) ) ;
#2271 = LINE ( 'NONE', #5389, #8957 ) ;
#2272 = CARTESIAN_POINT ( 'NONE',  ( 4.392756172013449100, 4.500000000000000900, -2.356176445992656200 ) ) ;
#2273 = CARTESIAN_POINT ( 'NONE',  ( 2.235286077546879500, 4.500000000000000900, -2.452624973298953600 ) ) ;
#2274 = CARTESIAN_POINT ( 'NONE',  ( 3.064703808632549500, 4.500000000000000000, -1.364104977045783800 ) ) ;
#2275 = CARTESIAN_POINT ( 'NONE',  ( 0.0000000000000000000, -0.01000000000000002600, 0.0000000000000000000 ) ) ;
#2276 = ORIENTED_EDGE ( 'NONE', *, *, #7850, .T. ) ;
#2277 = DIRECTION ( 'NONE',  ( 1.000000000000000000, 0.0000000000000000000, -0.0000000000000000000 ) ) ;
#2278 = UNCERTAINTY_MEASURE_WITH_UNIT (LENGTH_MEASURE( 1.000000000000000100E-005 ), #5242, 'distance_accuracy_value', 'NONE');
#2279 = PRESENTATION_LAYER_ASSIGNMENT (  '', '', ( #2994 ) ) ;
#2280 = EDGE_CURVE ( 'NONE', #8982, #1745, #2240, .T. ) ;
#2281 = FACE_OUTER_BOUND ( 'NONE', #5689, .T. ) ;
#2282 = VERTEX_POINT ( 'NONE', #7915 ) ;
#2283 = PLANE ( 'NONE',  #3489 ) ;
#2284 = CARTESIAN_POINT ( 'NONE',  ( 6.934007784893021900, 4.509999999999998900, -2.390852232573268400 ) ) ;
#2285 = FILL_AREA_STYLE ('',( #5412 ) ) ;
#2286 =( LENGTH_UNIT ( ) NAMED_UNIT ( * ) SI_UNIT ( .MILLI., .METRE. ) );
#2287 = PRESENTATION_LAYER_ASSIGNMENT (  '', '', ( #45 ) ) ;
#2288 = EDGE_CURVE ( 'NONE', #7739, #5095, #3222, .T. ) ;
#2289 = PRESENTATION_LAYER_ASSIGNMENT (  '', '', ( #1418 ) ) ;
#2290 = PLANE ( 'NONE',  #2740 ) ;
#2291 = VERTEX_POINT ( 'NONE', #946 ) ;
#2292 = CARTESIAN_POINT ( 'NONE',  ( 3.942671227148741000, 4.500000000000002700, -1.471055787771994700 ) ) ;
#2293 = CARTESIAN_POINT ( 'NONE',  ( 2.506112298412682000, 4.500000000000001800, -2.554192164498474400 ) ) ;
#2294 = VECTOR ( 'NONE', #3818, 1000.000000000000000 ) ;
#2295 = CARTESIAN_POINT ( 'NONE',  ( 7.163650833124956200, 4.500000000000000000, -2.735931385675411100 ) ) ;
#2296 = CARTESIAN_POINT ( 'NONE',  ( 6.018427231922436800, 4.509999999999999800, -1.099144658173321500 ) ) ;
#2297 = ORIENTED_EDGE ( 'NONE', *, *, #8095, .T. ) ;
#2298 = CARTESIAN_POINT ( 'NONE',  ( 4.447840541514372200, 4.509999999999998900, -2.289430927563799800 ) ) ;
#2299 = CARTESIAN_POINT ( 'NONE',  ( -1.000000000000000000, 1.000000000000000000, -6.000000000000000000 ) ) ;
#2300 = EDGE_CURVE ( 'NONE', #5015, #9217, #9533, .T. ) ;
#2301 = CARTESIAN_POINT ( 'NONE',  ( 5.777388218470982800, 4.500000000000000900, -2.655424519204114800 ) ) ;
#2302 = CARTESIAN_POINT ( 'NONE',  ( 4.400000000000003900, 1.739999999999996000, 6.749999999999983100 ) ) ;
#2303 = CARTESIAN_POINT ( 'NONE',  ( 6.623862038345388100, 4.500000000000002700, -1.513909559264479300 ) ) ;
#2304 = CARTESIAN_POINT ( 'NONE',  ( 2.825952793213169400, 4.510000000000000700, -2.644012243212304100 ) ) ;
#2305 = ORIENTED_EDGE ( 'NONE', *, *, #8289, .F. ) ;
#2306 = CARTESIAN_POINT ( 'NONE',  ( 2.053695242745535100, 4.500000000000000900, -2.190927216376734200 ) ) ;
#2307 = ORIENTED_EDGE ( 'NONE', *, *, #7959, .T. ) ;
#2308 = CARTESIAN_POINT ( 'NONE',  ( 2.280870719645188100, 4.500000000000000900, -2.681727253625437100 ) ) ;
#2309 = CARTESIAN_POINT ( 'NONE',  ( 6.614294093622547200, 4.509999999999998900, -1.409902502619032400 ) ) ;
#2310 = CARTESIAN_POINT ( 'NONE',  ( 6.949557276012961400, 4.499999999999999100, -1.204290560092105000 ) ) ;
#2311 = VERTEX_POINT ( 'NONE', #8686 ) ;
#2312 = EDGE_CURVE ( 'NONE', #8482, #8341, #1662, .T. ) ;
#2313 = CARTESIAN_POINT ( 'NONE',  ( 6.303084122415376600, 4.509999999999999800, -2.668068866232034000 ) ) ;
#2314 = CARTESIAN_POINT ( 'NONE',  ( 6.088406517392113100, 4.500000000000000900, -1.008570445543400100 ) ) ;
#2315 = CARTESIAN_POINT ( 'NONE',  ( 4.400000000000003000, 1.740000000000000000, 5.999999999999984000 ) ) ;
#2316 = LINE ( 'NONE', #5156, #3416 ) ;
#2317 = CARTESIAN_POINT ( 'NONE',  ( 2.153578404017856500, 4.500000000000000900, -2.372828258043400100 ) ) ;
#2318 = AXIS2_PLACEMENT_3D ( 'NONE', #3510, #4881, #5759 ) ;
#2319 = CARTESIAN_POINT ( 'NONE',  ( 1.847187947355431600, 4.510000000000000700, -1.345847841500198600 ) ) ;
#2320 = FACE_OUTER_BOUND ( 'NONE', #8871, .T. ) ;
#2321 = ORIENTED_EDGE ( 'NONE', *, *, #3974, .F. ) ;
#2322 = FACE_OUTER_BOUND ( 'NONE', #4627, .T. ) ;
#2323 = B_SPLINE_CURVE_WITH_KNOTS ( 'NONE', 3,
 ( #4362, #6684, #7465, #3367, #7987, #1229, #7328, #2644, #7966, #8738, #7234 ),
 .UNSPECIFIED., .F., .F.,
 ( 4, 1, 1, 1, 1, 1, 1, 1, 4 ),
 ( 0.0000000000000000000, 0.09486978756470572400, 0.1957836342065315800, 0.3032057033568405500, 0.4212345528262035300, 0.5488960780012346300, 0.6876390831323616600, 0.8381370387901750900, 1.000000000000000000 ),
 .UNSPECIFIED. ) ;
#2324 = CARTESIAN_POINT ( 'NONE',  ( 4.030065083928058700, 4.500000000000002700, -1.025705839578742200 ) ) ;
#2325 = PRESENTATION_LAYER_ASSIGNMENT (  '', '', ( #415 ) ) ;
#2326 = CARTESIAN_POINT ( 'NONE',  ( 6.225018892625263900, 4.500000000000002700, -2.712692906538341400 ) ) ;
#2327 = CARTESIAN_POINT ( 'NONE',  ( 7.483658129123965000, 4.510000000000001600, -2.078008495689835000 ) ) ;
#2328 = STYLED_ITEM ( 'NONE', ( #3103 ), #350 ) ;
#2329 = CARTESIAN_POINT ( 'NONE',  ( 1.661561082781855700, 4.500000000000000900, -1.419475189413716300 ) ) ;
#2330 = CARTESIAN_POINT ( 'NONE',  ( 5.210567659544008000, 4.500000000000000900, -0.9223453044267364600 ) ) ;
#2331 = CARTESIAN_POINT ( 'NONE',  ( 4.029159731052386600, 4.500000000000000900, -1.001501958244233300 ) ) ;
#2332 = LINE ( 'NONE', #6222, #8913 ) ;
#2333 = ORIENTED_EDGE ( 'NONE', *, *, #2288, .T. ) ;
#2334 = PLANE ( 'NONE',  #3764 ) ;
#2335 =( NAMED_UNIT ( * ) PLANE_ANGLE_UNIT ( ) SI_UNIT ( $, .RADIAN. ) );
#2336 = LINE ( 'NONE', #5430, #5089 ) ;
#2337 = ORIENTED_EDGE ( 'NONE', *, *, #6740, .F. ) ;
#2338 = CARTESIAN_POINT ( 'NONE',  ( 3.013548060825892400, 4.509999999999999800, -1.450330118162447700 ) ) ;
#2339 = B_SPLINE_CURVE_WITH_KNOTS ( 'NONE', 3,
 ( #5837, #5036, #6728, #1245, #5936, #3559, #5902, #8980, #1352, #2883, #5871 ),
 .UNSPECIFIED., .F., .F.,
 ( 4, 1, 1, 1, 1, 1, 1, 1, 4 ),
 ( 0.0000000000000000000, 0.1338493299633962100, 0.2600679311281535700, 0.3816578514843824200, 0.5006029093445409900, 0.6194840869327136200, 0.7403769867696852200, 0.8669261610274477900, 1.000000000000000000 ),
 .UNSPECIFIED. ) ;
#2340 = SURFACE_STYLE_FILL_AREA ( #3218 ) ;
#2341 = CARTESIAN_POINT ( 'NONE',  ( 0.7834093222135356500, 4.509999999999999800, -0.9182098381400001200 ) ) ;
#2342 =( GEOMETRIC_REPRESENTATION_CONTEXT ( 3 ) GLOBAL_UNCERTAINTY_ASSIGNED_CONTEXT ( ( #2032 ) ) GLOBAL_UNIT_ASSIGNED_CONTEXT ( ( #9251, #3232, #8598 ) ) REPRESENTATION_CONTEXT ( 'NONE', 'WORKASPACE' ) );
#2343 = CARTESIAN_POINT ( 'NONE',  ( 5.997862025669642900, 4.500000000000001800, -1.099520966376733600 ) ) ;
#2344 = ORIENTED_EDGE ( 'NONE', *, *, #6364, .T. ) ;
#2345 = CARTESIAN_POINT ( 'NONE',  ( 2.060378407145177200, 4.500000000000000000, -2.542062832497007800 ) ) ;
#2346 = CARTESIAN_POINT ( 'NONE',  ( 5.729850049149706400, 4.500000000000001800, -2.376767648900806500 ) ) ;
#2347 = AXIS2_PLACEMENT_3D ( 'NONE', #6218, #767, #7767 ) ;
#2348 = PRESENTATION_STYLE_ASSIGNMENT (( #7431 ) ) ;
#2349 = CARTESIAN_POINT ( 'NONE',  ( 7.089472794064652900, 4.500000000000001800, -2.540400938040191700 ) ) ;
#2350 = DIRECTION ( 'NONE',  ( 0.0000000000000000000, -1.000000000000000000, -1.414962237524463600E-014 ) ) ;
#2351 = FILL_AREA_STYLE ('',( #8380 ) ) ;
#2352 = COLOUR_RGB ( '',0.09803921568627450800, 0.09803921568627450800, 0.09803921568627450800 ) ;
#2353 = CARTESIAN_POINT ( 'NONE',  ( 6.622256198896691300, 4.510000000000001600, -1.249060256344413500 ) ) ;
#2354 = CARTESIAN_POINT ( 'NONE',  ( 7.219698003989985400, 4.509999999999999800, -1.753814059769081400 ) ) ;
#2355 = PRODUCT_RELATED_PRODUCT_CATEGORY ( 'part', '', ( #9735 ) ) ;
#2356 = ORIENTED_EDGE ( 'NONE', *, *, #8144, .F. ) ;
#2357 = CARTESIAN_POINT ( 'NONE',  ( 3.999999999999999100, 1.000000000000000000, -10.00000000000000200 ) ) ;
#2358 = CARTESIAN_POINT ( 'NONE',  ( 1.857948174093059700, 4.500000000000001800, -1.290399275540088400 ) ) ;
#2359 = ORIENTED_EDGE ( 'NONE', *, *, #2636, .T. ) ;
#2360 = EDGE_CURVE ( 'NONE', #6433, #8207, #5717, .T. ) ;
#2361 = ORIENTED_EDGE ( 'NONE', *, *, #216, .T. ) ;
#2362 = STYLED_ITEM ( 'NONE', ( #5209 ), #2758 ) ;
#2363 = DIRECTION ( 'NONE',  ( 0.0000000000000000000, -0.0000000000000000000, -1.000000000000000000 ) ) ;
#2364 = CARTESIAN_POINT ( 'NONE',  ( 6.970921810634038700, 4.510000000000001600, -2.671709991107279200 ) ) ;
#2365 = SURFACE_STYLE_FILL_AREA ( #6195 ) ;
#2366 = CARTESIAN_POINT ( 'NONE',  ( 3.013548060825892400, 4.509999999999999800, -1.450330118162447700 ) ) ;
#2367 =( NAMED_UNIT ( * ) SI_UNIT ( $, .STERADIAN. ) SOLID_ANGLE_UNIT ( ) );
#2368 = ORIENTED_EDGE ( 'NONE', *, *, #470, .F. ) ;
#2369 = CARTESIAN_POINT ( 'NONE',  ( 5.922001299050817700, 4.510000000000000700, -2.718016784549997400 ) ) ;
#2370 = DIRECTION ( 'NONE',  ( -0.0000000000000000000, -0.0000000000000000000, -1.000000000000000000 ) ) ;
#2371 = ORIENTED_EDGE ( 'NONE', *, *, #5729, .F. ) ;
#2372 = CARTESIAN_POINT ( 'NONE',  ( 5.159765974952541100, 4.509999999999999800, -1.014414131091090800 ) ) ;
#2373 =( LENGTH_UNIT ( ) NAMED_UNIT ( * ) SI_UNIT ( .MILLI., .METRE. ) );
#2374 = FILL_AREA_STYLE_COLOUR ( '', #4077 ) ;
#2375 = CARTESIAN_POINT ( 'NONE',  ( 2.280870719645188100, 4.509999999999999800, -2.681727253625437100 ) ) ;
#2376 = CARTESIAN_POINT ( 'NONE',  ( 1.732489020809842000, 4.509999999999998900, -2.567050285702841900 ) ) ;
#2377 = CARTESIAN_POINT ( 'NONE',  ( 7.067445114099083300, 4.500000000000001800, -2.528852599027336700 ) ) ;
#2378 = SURFACE_STYLE_FILL_AREA ( #8083 ) ;
#2379 = STYLED_ITEM ( 'NONE', ( #7299 ), #6681 ) ;
#2380 = ORIENTED_EDGE ( 'NONE', *, *, #1297, .T. ) ;
#2381 = SURFACE_STYLE_USAGE ( .BOTH. , #8469 ) ;
#2382 = CARTESIAN_POINT ( 'NONE',  ( 3.000489052769021600, 4.500000000000000900, -2.235906277177237100 ) ) ;
#2383 = CARTESIAN_POINT ( 'NONE',  ( 4.878607218389062100, 4.500000000000000000, -2.553347343801442900 ) ) ;
#2384 = PRESENTATION_LAYER_ASSIGNMENT (  '', '', ( #4074 ) ) ;
#2385 = CARTESIAN_POINT ( 'NONE',  ( 9.009999999999999800, 4.500000000000000900, -5.000000000000015100 ) ) ;
#2386 = CARTESIAN_POINT ( 'NONE',  ( 1.893037065655912600, 4.509999999999999800, -1.217738128935783800 ) ) ;
#2387 = EDGE_CURVE ( 'NONE', #5653, #4260, #2257, .T. ) ;
#2388 = LINE ( 'NONE', #5678, #6720 ) ;
#2389 = VECTOR ( 'NONE', #775, 1000.000000000000000 ) ;
#2390 = FILL_AREA_STYLE ('',( #1602 ) ) ;
#2391 = VERTEX_POINT ( 'NONE', #4799 ) ;
#2392 = CARTESIAN_POINT ( 'NONE',  ( -1.009999999999997300, 1.500000000000000400, -1.000000000000015500 ) ) ;
#2393 = B_SPLINE_CURVE_WITH_KNOTS ( 'NONE', 3,
 ( #6115, #1547, #9338, #4052, #1004, #1040, #7034 ),
 .UNSPECIFIED., .F., .F.,
 ( 4, 1, 1, 1, 4 ),
 ( 0.0000000000000000000, 0.2483179281435874100, 0.4947167839755666800, 0.7439842376202708800, 1.000000000000000000 ),
 .UNSPECIFIED. ) ;
#2394 = PRESENTATION_STYLE_ASSIGNMENT (( #890 ) ) ;
#2395 = CARTESIAN_POINT ( 'NONE',  ( 5.790000000000003600, 2.990000000000000200, 5.799999999999983800 ) ) ;
#2396 = CARTESIAN_POINT ( 'NONE',  ( 5.846201245759537800, 4.500000000000001800, -2.693440943449968600 ) ) ;
#2397 =( NAMED_UNIT ( * ) PLANE_ANGLE_UNIT ( ) SI_UNIT ( $, .RADIAN. ) );
#2398 = SURFACE_STYLE_FILL_AREA ( #8476 ) ;
#2399 =( NAMED_UNIT ( * ) PLANE_ANGLE_UNIT ( ) SI_UNIT ( $, .RADIAN. ) );
#2400 = CARTESIAN_POINT ( 'NONE',  ( 4.922937038384960200, 4.500000000000000000, -1.087793544779792600 ) ) ;
#2401 = CARTESIAN_POINT ( 'NONE',  ( 4.549556187220980900, 4.509999999999999800, -2.315984182522566700 ) ) ;
#2402 = ORIENTED_EDGE ( 'NONE', *, *, #284, .F. ) ;
#2403 = CARTESIAN_POINT ( 'NONE',  ( 0.6717614574054523400, 4.510000000000000700, -2.577083858657771600 ) ) ;
#2404 =( GEOMETRIC_REPRESENTATION_CONTEXT ( 3 ) GLOBAL_UNCERTAINTY_ASSIGNED_CONTEXT ( ( #6197 ) ) GLOBAL_UNIT_ASSIGNED_CONTEXT ( ( #4025, #1012, #237 ) ) REPRESENTATION_CONTEXT ( 'NONE', 'WORKASPACE' ) );
#2405 = CARTESIAN_POINT ( 'NONE',  ( 0.6841272511588752900, 4.500000000000000900, -1.028627791793215600 ) ) ;
#2406 = DIRECTION ( 'NONE',  ( -9.583083854271105000E-017, -0.7071067811865462400, -0.7071067811865489100 ) ) ;
#2407 = B_SPLINE_CURVE_WITH_KNOTS ( 'NONE', 3,
 ( #2777, #6593, #6698, #2005, #1969, #3560, #5903 ),
 .UNSPECIFIED., .F., .F.,
 ( 4, 1, 1, 1, 4 ),
 ( 0.0000000000000000000, 0.2483179281435889700, 0.4947167839755677900, 0.7439842376202714400, 1.000000000000000000 ),
 .UNSPECIFIED. ) ;
#2408 = CARTESIAN_POINT ( 'NONE',  ( 6.282082403273809800, 4.509999999999999800, -2.011868378486108400 ) ) ;
#2409 = CARTESIAN_POINT ( 'NONE',  ( 1.684354623716710600, 4.509999999999999800, -2.555099354554651200 ) ) ;
#2410 = SURFACE_SIDE_STYLE ('',( #4437 ) ) ;
#2411 = VERTEX_POINT ( 'NONE', #2653 ) ;
#2412 =( GEOMETRIC_REPRESENTATION_CONTEXT ( 3 ) GLOBAL_UNCERTAINTY_ASSIGNED_CONTEXT ( ( #2465 ) ) GLOBAL_UNIT_ASSIGNED_CONTEXT ( ( #840, #3965, #5508 ) ) REPRESENTATION_CONTEXT ( 'NONE', 'WORKASPACE' ) );
#2413 = LINE ( 'NONE', #8319, #5639 ) ;
#2414 = CARTESIAN_POINT ( 'NONE',  ( 6.404322768094668400, 4.500000000000001800, -2.191770001969794500 ) ) ;
#2415 = MECHANICAL_DESIGN_GEOMETRIC_PRESENTATION_REPRESENTATION (  '', ( #9453 ), #8435 ) ;
#2416 = CARTESIAN_POINT ( 'NONE',  ( 1.848513747709803900, 4.509999999999999800, -1.419544193709387800 ) ) ;
#2417 = DIRECTION ( 'NONE',  ( -0.0000000000000000000, -1.000000000000000000, -0.0000000000000000000 ) ) ;
#2418 = ORIENTED_EDGE ( 'NONE', *, *, #5456, .T. ) ;
#2419 = FILL_AREA_STYLE_COLOUR ( '', #8944 ) ;
#2420 = CARTESIAN_POINT ( 'NONE',  ( 6.614294093622547200, 4.509999999999998900, -1.409902502619032400 ) ) ;
#2421 = PRESENTATION_STYLE_ASSIGNMENT (( #4422 ) ) ;
#2422 =( NAMED_UNIT ( * ) SI_UNIT ( $, .STERADIAN. ) SOLID_ANGLE_UNIT ( ) );
#2423 = FILL_AREA_STYLE_COLOUR ( '', #6839 ) ;
#2424 = DIRECTION ( 'NONE',  ( -0.0000000000000000000, -1.000000000000000000, -0.0000000000000000000 ) ) ;
#2425 = CARTESIAN_POINT ( 'NONE',  ( 2.031082887560073900, 4.510000000000000700, -0.9202807657884671800 ) ) ;
#2426 = EDGE_CURVE ( 'NONE', #8067, #2589, #4059, .T. ) ;
#2427 = ORIENTED_EDGE ( 'NONE', *, *, #80, .F. ) ;
#2428 = DIRECTION ( 'NONE',  ( 0.2582330317988718600, 0.0000000000000000000, -0.9660826575857589500 ) ) ;
#2429 =( NAMED_UNIT ( * ) SI_UNIT ( $, .STERADIAN. ) SOLID_ANGLE_UNIT ( ) );
#2430 =( NAMED_UNIT ( * ) PLANE_ANGLE_UNIT ( ) SI_UNIT ( $, .RADIAN. ) );
#2431 = EDGE_LOOP ( 'NONE', ( #702, #6178, #1464, #98 ) ) ;
#2432 = CARTESIAN_POINT ( 'NONE',  ( 5.160450128570917400, 4.510000000000000700, -1.025705839578742200 ) ) ;
#2433 = CARTESIAN_POINT ( 'NONE',  ( 3.600000000000003600, 2.990000000000000200, 5.999999999999976900 ) ) ;
#2434 = CARTESIAN_POINT ( 'NONE',  ( 2.153069708623899000, 4.500000000000000900, -1.100064993808699500 ) ) ;
#2435 = DIRECTION ( 'NONE',  ( 0.7071067811865474600, 0.0000000000000000000, 0.7071067811865474600 ) ) ;
#2437 = CARTESIAN_POINT ( 'NONE',  ( 0.6497794413388472400, 4.500000000000001800, -2.638611333244233100 ) ) ;
#2436 = VECTOR ( 'NONE', #1929, 1000.000000000000000 ) ;
#2438 = VERTEX_POINT ( 'NONE', #9611 ) ;
#2439 = MECHANICAL_DESIGN_GEOMETRIC_PRESENTATION_REPRESENTATION (  '', ( #1146 ), #3625 ) ;
#2440 = FILL_AREA_STYLE_COLOUR ( '', #6088 ) ;
#2441 =( NAMED_UNIT ( * ) PLANE_ANGLE_UNIT ( ) SI_UNIT ( $, .RADIAN. ) );
#2442 = EDGE_CURVE ( 'NONE', #2639, #1725, #9906, .T. ) ;
#2443 = COLOUR_RGB ( '',1.000000000000000000, 1.000000000000000000, 1.000000000000000000 ) ;
#2444 = VERTEX_POINT ( 'NONE', #3425 ) ;
#2445 = CARTESIAN_POINT ( 'NONE',  ( 4.489105061542934600, 4.510000000000000700, -2.283473480323945800 ) ) ;
#2446 = CARTESIAN_POINT ( 'NONE',  ( 1.847241707808368000, 4.509999999999999800, -1.389761639788098500 ) ) ;
#2447 = UNCERTAINTY_MEASURE_WITH_UNIT (LENGTH_MEASURE( 1.000000000000000100E-005 ), #4687, 'distance_accuracy_value', 'NONE');
#2448 = B_SPLINE_CURVE_WITH_KNOTS ( 'NONE', 3,
 ( #6180, #9099, #3084, #6960, #9849, #6079, #8417, #3829, #1482, #6894, #9077 ),
 .UNSPECIFIED., .F., .F.,
 ( 4, 1, 1, 1, 1, 1, 1, 1, 4 ),
 ( 0.0000000000000000000, 0.1463941581703436000, 0.2741462767690282000, 0.3914718108035074000, 0.5012977292221242300, 0.6111236476407382300, 0.7259264616833687200, 0.8563590895686891100, 1.000000000000000000 ),
 .UNSPECIFIED. ) ;
#2449 = ADVANCED_FACE ( 'NONE', ( #2489 ), #1887, .F. ) ;
#2450 = DIRECTION ( 'NONE',  ( -0.0000000000000000000, 1.000000000000000000, -0.0000000000000000000 ) ) ;
#2451 = VECTOR ( 'NONE', #4595, 1000.000000000000000 ) ;
#2452 = CARTESIAN_POINT ( 'NONE',  ( 4.750000000000004400, 2.990000000000000200, 5.799999999999983800 ) ) ;
#2453 = CARTESIAN_POINT ( 'NONE',  ( 2.058539163056122500, 4.500000000000001800, -2.207063639460931100 ) ) ;
#2454 = UNCERTAINTY_MEASURE_WITH_UNIT (LENGTH_MEASURE( 1.000000000000000100E-005 ), #3931, 'distance_accuracy_value', 'NONE');
#2455 = LINE ( 'NONE', #776, #9026 ) ;
#2456 = CARTESIAN_POINT ( 'NONE',  ( 6.295046864947899200, 4.510000000000000700, -2.026695946533230600 ) ) ;
#2457 = EDGE_LOOP ( 'NONE', ( #3067, #8998, #2885, #3871 ) ) ;
#2458 = EDGE_LOOP ( 'NONE', ( #1114, #7327, #7788, #3912 ) ) ;
#2459 = CARTESIAN_POINT ( 'NONE',  ( 8.000000000000000000, -0.01000000000000002600, 0.0000000000000000000 ) ) ;
#2460 = CARTESIAN_POINT ( 'NONE',  ( 1.060000000000003600, 2.490000000000000200, 5.999999999999976900 ) ) ;
#2461 = ORIENTED_EDGE ( 'NONE', *, *, #6550, .T. ) ;
#2462 = CARTESIAN_POINT ( 'NONE',  ( 3.852404203869046900, 4.509999999999999800, -1.359379597329114500 ) ) ;
#2463 = MECHANICAL_DESIGN_GEOMETRIC_PRESENTATION_REPRESENTATION (  '', ( #3173 ), #96 ) ;
#2464 = DIRECTION ( 'NONE',  ( 1.000000000000000000, -0.0000000000000000000, -0.0000000000000000000 ) ) ;
#2465 = UNCERTAINTY_MEASURE_WITH_UNIT (LENGTH_MEASURE( 1.000000000000000100E-005 ), #840, 'distance_accuracy_value', 'NONE');
#2466 = CARTESIAN_POINT ( 'NONE',  ( 7.405146722558822800, 4.509999999999999800, -2.652219584101968700 ) ) ;
#2467 = SURFACE_STYLE_USAGE ( .BOTH. , #7908 ) ;
#2468 = CARTESIAN_POINT ( 'NONE',  ( 7.045270938289092100, 4.500000000000000000, -2.514009616099471600 ) ) ;
#2469 = CARTESIAN_POINT ( 'NONE',  ( 1.872606259300594500, 4.500000000000000900, -0.9878629608893823000 ) ) ;
#2470 = COLOUR_RGB ( '',1.000000000000000000, 1.000000000000000000, 1.000000000000000000 ) ;
#2471 = CARTESIAN_POINT ( 'NONE',  ( 4.600948824324286000, 4.509999999999999800, -2.375508797141091800 ) ) ;
#2472 = ORIENTED_EDGE ( 'NONE', *, *, #4413, .F. ) ;
#2473 = CARTESIAN_POINT ( 'NONE',  ( 5.132207961309521900, 4.509999999999999800, -2.372828258043400100 ) ) ;
#2474 = FACE_OUTER_BOUND ( 'NONE', #7596, .T. ) ;
#2475 = EDGE_LOOP ( 'NONE', ( #6294, #7115, #4146, #1094 ) ) ;
#2476 = CARTESIAN_POINT ( 'NONE',  ( 0.8031435130265859300, 4.510000000000000700, -0.9193368064240683400 ) ) ;
#2477 = MECHANICAL_DESIGN_GEOMETRIC_PRESENTATION_REPRESENTATION (  '', ( #7946 ), #5216 ) ;
#2478 = PRESENTATION_STYLE_ASSIGNMENT (( #8244 ) ) ;
#2479 = EDGE_CURVE ( 'NONE', #8165, #9891, #7420, .T. ) ;
#2480 = CARTESIAN_POINT ( 'NONE',  ( 4.052170526413688900, 4.509999999999999800, -1.070692899505453900 ) ) ;
#2481 = CARTESIAN_POINT ( 'NONE',  ( 7.233870659386441000, 4.500000000000001800, -1.803245819156814800 ) ) ;
#2482 = CARTESIAN_POINT ( 'NONE',  ( 6.459098163391353800, 4.500000000000000900, -1.126649268933905600 ) ) ;
#2483 =( GEOMETRIC_REPRESENTATION_CONTEXT ( 3 ) GLOBAL_UNCERTAINTY_ASSIGNED_CONTEXT ( ( #1370 ) ) GLOBAL_UNIT_ASSIGNED_CONTEXT ( ( #6838, #746, #3747 ) ) REPRESENTATION_CONTEXT ( 'NONE', 'WORKASPACE' ) );
#2484 = ORIENTED_EDGE ( 'NONE', *, *, #2269, .F. ) ;
#2485 = VERTEX_POINT ( 'NONE', #7337 ) ;
#2486 = SURFACE_STYLE_FILL_AREA ( #1197 ) ;
#2487 = CARTESIAN_POINT ( 'NONE',  ( 6.422439750433802000, 4.500000000000000000, -2.237626218835653700 ) ) ;
#2488 = CARTESIAN_POINT ( 'NONE',  ( 4.400000000000003000, 2.990000000000000200, 5.999999999999976900 ) ) ;
#2489 = FACE_OUTER_BOUND ( 'NONE', #1505, .T. ) ;
#2490 = AXIS2_PLACEMENT_3D ( 'NONE', #5841, #2007, #534 ) ;
#2491 = FILL_AREA_STYLE ('',( #9463 ) ) ;
#2492 = EDGE_CURVE ( 'NONE', #9587, #5093, #582, .T. ) ;
#2493 = CARTESIAN_POINT ( 'NONE',  ( 6.707751059947664600, 4.500000000000002700, -1.900696804244440300 ) ) ;
#2494 = DIRECTION ( 'NONE',  ( 0.0000000000000000000, 0.0000000000000000000, 1.000000000000000000 ) ) ;
#2495 = FILL_AREA_STYLE_COLOUR ( '', #2031 ) ;
#2496 = FACE_OUTER_BOUND ( 'NONE', #2475, .T. ) ;
#2497 = CARTESIAN_POINT ( 'NONE',  ( 3.001773216610862200, 4.500000000000000900, -2.281877737210066900 ) ) ;
#2498 =( NAMED_UNIT ( * ) PLANE_ANGLE_UNIT ( ) SI_UNIT ( $, .RADIAN. ) );
#2499 = CARTESIAN_POINT ( 'NONE',  ( 3.250000000000003100, 2.490000000000000200, 5.799999999999983800 ) ) ;
#2500 = CARTESIAN_POINT ( 'NONE',  ( 3.600000000000003600, 2.490000000000000200, 5.999999999999976900 ) ) ;
#2501 = SURFACE_STYLE_FILL_AREA ( #7277 ) ;
#2502 = SURFACE_STYLE_FILL_AREA ( #416 ) ;
#2503 = CARTESIAN_POINT ( 'NONE',  ( 4.395409750351842800, 4.500000000000000900, -2.405548924280862100 ) ) ;
#2504 = CARTESIAN_POINT ( 'NONE',  ( 5.159765974952541100, 4.500000000000000900, -1.014414131091090800 ) ) ;
#2505 = DIRECTION ( 'NONE',  ( -0.0000000000000000000, -1.000000000000000000, -0.0000000000000000000 ) ) ;
#2506 = ADVANCED_FACE ( 'NONE', ( #8817 ), #439, .F. ) ;
#2507 = CARTESIAN_POINT ( 'NONE',  ( 4.874548809540768500, 4.500000000000000900, -1.099391563974918300 ) ) ;
#2508 = CARTESIAN_POINT ( 'NONE',  ( 6.940000000000003100, 2.990000000000000200, 5.999999999999976900 ) ) ;
#2509 = CARTESIAN_POINT ( 'NONE',  ( 4.587949376973981000, 4.510000000000001600, -2.615302963122012200 ) ) ;
#2510 = PRESENTATION_STYLE_ASSIGNMENT (( #4388 ) ) ;
#2511 = EDGE_CURVE ( 'NONE', #8158, #6246, #8941, .T. ) ;
#2512 = ORIENTED_EDGE ( 'NONE', *, *, #4737, .F. ) ;
#2513 = CARTESIAN_POINT ( 'NONE',  ( 9.010000000000001600, 1.500000000000000400, -1.953732314818879400E-015 ) ) ;
#2514 = CARTESIAN_POINT ( 'NONE',  ( 0.6809108189174105700, 4.509999999999999800, -1.005728241767358500 ) ) ;
#2515 = CARTESIAN_POINT ( 'NONE',  ( 1.767717884740021500, 4.500000000000000900, -2.638611333244233100 ) ) ;
#2516 = STYLED_ITEM ( 'NONE', ( #8823 ), #6719 ) ;
#2517 = VECTOR ( 'NONE', #9162, 1000.000000000000000 ) ;
#2518 = CARTESIAN_POINT ( 'NONE',  ( 7.314604881755164100, 4.509999999999999800, -2.313298064128821900 ) ) ;
#2519 = FACE_OUTER_BOUND ( 'NONE', #52, .T. ) ;
#2520 = CARTESIAN_POINT ( 'NONE',  ( 4.080182614901152900, 4.500000000000002700, -0.9223453044267371200 ) ) ;
#2521 = EDGE_LOOP ( 'NONE', ( #4267, #7210, #5160, #1988 ) ) ;
#2522 = CARTESIAN_POINT ( 'NONE',  ( 6.667363495057610800, 4.500000000000003600, -2.291033676894844700 ) ) ;
#2523 = B_SPLINE_CURVE_WITH_KNOTS ( 'NONE', 3,
 ( #6765, #1325, #8954, #2520, #9725, #5147, #1461, #5286, #1316, #2331, #3557 ),
 .UNSPECIFIED., .F., .F.,
 ( 4, 1, 1, 1, 1, 1, 1, 1, 4 ),
 ( 0.0000000000000000000, 0.1440306613881541500, 0.2740342620545193100, 0.3901554936314426400, 0.4984253191023453900, 0.6105705555072871200, 0.7255366516136359000, 0.8561547915775160600, 1.000000000000000000 ),
 .UNSPECIFIED. ) ;
#2524 = STYLED_ITEM ( 'NONE', ( #409 ), #3482 ) ;
#2525 = CARTESIAN_POINT ( 'NONE',  ( 4.029026867094492200, 4.500000000000000900, -1.008570445543400100 ) ) ;
#2526 =( NAMED_UNIT ( * ) PLANE_ANGLE_UNIT ( ) SI_UNIT ( $, .RADIAN. ) );
#2527 = EDGE_CURVE ( 'NONE', #9699, #3819, #9897, .T. ) ;
#2528 = B_SPLINE_SURFACE_WITH_KNOTS ( 'NONE', 3, 1, ( 
 ( #9212, #8493 ),
 ( #2375, #2308 ),
 ( #6944, #9244 ),
 ( #1585, #139 ),
 ( #7749, #9279 ),
 ( #8526, #4602 ),
 ( #4668, #3970 ) ),
 .UNSPECIFIED., .F., .F., .F.,
 ( 4, 1, 1, 1, 4 ),
 ( 2, 2 ),
 ( 0.0000000000000000000, 0.2443466422217146800, 0.4905701214781019700, 0.7415482340492825000, 1.000000000000000000 ),
 ( 0.0000000000000000000, 1.000000000000000000 ),
 .UNSPECIFIED. ) ;
#2529 = CARTESIAN_POINT ( 'NONE',  ( 4.471713499769149900, 4.500000000000000900, -2.502542730447145500 ) ) ;
#2530 = CARTESIAN_POINT ( 'NONE',  ( 7.204580543154761200, 4.509999999999999800, -2.736630341376733000 ) ) ;
#2531 = CARTESIAN_POINT ( 'NONE',  ( 6.613744878981242100, 4.500000000000002700, -1.340939343647796500 ) ) ;
#2532 = ORIENTED_EDGE ( 'NONE', *, *, #6934, .T. ) ;
#2533 = CARTESIAN_POINT ( 'NONE',  ( 6.440996554526546600, 4.500000000000003600, -1.209597301188372500 ) ) ;
#2534 = FILL_AREA_STYLE ('',( #197 ) ) ;
#2535 = DIRECTION ( 'NONE',  ( -0.2581447871051094100, 0.0000000000000000000, 0.9661062409955012400 ) ) ;
#2536 = COLOUR_RGB ( '',1.000000000000000000, 1.000000000000000000, 1.000000000000000000 ) ;
#2537 = CARTESIAN_POINT ( 'NONE',  ( 5.255720308103192900, 4.500000000000000900, -2.574465331221079500 ) ) ;
#2538 = CARTESIAN_POINT ( 'NONE',  ( 6.843355596390072300, 4.500000000000002700, -2.234236130373333100 ) ) ;
#2539 = CARTESIAN_POINT ( 'NONE',  ( 1.718218433241836900, 4.500000000000000900, -1.157282587250104500 ) ) ;
#2540 = CARTESIAN_POINT ( 'NONE',  ( 3.942852106165805300, 4.509999999999999800, -1.457544922502115300 ) ) ;
#2541 = MECHANICAL_DESIGN_GEOMETRIC_PRESENTATION_REPRESENTATION (  '', ( #6784 ), #5218 ) ;
#2542 = VERTEX_POINT ( 'NONE', #7211 ) ;
#2543 =( NAMED_UNIT ( * ) SI_UNIT ( $, .STERADIAN. ) SOLID_ANGLE_UNIT ( ) );
#2544 = PRESENTATION_LAYER_ASSIGNMENT (  '', '', ( #4095 ) ) ;
#2545 = CARTESIAN_POINT ( 'NONE',  ( 3.600000000000003600, 1.739999999999996000, 6.749999999999983100 ) ) ;
#2546 = ORIENTED_EDGE ( 'NONE', *, *, #7150, .T. ) ;
#2547 = CARTESIAN_POINT ( 'NONE',  ( 9.000000000000000000, 1.000000000000000000, -12.00000000000000000 ) ) ;
#2548 = B_SPLINE_SURFACE_WITH_KNOTS ( 'NONE', 3, 1, ( 
 ( #2068, #9703 ),
 ( #5129, #567 ),
 ( #5898, #3659 ),
 ( #1349, #7472 ),
 ( #6726, #2882 ) ),
 .UNSPECIFIED., .F., .F., .F.,
 ( 4, 1, 4 ),
 ( 2, 2 ),
 ( 0.0000000000000000000, 0.5117256808965522400, 1.000000000000000000 ),
 ( 0.0000000000000000000, 1.000000000000000000 ),
 .UNSPECIFIED. ) ;
#2549 = FILL_AREA_STYLE_COLOUR ( '', #9892 ) ;
#2550 = CARTESIAN_POINT ( 'NONE',  ( 3.942948695591516700, 4.509999999999999800, -1.450330118162447700 ) ) ;
#2551 = STYLED_ITEM ( 'NONE', ( #6560 ), #9412 ) ;
#2552 = ORIENTED_EDGE ( 'NONE', *, *, #5626, .F. ) ;
#2553 = EDGE_CURVE ( 'NONE', #9098, #651, #5347, .T. ) ;
#2554 = PRESENTATION_STYLE_ASSIGNMENT (( #2829 ) ) ;
#2555 = SURFACE_SIDE_STYLE ('',( #5754 ) ) ;
#2556 = PRESENTATION_LAYER_ASSIGNMENT (  '', '', ( #7702 ) ) ;
#2557 = CARTESIAN_POINT ( 'NONE',  ( 5.777388218470981900, 4.500000000000001800, -2.655424519204114400 ) ) ;
#2558 = ADVANCED_FACE ( 'NONE', ( #3457 ), #780, .T. ) ;
#2559 = CARTESIAN_POINT ( 'NONE',  ( 6.713030195373701000, 4.509999999999998900, -2.380389325689974200 ) ) ;
#2560 = VECTOR ( 'NONE', #704, 1000.000000000000000 ) ;
#2561 = CARTESIAN_POINT ( 'NONE',  ( 3.942948695591516700, 4.509999999999999800, -1.450330118162447700 ) ) ;
#2562 = CARTESIAN_POINT ( 'NONE',  ( 2.068351633955786800, 4.499999999999999100, -2.239751663166089200 ) ) ;
#2563 = ORIENTED_EDGE ( 'NONE', *, *, #6740, .T. ) ;
#2564 = VERTEX_POINT ( 'NONE', #2500 ) ;
#2565 = CARTESIAN_POINT ( 'NONE',  ( 2.474692985471693700, 4.509999999999999800, -1.018271023459931300 ) ) ;
#2566 = CARTESIAN_POINT ( 'NONE',  ( 6.018320689635238800, 4.500000000000000900, -0.9186940498218998400 ) ) ;
#2567 = VECTOR ( 'NONE', #2263, 1000.000000000000000 ) ;
#2568 = CARTESIAN_POINT ( 'NONE',  ( 6.471607726251139800, 4.509999999999998900, -1.090300694841062500 ) ) ;
#2569 = SURFACE_STYLE_USAGE ( .BOTH. , #7202 ) ;
#2570 = CARTESIAN_POINT ( 'NONE',  ( 0.6964723991707456600, 4.510000000000000700, -0.9576271177994134500 ) ) ;
#2571 = CARTESIAN_POINT ( 'NONE',  ( 0.7100000000000031800, 2.990000000000000200, 1.999999999999984500 ) ) ;
#2572 = PRESENTATION_STYLE_ASSIGNMENT (( #102 ) ) ;
#2573 = ORIENTED_EDGE ( 'NONE', *, *, #6095, .T. ) ;
#2574 = CARTESIAN_POINT ( 'NONE',  ( 5.800033326487835900, 4.509999999999999800, -2.439531113327625200 ) ) ;
#2575 = FILL_AREA_STYLE_COLOUR ( '', #5291 ) ;
#2576 = CARTESIAN_POINT ( 'NONE',  ( 5.455407133556547300, 4.500000000000000900, -1.099520966376734000 ) ) ;
#2577 = LINE ( 'NONE', #899, #1394 ) ;
#2578 = SURFACE_STYLE_USAGE ( .BOTH. , #3355 ) ;
#2579 = CARTESIAN_POINT ( 'NONE',  ( 0.8556334375402664400, 4.509999999999999800, -0.9747833418026861100 ) ) ;
#2580 = CARTESIAN_POINT ( 'NONE',  ( 4.953042197029793300, 4.500000000000000900, -0.9693535411242255600 ) ) ;
#2581 = CARTESIAN_POINT ( 'NONE',  ( 2.786928875798800200, 4.509999999999999800, -1.435359174371566800 ) ) ;
#2582 = STYLED_ITEM ( 'NONE', ( #7687 ), #5996 ) ;
#2583 = B_SPLINE_SURFACE_WITH_KNOTS ( 'NONE', 3, 1, ( 
 ( #3339, #7126 ),
 ( #3233, #7859 ),
 ( #2416, #9289 ),
 ( #2446, #5448 ),
 ( #220, #3267 ) ),
 .UNSPECIFIED., .F., .F., .F.,
 ( 4, 1, 4 ),
 ( 2, 2 ),
 ( 0.0000000000000000000, 0.5115628037216395400, 1.000000000000000000 ),
 ( 0.0000000000000000000, 1.000000000000000000 ),
 .UNSPECIFIED. ) ;
#2584 = ORIENTED_EDGE ( 'NONE', *, *, #2983, .F. ) ;
#2585 = ORIENTED_EDGE ( 'NONE', *, *, #5023, .T. ) ;
#2586 = CARTESIAN_POINT ( 'NONE',  ( 3.852404203869046900, 4.509999999999999800, -1.359379597329114500 ) ) ;
#2587 = LINE ( 'NONE', #3859, #5084 ) ;
#2588 = B_SPLINE_CURVE_WITH_KNOTS ( 'NONE', 3,
 ( #7776, #1676, #4055, #9377, #3178 ),
 .UNSPECIFIED., .F., .F.,
 ( 4, 1, 4 ),
 ( 0.0000000000000000000, 0.4799636876084980000, 1.000000000000000000 ),
 .UNSPECIFIED. ) ;
#2589 = VERTEX_POINT ( 'NONE', #3350 ) ;
#2590 = PRESENTATION_STYLE_ASSIGNMENT (( #9308 ) ) ;
#2591 = EDGE_CURVE ( 'NONE', #3857, #8184, #7538, .T. ) ;
#2592 = CARTESIAN_POINT ( 'NONE',  ( 1.732766314333623200, 4.500000000000001800, -2.724902919779792000 ) ) ;
#2593 =( NAMED_UNIT ( * ) SI_UNIT ( $, .STERADIAN. ) SOLID_ANGLE_UNIT ( ) );
#2594 = CARTESIAN_POINT ( 'NONE',  ( 5.529025500747745300, 4.500000000000000000, -2.339670029120749300 ) ) ;
#2595 = VERTEX_POINT ( 'NONE', #4118 ) ;
#2596 = CARTESIAN_POINT ( 'NONE',  ( 6.741635729450075100, 4.509999999999998900, -2.429656867502530300 ) ) ;
#2597 = COLOUR_RGB ( '',1.000000000000000000, 1.000000000000000000, 1.000000000000000000 ) ;
#2598 = SURFACE_STYLE_USAGE ( .BOTH. , #5526 ) ;
#2599 = B_SPLINE_SURFACE_WITH_KNOTS ( 'NONE', 3, 1, ( 
 ( #4497, #1443 ),
 ( #9041, #1501 ),
 ( #9910, #2194 ),
 ( #7667, #4463 ),
 ( #3070, #1533 ),
 ( #6852, #8381 ),
 ( #7571, #9006 ),
 ( #3756, #9873 ),
 ( #5999, #9092 ),
 ( #2978, #4433 ),
 ( #6883, #5281 ) ),
 .UNSPECIFIED., .F., .F., .F.,
 ( 4, 1, 1, 1, 1, 1, 1, 1, 4 ),
 ( 2, 2 ),
 ( 0.0000000000000000000, 0.1121686763953984700, 0.2273768320656536200, 0.3461158416197063800, 0.4678942052698059100, 0.5939096944979092000, 0.7246147175821149300, 0.8599340407987439100, 1.000000000000000000 ),
 ( 0.0000000000000000000, 1.000000000000000000 ),
 .UNSPECIFIED. ) ;
#2600 = ORIENTED_EDGE ( 'NONE', *, *, #6636, .F. ) ;
#2601 = LINE ( 'NONE', #8958, #7996 ) ;
#2602 = CARTESIAN_POINT ( 'NONE',  ( 2.210000000000004000, 2.490000000000000200, 5.799999999999983800 ) ) ;
#2603 = MECHANICAL_DESIGN_GEOMETRIC_PRESENTATION_REPRESENTATION (  '', ( #9234 ), #3115 ) ;
#2604 = CARTESIAN_POINT ( 'NONE',  ( 6.595793027778753100, 4.510000000000000700, -0.9446731299589044000 ) ) ;
#2605 = CARTESIAN_POINT ( 'NONE',  ( 6.459098163391353800, 4.509999999999999800, -1.126649268933905600 ) ) ;
#2606 = AXIS2_PLACEMENT_3D ( 'NONE', #1165, #5792, #1232 ) ;
#2607 = DIRECTION ( 'NONE',  ( 1.000000000000000000, -0.0000000000000000000, 0.0000000000000000000 ) ) ;
#2608 = CARTESIAN_POINT ( 'NONE',  ( 5.101910771380899800, 4.500000000000000000, -2.484585455516736400 ) ) ;
#2609 = ORIENTED_EDGE ( 'NONE', *, *, #5364, .F. ) ;
#2610 = CARTESIAN_POINT ( 'NONE',  ( 5.207277154114248900, 4.500000000000000000, -2.637930594706395600 ) ) ;
#2611 = DIRECTION ( 'NONE',  ( 1.000000000000000000, -0.0000000000000000000, 0.0000000000000000000 ) ) ;
#2612 = ORIENTED_EDGE ( 'NONE', *, *, #449, .T. ) ;
#2613 = CARTESIAN_POINT ( 'NONE',  ( 6.558539820996288400, 4.510000000000000700, -2.031852487599741200 ) ) ;
#2614 = CARTESIAN_POINT ( 'NONE',  ( 2.660309844254544300, 4.510000000000000700, -2.524636747394925600 ) ) ;
#2615 = CARTESIAN_POINT ( 'NONE',  ( 1.060000000000003600, 2.490000000000000200, 5.999999999999976900 ) ) ;
#2616 = LINE ( 'NONE', #594, #8938 ) ;
#2617 = FILL_AREA_STYLE ('',( #6422 ) ) ;
#2618 = ADVANCED_FACE ( 'NONE', ( #338 ), #9648, .F. ) ;
#2619 = FILL_AREA_STYLE_COLOUR ( '', #9163 ) ;
#2620 = CIRCLE ( 'NONE', #8355, 2.000000000000000000 ) ;
#2621 = CARTESIAN_POINT ( 'NONE',  ( 7.163650833124956200, 4.509999999999998900, -2.735931385675411100 ) ) ;
#2622 = PRESENTATION_LAYER_ASSIGNMENT (  '', '', ( #1965 ) ) ;
#2623 = ORIENTED_EDGE ( 'NONE', *, *, #7377, .T. ) ;
#2624 = ORIENTED_EDGE ( 'NONE', *, *, #6095, .F. ) ;
#2625 = CARTESIAN_POINT ( 'NONE',  ( 1.935701123003213500, 4.500000000000000000, -1.169789066756489000 ) ) ;
#2626 = MECHANICAL_DESIGN_GEOMETRIC_PRESENTATION_REPRESENTATION (  '', ( #244 ), #573 ) ;
#2627 = VECTOR ( 'NONE', #4869, 1000.000000000000000 ) ;
#2628 = PRESENTATION_STYLE_ASSIGNMENT (( #8826 ) ) ;
#2629 = CARTESIAN_POINT ( 'NONE',  ( 7.045025430068758300, 4.510000000000000700, -2.708497983087221800 ) ) ;
#2630 = CARTESIAN_POINT ( 'NONE',  ( 6.394958496093749100, 4.509999999999999800, -2.560413707262149800 ) ) ;
#2631 = CARTESIAN_POINT ( 'NONE',  ( 5.537016218501706900, 4.509999999999999800, -2.323851074555163300 ) ) ;
#2632 = CARTESIAN_POINT ( 'NONE',  ( 6.741635729450075100, 4.500000000000003600, -2.429656867502530300 ) ) ;
#2633 = CARTESIAN_POINT ( 'NONE',  ( 4.638409840995713300, 4.509999999999999800, -2.411986976220042300 ) ) ;
#2634 = DIRECTION ( 'NONE',  ( 0.0000000000000000000, 1.000000000000000000, -0.0000000000000000000 ) ) ;
#2635 = LINE ( 'NONE', #4735, #7679 ) ;
#2636 = EDGE_CURVE ( 'NONE', #4130, #1829, #1509, .T. ) ;
#2637 = B_SPLINE_SURFACE_WITH_KNOTS ( 'NONE', 3, 1, ( 
 ( #1140, #3486 ),
 ( #9573, #2676 ),
 ( #5638, #361 ),
 ( #4210, #9535 ),
 ( #4958, #6555 ),
 ( #4861, #3523 ),
 ( #1964, #4117 ),
 ( #1840, #2610 ),
 ( #8977, #9221 ),
 ( #4849, #3087 ),
 ( #6736, #4477 ) ),
 .UNSPECIFIED., .F., .F., .F.,
 ( 4, 1, 1, 1, 1, 1, 1, 1, 4 ),
 ( 2, 2 ),
 ( 0.0000000000000000000, 0.1325868731187110600, 0.2592339736334611800, 0.3800147170249504900, 0.4999003229990294200, 0.6193728004511985800, 0.7408338946043837600, 0.8669920532972608100, 1.000000000000000000 ),
 ( 0.0000000000000000000, 1.000000000000000000 ),
 .UNSPECIFIED. ) ;
#2638 = CARTESIAN_POINT ( 'NONE',  ( 4.957635098179753000, 4.509999999999999800, -0.9880149556987067900 ) ) ;
#2639 = VERTEX_POINT ( 'NONE', #4862 ) ;
#2640 = CARTESIAN_POINT ( 'NONE',  ( 6.523260991002296700, 4.500000000000003600, -1.002022223431515300 ) ) ;
#2641 = VECTOR ( 'NONE', #2745, 1000.000000000000000 ) ;
#2642 = CARTESIAN_POINT ( 'NONE',  ( 0.7401910691034224700, 4.509999999999999800, -2.736630341376733000 ) ) ;
#2643 = DIRECTION ( 'NONE',  ( 0.0000000000000000000, 0.0000000000000000000, -1.000000000000000000 ) ) ;
#2644 = CARTESIAN_POINT ( 'NONE',  ( 4.726243522742669800, 4.510000000000001600, -2.484191714886018400 ) ) ;
#2645 = PLANE ( 'NONE',  #5425 ) ;
#2646 = VECTOR ( 'NONE', #8983, 1000.000000000000000 ) ;
#2647 = CARTESIAN_POINT ( 'NONE',  ( 5.822577710892672600, 4.510000000000000700, -2.458556450953181200 ) ) ;
#2648 = DIRECTION ( 'NONE',  ( -0.0000000000000000000, -1.000000000000000000, -0.0000000000000000000 ) ) ;
#2649 = SURFACE_STYLE_USAGE ( .BOTH. , #8680 ) ;
#2650 = B_SPLINE_CURVE_WITH_KNOTS ( 'NONE', 3,
 ( #999, #228, #3958, #7068, #967, #7833, #2497 ),
 .UNSPECIFIED., .F., .F.,
 ( 4, 1, 1, 1, 4 ),
 ( 0.0000000000000000000, 0.2624670020482052200, 0.5140900817909941400, 0.7586526751574572700, 0.9999999999999998900 ),
 .UNSPECIFIED. ) ;
#2651 = CARTESIAN_POINT ( 'NONE',  ( 4.520338463158515700, 4.500000000000000000, -2.290491966352345500 ) ) ;
#2652 = ORIENTED_EDGE ( 'NONE', *, *, #4344, .F. ) ;
#2653 = CARTESIAN_POINT ( 'NONE',  ( 6.772565569196427000, 4.510000000000000700, -1.099520966376733600 ) ) ;
#2654 = CARTESIAN_POINT ( 'NONE',  ( 6.462727554227070600, 4.509999999999999800, -1.685479915746322900 ) ) ;
#2655 = EDGE_CURVE ( 'NONE', #3865, #1959, #7412, .T. ) ;
#2656 = ORIENTED_EDGE ( 'NONE', *, *, #7805, .T. ) ;
#2657 = DIRECTION ( 'NONE',  ( 1.000000000000000000, -0.0000000000000000000, -0.0000000000000000000 ) ) ;
#2658 = B_SPLINE_CURVE_WITH_KNOTS ( 'NONE', 3,
 ( #4120, #4213, #6420, #8741, #1843, #9476, #4897, #5675, #396, #5741, #1109 ),
 .UNSPECIFIED., .F., .F.,
 ( 4, 1, 1, 1, 1, 1, 1, 1, 4 ),
 ( 0.0000000000000000000, 0.1266558512251218800, 0.2499581619777190800, 0.3719201904168841200, 0.5022220188728651100, 0.6325238473288461400, 0.7556260460035206800, 0.8761988241860985100, 1.000000000000000000 ),
 .UNSPECIFIED. ) ;
#2659 = MECHANICAL_DESIGN_GEOMETRIC_PRESENTATION_REPRESENTATION (  '', ( #4679 ), #5718 ) ;
#2660 = CARTESIAN_POINT ( 'NONE',  ( 1.677306256975446000, 4.500000000000001800, -2.736630341376733000 ) ) ;
#2661 = DIRECTION ( 'NONE',  ( -1.000000000000000000, 0.0000000000000000000, 0.0000000000000000000 ) ) ;
#2662 = VECTOR ( 'NONE', #8752, 1000.000000000000000 ) ;
#2663 = CARTESIAN_POINT ( 'NONE',  ( 6.008992263031920800, 4.510000000000000700, -2.553347343801443300 ) ) ;
#2664 = ADVANCED_FACE ( 'NONE', ( #9765 ), #4154, .F. ) ;
#2665 = SURFACE_SIDE_STYLE ('',( #860 ) ) ;
#2666 = PRESENTATION_LAYER_ASSIGNMENT (  '', '', ( #8125 ) ) ;
#2667 = ORIENTED_EDGE ( 'NONE', *, *, #7289, .T. ) ;
#2668 = CARTESIAN_POINT ( 'NONE',  ( 4.657965959821427600, 4.509999999999999800, -2.429672333564233600 ) ) ;
#2669 = CARTESIAN_POINT ( 'NONE',  ( 7.296365759836620100, 4.509999999999998900, -2.083763850241384700 ) ) ;
#2670 =( NAMED_UNIT ( * ) PLANE_ANGLE_UNIT ( ) SI_UNIT ( $, .RADIAN. ) );
#2671 = EDGE_CURVE ( 'NONE', #679, #838, #4046, .T. ) ;
#2672 = CARTESIAN_POINT ( 'NONE',  ( 4.953042197029793300, 4.509999999999999800, -0.9693535411242255600 ) ) ;
#2673 = VECTOR ( 'NONE', #5569, 1000.000000000000000 ) ;
#2674 = CARTESIAN_POINT ( 'NONE',  ( 3.937969419872055200, 4.500000000000000900, -1.411113213743273600 ) ) ;
#2675 = VERTEX_POINT ( 'NONE', #4824 ) ;
#2676 = CARTESIAN_POINT ( 'NONE',  ( 4.971719814564456100, 4.500000000000000900, -2.736063023224931000 ) ) ;
#2677 = MECHANICAL_DESIGN_GEOMETRIC_PRESENTATION_REPRESENTATION (  '', ( #1278 ), #1469 ) ;
#2678 = CARTESIAN_POINT ( 'NONE',  ( 6.433783820944412900, 4.509999999999999800, -1.465846044581452100 ) ) ;
#2679 = CARTESIAN_POINT ( 'NONE',  ( 6.940000000000003100, -2.259999999999997100, 6.749999999999984900 ) ) ;
#2680 = CARTESIAN_POINT ( 'NONE',  ( 4.413942464192707000, 4.509999999999999800, -2.432514537340274800 ) ) ;
#2681 = CARTESIAN_POINT ( 'NONE',  ( 3.852404203869046900, 4.500000000000000900, -1.541280638995781200 ) ) ;
#2682 = LINE ( 'NONE', #6811, #290 ) ;
#2683 = SURFACE_STYLE_USAGE ( .BOTH. , #1147 ) ;
#2684 = CARTESIAN_POINT ( 'NONE',  ( 0.8490870066492689500, 4.500000000000000900, -0.9557664663086185000 ) ) ;
#2685 = ORIENTED_EDGE ( 'NONE', *, *, #4469, .F. ) ;
#2686 = B_SPLINE_SURFACE_WITH_KNOTS ( 'NONE', 3, 1, ( 
 ( #5054, #2731 ),
 ( #9490, #3507 ),
 ( #8827, #1494 ),
 ( #8191, #3579 ),
 ( #752, #6682 ),
 ( #718, #3611 ),
 ( #13, #8965 ),
 ( #9726, #2258 ),
 ( #2792, #4390 ),
 ( #6059, #9663 ),
 ( #6875, #8403 ) ),
 .UNSPECIFIED., .F., .F., .F.,
 ( 4, 1, 1, 1, 1, 1, 1, 1, 4 ),
 ( 2, 2 ),
 ( 0.0000000000000000000, 0.1438452084224851300, 0.2744633483863632200, 0.3894294444927151000, 0.5015746808976575500, 0.6098445063685609100, 0.7259657379454850200, 0.8559693386118509800, 1.000000000000000000 ),
 ( 0.0000000000000000000, 1.000000000000000000 ),
 .UNSPECIFIED. ) ;
#2687 = CARTESIAN_POINT ( 'NONE',  ( 3.600000000000003600, 1.740000000000000000, 5.999999999999984000 ) ) ;
#2688 = CARTESIAN_POINT ( 'NONE',  ( 6.076805576540865100, 4.509999999999999800, -1.064356071063501400 ) ) ;
#2689 = EDGE_CURVE ( 'NONE', #4201, #8819, #8232, .T. ) ;
#2690 = ORIENTED_EDGE ( 'NONE', *, *, #8607, .F. ) ;
#2691 = DIRECTION ( 'NONE',  ( -0.0000000000000000000, -0.0000000000000000000, -1.000000000000000000 ) ) ;
#2692 = CARTESIAN_POINT ( 'NONE',  ( 2.068099228592611600, 4.509999999999999800, -0.9185061111007342100 ) ) ;
#2693 = CARTESIAN_POINT ( 'NONE',  ( 5.523141216656307000, 4.500000000000000900, -2.356176445992655700 ) ) ;
#2694 = CARTESIAN_POINT ( 'NONE',  ( 2.256303769066220000, 4.500000000000002700, -2.671665683638638100 ) ) ;
#2695 = CARTESIAN_POINT ( 'NONE',  ( 1.677306256975446000, 4.509999999999999800, -2.554729299710066600 ) ) ;
#2696 =( LENGTH_UNIT ( ) NAMED_UNIT ( * ) SI_UNIT ( .MILLI., .METRE. ) );
#2697 = CARTESIAN_POINT ( 'NONE',  ( 8.000000000000000000, 0.0000000000000000000, 0.0000000000000000000 ) ) ;
#2698 = B_SPLINE_SURFACE_WITH_KNOTS ( 'NONE', 3, 1, ( 
 ( #9184, #6982 ),
 ( #6202, #7786 ),
 ( #1657, #6948 ),
 ( #7015, #8432 ),
 ( #7754, #2349 ),
 ( #7694, #2377 ),
 ( #4608, #43 ),
 ( #7721, #3127 ),
 ( #8463, #3911 ),
 ( #9216, #1425 ),
 ( #9079, #9853 ),
 ( #5263, #8297 ),
 ( #4444, #613 ),
 ( #1455, #2144 ),
 ( #2244, #8987 ),
 ( #7553, #5911 ),
 ( #3675, #2209 ),
 ( #4415, #8241 ),
 ( #2175, #9754 ) ),
 .UNSPECIFIED., .F., .F., .F.,
 ( 4, 1, 1, 1, 1, 1, 1, 1, 1, 1, 1, 1, 1, 1, 1, 1, 4 ),
 ( 2, 2 ),
 ( 0.0000000000000000000, 0.03828069407247108200, 0.07738805717304707300, 0.1180984301595548500, 0.1611014230638988500, 0.2069833872630443500, 0.2572226791531509500, 0.3107329601489685100, 0.3682757298278993000, 0.4301058585872973800, 0.4970028159540491000, 0.5683747602638313800, 0.6441520267934988100, 0.7257965197093109200, 0.8118025055179974900, 0.9038112034319040200, 1.000000000000000000 ),
 ( 0.0000000000000000000, 1.000000000000000000 ),
 .UNSPECIFIED. ) ;
#2699 = ADVANCED_FACE ( 'NONE', ( #2010 ), #2645, .F. ) ;
#2700 = VECTOR ( 'NONE', #2370, 1000.000000000000000 ) ;
#2701 = CARTESIAN_POINT ( 'NONE',  ( 6.206547123850349100, 4.500000000000001800, -2.510939998543394200 ) ) ;
#2702 = ORIENTED_EDGE ( 'NONE', *, *, #6869, .F. ) ;
#2703 = LINE ( 'NONE', #7768, #3914 ) ;
#2704 = CARTESIAN_POINT ( 'NONE',  ( 6.702256512749479500, 4.500000000000001800, -1.114376713829946700 ) ) ;
#2705 = PRESENTATION_STYLE_ASSIGNMENT (( #736 ) ) ;
#2706 = ORIENTED_EDGE ( 'NONE', *, *, #8620, .F. ) ;
#2707 = CARTESIAN_POINT ( 'NONE',  ( 5.562800722170431200, 4.509999999999999800, -2.298339766766987600 ) ) ;
#2708 = CARTESIAN_POINT ( 'NONE',  ( 7.383375572141038600, 4.500000000000000900, -2.674902905427476400 ) ) ;
#2709 = CARTESIAN_POINT ( 'NONE',  ( 0.7730794270833332100, 4.509999999999999800, -0.9176199247100669300 ) ) ;
#2710 = SURFACE_STYLE_USAGE ( .BOTH. , #5098 ) ;
#2711 = CARTESIAN_POINT ( 'NONE',  ( 5.249956403459821200, 4.509999999999999800, -0.9176199247100669300 ) ) ;
#2712 =( NAMED_UNIT ( * ) PLANE_ANGLE_UNIT ( ) SI_UNIT ( $, .RADIAN. ) );
#2713 = EDGE_CURVE ( 'NONE', #5186, #2242, #8906, .T. ) ;
#2714 = VERTEX_POINT ( 'NONE', #7887 ) ;
#2715 = ADVANCED_FACE ( 'NONE', ( #3332 ), #4701, .F. ) ;
#2716 = ORIENTED_EDGE ( 'NONE', *, *, #9226, .T. ) ;
#2717 = DIRECTION ( 'NONE',  ( -0.0000000000000000000, 1.000000000000000000, -0.0000000000000000000 ) ) ;
#2718 = UNCERTAINTY_MEASURE_WITH_UNIT (LENGTH_MEASURE( 1.000000000000000100E-005 ), #5738, 'distance_accuracy_value', 'NONE');
#2719 = CARTESIAN_POINT ( 'NONE',  ( 3.600000000000003600, -2.260000000000004200, 7.249999999999985800 ) ) ;
#2720 = PRESENTATION_LAYER_ASSIGNMENT (  '', '', ( #8531 ) ) ;
#2721 =( NAMED_UNIT ( * ) SI_UNIT ( $, .STERADIAN. ) SOLID_ANGLE_UNIT ( ) );
#2722 = COLOUR_RGB ( '',0.8980392156862745400, 0.8980392156862745400, 0.8980392156862745400 ) ;
#2723 =( NAMED_UNIT ( * ) SI_UNIT ( $, .STERADIAN. ) SOLID_ANGLE_UNIT ( ) );
#2724 = STYLED_ITEM ( 'NONE', ( #6898 ), #3219 ) ;
#2725 = EDGE_CURVE ( 'NONE', #1456, #2171, #8351, .T. ) ;
#2726 =( NAMED_UNIT ( * ) SI_UNIT ( $, .STERADIAN. ) SOLID_ANGLE_UNIT ( ) );
#2727 = ORIENTED_EDGE ( 'NONE', *, *, #9517, .T. ) ;
#2728 = CARTESIAN_POINT ( 'NONE',  ( 6.972032867883591200, 4.510000000000001600, -1.232002038787070500 ) ) ;
#2729 = CARTESIAN_POINT ( 'NONE',  ( 1.922785347974640800, 4.509999999999999800, -0.9559830000762953300 ) ) ;
#2730 = CARTESIAN_POINT ( 'NONE',  ( 5.523141216656307000, 4.509999999999999800, -2.356176445992655700 ) ) ;
#2731 = CARTESIAN_POINT ( 'NONE',  ( 6.088406517392113100, 4.500000000000000900, -1.008570445543400100 ) ) ;
#2732 = CARTESIAN_POINT ( 'NONE',  ( 3.250000000000003100, 2.490000000000000200, 5.799999999999983800 ) ) ;
#2733 = CARTESIAN_POINT ( 'NONE',  ( 0.7086928088873689600, 4.509999999999998900, -0.9440210245221388700 ) ) ;
#2734 = ORIENTED_EDGE ( 'NONE', *, *, #8607, .T. ) ;
#2735 = VERTEX_POINT ( 'NONE', #6289 ) ;
#2736 = SURFACE_SIDE_STYLE ('',( #7513 ) ) ;
#2737 = AXIS2_PLACEMENT_3D ( 'NONE', #7363, #8804, #2771 ) ;
#2738 = ORIENTED_EDGE ( 'NONE', *, *, #994, .T. ) ;
#2739 = SURFACE_STYLE_FILL_AREA ( #5020 ) ;
#2740 = AXIS2_PLACEMENT_3D ( 'NONE', #5383, #6952, #6985 ) ;
#2741 = CARTESIAN_POINT ( 'NONE',  ( 6.160112945658233300, 4.500000000000000900, -2.148605785864427600 ) ) ;
#2742 = PRESENTATION_LAYER_ASSIGNMENT (  '', '', ( #5155 ) ) ;
#2743 = CARTESIAN_POINT ( 'NONE',  ( 0.7401910691034224700, 4.509999999999999800, -2.736630341376733000 ) ) ;
#2744 = CARTESIAN_POINT ( 'NONE',  ( 4.958021472749254400, 4.500000000000000900, -1.008570445543400100 ) ) ;
#2745 = DIRECTION ( 'NONE',  ( 0.0000000000000000000, -1.000000000000000000, 0.0000000000000000000 ) ) ;
#2746 = CARTESIAN_POINT ( 'NONE',  ( 2.210000000000004000, 2.990000000000000200, 1.999999999999984500 ) ) ;
#2747 = CARTESIAN_POINT ( 'NONE',  ( 4.051141747118993700, 4.500000000000001800, -0.9399744836577723600 ) ) ;
#2748 = FILL_AREA_STYLE_COLOUR ( '', #6230 ) ;
#2749 = PRESENTATION_LAYER_ASSIGNMENT (  '', '', ( #1217 ) ) ;
#2750 = EDGE_CURVE ( 'NONE', #7950, #6807, #4286, .T. ) ;
#2751 = MECHANICAL_DESIGN_GEOMETRIC_PRESENTATION_REPRESENTATION (  '', ( #9195 ), #1363 ) ;
#2752 = CARTESIAN_POINT ( 'NONE',  ( 1.692723202390605600, 4.509999999999998900, -1.209468582649994900 ) ) ;
#2753 = CARTESIAN_POINT ( 'NONE',  ( 2.256303769066220000, 4.500000000000000000, -2.671665683638638100 ) ) ;
#2754 = CARTESIAN_POINT ( 'NONE',  ( 7.038843694920115200, 4.499999999999999100, -1.335079654942215500 ) ) ;
#2755 = SURFACE_STYLE_FILL_AREA ( #2156 ) ;
#2756 = CARTESIAN_POINT ( 'NONE',  ( 6.085564313616071500, 4.499999999999999100, -2.736630341376733000 ) ) ;
#2757 =( LENGTH_UNIT ( ) NAMED_UNIT ( * ) SI_UNIT ( .MILLI., .METRE. ) );
#2758 = ADVANCED_FACE ( 'NONE', ( #454 ), #7213, .T. ) ;
#2759 = VERTEX_POINT ( 'NONE', #271 ) ;
#2760 =( LENGTH_UNIT ( ) NAMED_UNIT ( * ) SI_UNIT ( .MILLI., .METRE. ) );
#2761 = SURFACE_STYLE_USAGE ( .BOTH. , #5960 ) ;
#2762 = CARTESIAN_POINT ( 'NONE',  ( 7.304560580702231600, 4.509999999999998900, -2.140340706822321700 ) ) ;
#2763 = CARTESIAN_POINT ( 'NONE',  ( 5.790000000000003600, 2.990000000000000200, 1.999999999999984500 ) ) ;
#2764 = CARTESIAN_POINT ( 'NONE',  ( 2.153578404017856500, 4.509999999999999800, -2.372828258043400100 ) ) ;
#2765 = EDGE_CURVE ( 'NONE', #3453, #7837, #202, .T. ) ;
#2766 = PRESENTATION_STYLE_ASSIGNMENT (( #8577 ) ) ;
#2767 = CARTESIAN_POINT ( 'NONE',  ( 2.993247154490524100, 4.500000000000000900, -2.206013419754879700 ) ) ;
#2768 = B_SPLINE_CURVE_WITH_KNOTS ( 'NONE', 3,
 ( #1793, #9452, #1055, #3395, #5652, #1090, #7980, #6431, #7215, #2625, #4164, #4909, #9264, #3085, #5397 ),
 .UNSPECIFIED., .F., .F.,
 ( 4, 1, 1, 1, 1, 1, 1, 1, 1, 1, 1, 1, 4 ),
 ( 0.0000000000000000000, 0.06637750549574722400, 0.1306191492589933400, 0.1923178888169102300, 0.2529437596923494500, 0.3126712166365245800, 0.3726675467376794300, 0.4335447669146608200, 0.4958624727019646500, 0.6203322117168669200, 0.7426345346008282900, 0.8678151099651970600, 1.000000000000000000 ),
 .UNSPECIFIED. ) ;
#2769 = ORIENTED_EDGE ( 'NONE', *, *, #919, .T. ) ;
#2770 = CARTESIAN_POINT ( 'NONE',  ( 6.218958963697073900, 4.500000000000001800, -2.228284837589487500 ) ) ;
#2771 = DIRECTION ( 'NONE',  ( 1.000000000000000000, 0.0000000000000000000, 0.0000000000000000000 ) ) ;
#2772 = CARTESIAN_POINT ( 'NONE',  ( 7.204580543154761200, 4.500000000000000000, -2.736630341376733000 ) ) ;
#2773 = CARTESIAN_POINT ( 'NONE',  ( 6.972032867883591200, 4.510000000000001600, -1.232002038787070500 ) ) ;
#2774 = CARTESIAN_POINT ( 'NONE',  ( 3.083527346295568300, 4.500000000000000000, -1.540904330792368400 ) ) ;
#2775 = PRESENTATION_LAYER_ASSIGNMENT (  '', '', ( #2582 ) ) ;
#2776 = CARTESIAN_POINT ( 'NONE',  ( 1.671215820312499800, 4.510000000000000700, -1.463323049710067100 ) ) ;
#2777 = CARTESIAN_POINT ( 'NONE',  ( 6.394958496093749100, 4.499999999999999100, -2.560413707262149800 ) ) ;
#2778 = CARTESIAN_POINT ( 'NONE',  ( 2.053695242745535100, 4.509999999999999800, -2.190927216376733300 ) ) ;
#2779 = SURFACE_SIDE_STYLE ('',( #8258 ) ) ;
#2780 = ORIENTED_EDGE ( 'NONE', *, *, #730, .F. ) ;
#2781 = CARTESIAN_POINT ( 'NONE',  ( 5.666892911714167100, 4.500000000000001800, -2.301346730429791900 ) ) ;
#2782 = B_SPLINE_CURVE_WITH_KNOTS ( 'NONE', 3,
 ( #6885, #9094, #7574, #1537, #2982 ),
 .UNSPECIFIED., .F., .F.,
 ( 4, 1, 4 ),
 ( 0.0000000000000000000, 0.4862122328046448700, 1.000000000000000000 ),
 .UNSPECIFIED. ) ;
#2783 = EDGE_CURVE ( 'NONE', #5424, #3410, #3319, .T. ) ;
#2784 = DIRECTION ( 'NONE',  ( -0.0000000000000000000, 1.000000000000000000, -0.0000000000000000000 ) ) ;
#2785 = CARTESIAN_POINT ( 'NONE',  ( 1.673769115179550200, 4.510000000000002500, -1.263195678285103300 ) ) ;
#2786 = CARTESIAN_POINT ( 'NONE',  ( 1.767850748697916500, 4.509999999999999800, -2.645679820543399800 ) ) ;
#2787 = ORIENTED_EDGE ( 'NONE', *, *, #4244, .T. ) ;
#2788 = CARTESIAN_POINT ( 'NONE',  ( 6.434984256956553800, 4.500000000000000000, -2.283935102730433100 ) ) ;
#2789 = VECTOR ( 'NONE', #685, 1000.000000000000000 ) ;
#2790 = CARTESIAN_POINT ( 'NONE',  ( 6.794729208433986800, 4.500000000000001800, -1.100480777455993000 ) ) ;
#2791 = CARTESIAN_POINT ( 'NONE',  ( 6.433573567514912400, 4.509999999999998000, -2.473263217025896600 ) ) ;
#2792 = CARTESIAN_POINT ( 'NONE',  ( 6.018320689635238800, 4.509999999999999800, -0.9186940498218998400 ) ) ;
#2793 = STYLED_ITEM ( 'NONE', ( #9114 ), #4171 ) ;
#2794 = DIRECTION ( 'NONE',  ( 1.004154768309306400E-013, 1.000000000000000000, 2.145867810811694400E-015 ) ) ;
#2795 = CARTESIAN_POINT ( 'NONE',  ( 6.140000000000004100, 1.739999999999996000, 6.749999999999983100 ) ) ;
#2796 = CARTESIAN_POINT ( 'NONE',  ( 7.089472794064652900, 4.509999999999999800, -2.540400938040191700 ) ) ;
#2797 = CARTESIAN_POINT ( 'NONE',  ( 7.306847044677363500, 4.510000000000000700, -2.405307998898009300 ) ) ;
#2798 = ORIENTED_EDGE ( 'NONE', *, *, #4442, .F. ) ;
#2799 = EDGE_CURVE ( 'NONE', #3034, #4988, #5346, .T. ) ;
#2800 = ORIENTED_EDGE ( 'NONE', *, *, #5655, .F. ) ;
#2801 = CARTESIAN_POINT ( 'NONE',  ( -1.009999999999996700, -0.01000000000000002600, 1.999999999999984500 ) ) ;
#2802 = PRESENTATION_STYLE_ASSIGNMENT (( #7924 ) ) ;
#2803 = CARTESIAN_POINT ( 'NONE',  ( 1.660253034319195900, 4.500000000000000900, -1.373590616209322800 ) ) ;
#2804 = FACE_OUTER_BOUND ( 'NONE', #3995, .T. ) ;
#2805 = CARTESIAN_POINT ( 'NONE',  ( 7.083835634732184700, 4.509999999999999800, -1.420027323098118200 ) ) ;
#2806 = VERTEX_POINT ( 'NONE', #8848 ) ;
#2807 = CARTESIAN_POINT ( 'NONE',  ( 4.957635098179753000, 4.500000000000000900, -0.9880149556987067900 ) ) ;
#2808 = DIRECTION ( 'NONE',  ( -0.0000000000000000000, -1.000000000000000000, -0.0000000000000000000 ) ) ;
#2809 = CARTESIAN_POINT ( 'NONE',  ( 2.592279364538936400, 4.509999999999999800, -1.416090353273881100 ) ) ;
#2810 = CARTESIAN_POINT ( 'NONE',  ( 0.6717614574054523400, 4.500000000000001800, -2.577083858657771600 ) ) ;
#2811 = EDGE_CURVE ( 'NONE', #2215, #3869, #9144, .T. ) ;
#2812 = ADVANCED_FACE ( 'NONE', ( #7881, #3569 ), #8885, .T. ) ;
#2813 = LINE ( 'NONE', #5248, #4708 ) ;
#2814 = STYLED_ITEM ( 'NONE', ( #8832 ), #2008 ) ;
#2815 = CARTESIAN_POINT ( 'NONE',  ( 5.264573451450891300, 4.500000000000002700, -2.560413707262149800 ) ) ;
#2816 = CARTESIAN_POINT ( 'NONE',  ( 4.029159731052386600, 4.509999999999999800, -1.001501958244233300 ) ) ;
#2817 = B_SPLINE_SURFACE_WITH_KNOTS ( 'NONE', 3, 1, ( 
 ( #869, #2301 ),
 ( #9889, #8392 ),
 ( #5297, #2396 ),
 ( #2369, #9232 ),
 ( #8421, #737 ),
 ( #30, #1610 ),
 ( #1, #6965 ) ),
 .UNSPECIFIED., .F., .F., .F.,
 ( 4, 1, 1, 1, 4 ),
 ( 2, 2 ),
 ( 0.0000000000000000000, 0.2432027598354963600, 0.4864218073515730300, 0.7377376028668435300, 0.9999999999999998900 ),
 ( 0.0000000000000000000, 1.000000000000000000 ),
 .UNSPECIFIED. ) ;
#2818 = FACE_OUTER_BOUND ( 'NONE', #4231, .T. ) ;
#2819 = CARTESIAN_POINT ( 'NONE',  ( 2.573006475539434000, 4.509999999999999800, -2.736630341376733000 ) ) ;
#2820 = VERTEX_POINT ( 'NONE', #9717 ) ;
#2821 = CARTESIAN_POINT ( 'NONE',  ( 4.958021472749254400, 4.500000000000000900, -1.008570445543400100 ) ) ;
#2822 = LINE ( 'NONE', #2642, #4023 ) ;
#2823 = SURFACE_STYLE_USAGE ( .BOTH. , #7419 ) ;
#2824 = VERTEX_POINT ( 'NONE', #5848 ) ;
#2825 =( NAMED_UNIT ( * ) PLANE_ANGLE_UNIT ( ) SI_UNIT ( $, .RADIAN. ) );
#2826 =( NAMED_UNIT ( * ) SI_UNIT ( $, .STERADIAN. ) SOLID_ANGLE_UNIT ( ) );
#2827 = EDGE_CURVE ( 'NONE', #7690, #7046, #442, .T. ) ;
#2828 = CARTESIAN_POINT ( 'NONE',  ( 5.272110812670158400, 4.509999999999999800, -2.546374660400778600 ) ) ;
#2829 = SURFACE_STYLE_USAGE ( .BOTH. , #8212 ) ;
#2830 = LINE ( 'NONE', #4692, #6409 ) ;
#2831 = UNCERTAINTY_MEASURE_WITH_UNIT (LENGTH_MEASURE( 1.000000000000000100E-005 ), #3241, 'distance_accuracy_value', 'NONE');
#2832 = VERTEX_POINT ( 'NONE', #5912 ) ;
#2833 = CARTESIAN_POINT ( 'NONE',  ( 7.106507417487521600, 4.499999999999999100, -1.467244278231397000 ) ) ;
#2834 = VECTOR ( 'NONE', #7804, 1000.000000000000000 ) ;
#2835 = CARTESIAN_POINT ( 'NONE',  ( 1.857284237892998100, 4.499999999999999100, -0.9992806684977452200 ) ) ;
#2836 = CARTESIAN_POINT ( 'NONE',  ( 4.923816581130675600, 4.510000000000000700, -2.554258305700128700 ) ) ;
#2837 = DIRECTION ( 'NONE',  ( 2.891205793294686200E-016, 0.0000000000000000000, -1.000000000000000000 ) ) ;
#2838 = SURFACE_STYLE_USAGE ( .BOTH. , #3650 ) ;
#2839 = LINE ( 'NONE', #3831, #2451 ) ;
#2840 = VECTOR ( 'NONE', #6969, 1000.000000000000100 ) ;
#2841 = ORIENTED_EDGE ( 'NONE', *, *, #3846, .T. ) ;
#2842 = CARTESIAN_POINT ( 'NONE',  ( 7.332629869282484900, 4.500000000000000900, -2.709577293894838100 ) ) ;
#2843 = UNCERTAINTY_MEASURE_WITH_UNIT (LENGTH_MEASURE( 1.000000000000000100E-005 ), #3472, 'distance_accuracy_value', 'NONE');
#2844 = SURFACE_SIDE_STYLE ('',( #1832 ) ) ;
#2845 = CARTESIAN_POINT ( 'NONE',  ( 5.790000000000003600, 2.490000000000000200, 1.999999999999984500 ) ) ;
#2846 = SURFACE_SIDE_STYLE ('',( #5371 ) ) ;
#2847 = ORIENTED_EDGE ( 'NONE', *, *, #2995, .F. ) ;
#2848 = EDGE_CURVE ( 'NONE', #4478, #1481, #4973, .T. ) ;
#2849 = SURFACE_STYLE_FILL_AREA ( #170 ) ;
#2850 = ORIENTED_EDGE ( 'NONE', *, *, #4500, .T. ) ;
#2851 =( GEOMETRIC_REPRESENTATION_CONTEXT ( 3 ) GLOBAL_UNCERTAINTY_ASSIGNED_CONTEXT ( ( #4235 ) ) GLOBAL_UNIT_ASSIGNED_CONTEXT ( ( #9071, #3733, #6790 ) ) REPRESENTATION_CONTEXT ( 'NONE', 'WORKASPACE' ) );
#2852 = B_SPLINE_SURFACE_WITH_KNOTS ( 'NONE', 3, 1, ( 
 ( #9115, #7628 ),
 ( #8928, #8895 ),
 ( #1528, #2089 ),
 ( #3033, #4359 ),
 ( #6128, #8376 ),
 ( #3814, #9907 ),
 ( #8159, #5310 ) ),
 .UNSPECIFIED., .F., .F., .F.,
 ( 4, 1, 1, 1, 4 ),
 ( 2, 2 ),
 ( 0.0000000000000000000, 0.2562600947496391800, 0.5024194315356107500, 0.7465536571045217100, 1.000000000000000000 ),
 ( 0.0000000000000000000, 1.000000000000000000 ),
 .UNSPECIFIED. ) ;
#2853 = ADVANCED_FACE ( 'NONE', ( #4382 ), #530, .T. ) ;
#2854 = ORIENTED_EDGE ( 'NONE', *, *, #8765, .T. ) ;
#2855 = CARTESIAN_POINT ( 'NONE',  ( 0.7390209806954239900, 4.500000000000000900, -0.9243359989920172400 ) ) ;
#2856 = DIRECTION ( 'NONE',  ( -0.0000000000000000000, -1.000000000000000000, -0.0000000000000000000 ) ) ;
#2857 = LINE ( 'NONE', #5483, #8457 ) ;
#2858 =( NAMED_UNIT ( * ) SI_UNIT ( $, .STERADIAN. ) SOLID_ANGLE_UNIT ( ) );
#2859 = CARTESIAN_POINT ( 'NONE',  ( 0.6841272511588752900, 4.509999999999999800, -1.028627791793215600 ) ) ;
#2860 = VERTEX_POINT ( 'NONE', #6799 ) ;
#2861 = MECHANICAL_DESIGN_GEOMETRIC_PRESENTATION_REPRESENTATION (  '', ( #415 ), #6441 ) ;
#2862 = EDGE_CURVE ( 'NONE', #8177, #6136, #9636, .T. ) ;
#2863 = VECTOR ( 'NONE', #763, 1000.000000000000000 ) ;
#2864 = CARTESIAN_POINT ( 'NONE',  ( 2.795395540845475100, 4.509999999999999800, -2.389232321399279400 ) ) ;
#2865 = VECTOR ( 'NONE', #7263, 1000.000000000000000 ) ;
#2866 =( LENGTH_UNIT ( ) NAMED_UNIT ( * ) SI_UNIT ( .MILLI., .METRE. ) );
#2868 = EDGE_LOOP ( 'NONE', ( #5171, #916, #9419, #4816, #7988, #6775, #878, #5434 ) ) ;
#2867 = FILL_AREA_STYLE ('',( #483 ) ) ;
#2869 = ADVANCED_FACE ( 'NONE', ( #3808 ), #5981, .T. ) ;
#2870 = FACE_OUTER_BOUND ( 'NONE', #4690, .T. ) ;
#2871 = CARTESIAN_POINT ( 'NONE',  ( 1.677306256975446000, 4.500000000000000900, -2.554729299710066600 ) ) ;
#2872 = DIRECTION ( 'NONE',  ( -1.000000000000000000, 0.0000000000000000000, 2.168404344971008900E-016 ) ) ;
#2873 = DIRECTION ( 'NONE',  ( 0.0000000000000000000, 0.0000000000000000000, -1.000000000000000000 ) ) ;
#2874 = CARTESIAN_POINT ( 'NONE',  ( 6.085564313616071500, 4.499999999999999100, -2.736630341376733000 ) ) ;
#2875 = LINE ( 'NONE', #2897, #6940 ) ;
#2876 = COLOUR_RGB ( '',1.000000000000000000, 1.000000000000000000, 1.000000000000000000 ) ;
#2877 = PRESENTATION_LAYER_ASSIGNMENT (  '', '', ( #1006 ) ) ;
#2878 = AXIS2_PLACEMENT_3D ( 'NONE', #2888, #5198, #8986 ) ;
#2879 = DIRECTION ( 'NONE',  ( 1.000000000000000000, 0.0000000000000000000, 0.0000000000000000000 ) ) ;
#2880 = AXIS2_PLACEMENT_3D ( 'NONE', #8785, #1978, #8822 ) ;
#2881 = CARTESIAN_POINT ( 'NONE',  ( 6.805070793771959000, 4.509999999999998900, -0.9244793675669037400 ) ) ;
#2882 = CARTESIAN_POINT ( 'NONE',  ( 2.814187767392112500, 4.500000000000000900, -2.279035533434024900 ) ) ;
#2883 = CARTESIAN_POINT ( 'NONE',  ( 2.682929831211944700, 4.500000000000001800, -2.512342420036346400 ) ) ;
#2884 = SURFACE_SIDE_STYLE ('',( #167 ) ) ;
#2885 = ORIENTED_EDGE ( 'NONE', *, *, #6430, .T. ) ;
#2886 = CARTESIAN_POINT ( 'NONE',  ( 7.492984029905422000, 4.510000000000000700, -2.397041051215568400 ) ) ;
#2887 = CARTESIAN_POINT ( 'NONE',  ( 9.009999999999999800, 1.500000000000000400, -1.000000000000015500 ) ) ;
#2888 = CARTESIAN_POINT ( 'NONE',  ( 9.009999999999999800, 1.500000000000000400, -1.000000000000015500 ) ) ;
#2889 = EDGE_CURVE ( 'NONE', #651, #1379, #4203, .T. ) ;
#2890 = CARTESIAN_POINT ( 'NONE',  ( 3.083633888582768500, 4.500000000000002700, -1.360453722440947600 ) ) ;
#2891 = CARTESIAN_POINT ( 'NONE',  ( 3.600000000000003600, 1.739999999999988900, 7.249999999999984000 ) ) ;
#2892 = AXIS2_PLACEMENT_3D ( 'NONE', #6417, #2611, #6455 ) ;
#2893 = VECTOR ( 'NONE', #2428, 1000.000000000000000 ) ;
#2894 = ORIENTED_EDGE ( 'NONE', *, *, #1624, .T. ) ;
#2895 = CARTESIAN_POINT ( 'NONE',  ( 0.6853771391369045700, 4.509999999999999800, -1.033338221306048900 ) ) ;
#2896 = VECTOR ( 'NONE', #8282, 1000.000000000000000 ) ;
#2897 = CARTESIAN_POINT ( 'NONE',  ( 6.940000000000003100, 1.739999999999996000, 6.749999999999983100 ) ) ;
#2898 = CARTESIAN_POINT ( 'NONE',  ( 4.638409840995713300, 4.509999999999999800, -2.411986976220042300 ) ) ;
#2899 = CARTESIAN_POINT ( 'NONE',  ( 0.7401910691034224700, 4.509999999999999800, -2.736630341376733000 ) ) ;
#2900 = PRESENTATION_STYLE_ASSIGNMENT (( #5083 ) ) ;
#2901 = UNCERTAINTY_MEASURE_WITH_UNIT (LENGTH_MEASURE( 1.000000000000000100E-005 ), #1239, 'distance_accuracy_value', 'NONE');
#2902 = EDGE_LOOP ( 'NONE', ( #6309, #6239, #3802, #9019 ) ) ;
#2903 = FILL_AREA_STYLE ('',( #9631 ) ) ;
#2904 = CARTESIAN_POINT ( 'NONE',  ( 7.155857049851190000, 4.509999999999999800, -2.554729299710066600 ) ) ;
#2905 = CARTESIAN_POINT ( 'NONE',  ( 4.476565013582417800, 4.510000000000000700, -2.283363954505303700 ) ) ;
#2906 = ADVANCED_FACE ( 'NONE', ( #3801 ), #5235, .T. ) ;
#2907 = DIRECTION ( 'NONE',  ( 0.0000000000000000000, 0.0000000000000000000, -1.000000000000000000 ) ) ;
#2908 = ORIENTED_EDGE ( 'NONE', *, *, #9596, .T. ) ;
#2909 = CARTESIAN_POINT ( 'NONE',  ( 3.600000000000003600, 2.490000000000000200, 5.799999999999983800 ) ) ;
#2910 = CARTESIAN_POINT ( 'NONE',  ( 6.805070793771959000, 4.509999999999998900, -0.9244793675669037400 ) ) ;
#2911 =( GEOMETRIC_REPRESENTATION_CONTEXT ( 3 ) GLOBAL_UNCERTAINTY_ASSIGNED_CONTEXT ( ( #3516 ) ) GLOBAL_UNIT_ASSIGNED_CONTEXT ( ( #9644, #9574, #6591 ) ) REPRESENTATION_CONTEXT ( 'NONE', 'WORKASPACE' ) );
#2912 = SURFACE_SIDE_STYLE ('',( #6826 ) ) ;
#2913 = DIRECTION ( 'NONE',  ( -0.0000000000000000000, -1.000000000000000000, -0.0000000000000000000 ) ) ;
#2914 = ADVANCED_FACE ( 'NONE', ( #3437 ), #677, .T. ) ;
#2915 = VECTOR ( 'NONE', #323, 1000.000000000000000 ) ;
#2916 = CARTESIAN_POINT ( 'NONE',  ( 7.469234750220874000, 4.509999999999998900, -2.526891249451697500 ) ) ;
#2917 = FILL_AREA_STYLE ('',( #1421 ) ) ;
#2918 = MECHANICAL_DESIGN_GEOMETRIC_PRESENTATION_REPRESENTATION (  '', ( #4440 ), #7674 ) ;
#2919 = EDGE_LOOP ( 'NONE', ( #8883, #1169, #1966, #5210, #4261, #2847, #2356, #9454 ) ) ;
#2920 = EDGE_CURVE ( 'NONE', #9138, #1668, #1158, .T. ) ;
#2921 = CARTESIAN_POINT ( 'NONE',  ( 3.013825529268670400, 4.510000000000000700, -1.471055787771994700 ) ) ;
#2922 = CARTESIAN_POINT ( 'NONE',  ( 7.261036749208714400, 4.500000000000000000, -1.361739353471121100 ) ) ;
#2923 = FILL_AREA_STYLE_COLOUR ( '', #5927 ) ;
#2924 = UNCERTAINTY_MEASURE_WITH_UNIT (LENGTH_MEASURE( 1.000000000000000100E-005 ), #4916, 'distance_accuracy_value', 'NONE');
#2925 = PRESENTATION_STYLE_ASSIGNMENT (( #7042 ) ) ;
#2926 = CARTESIAN_POINT ( 'NONE',  ( 1.859207298642112600, 4.509999999999999800, -1.463323049710066900 ) ) ;
#2927 = ORIENTED_EDGE ( 'NONE', *, *, #6771, .T. ) ;
#2928 = ORIENTED_EDGE ( 'NONE', *, *, #9540, .T. ) ;
#2929 = CARTESIAN_POINT ( 'NONE',  ( 5.076162079207492200, 4.510000000000000700, -2.510939998543394700 ) ) ;
#2930 = CARTESIAN_POINT ( 'NONE',  ( 5.264573451450891300, 4.509999999999999800, -2.560413707262149800 ) ) ;
#2931 = AXIS2_PLACEMENT_3D ( 'NONE', #4890, #1740, #4856 ) ;
#2932 = SURFACE_STYLE_FILL_AREA ( #6238 ) ;
#2933 = MECHANICAL_DESIGN_GEOMETRIC_PRESENTATION_REPRESENTATION (  '', ( #5664 ), #8929 ) ;
#2934 = SURFACE_STYLE_USAGE ( .BOTH. , #2998 ) ;
#2935 = CARTESIAN_POINT ( 'NONE',  ( 3.942948695591516700, 4.509999999999999800, -1.450330118162447700 ) ) ;
#2936 = MECHANICAL_DESIGN_GEOMETRIC_PRESENTATION_REPRESENTATION (  '', ( #7932 ), #4150 ) ;
#2937 = CIRCLE ( 'NONE', #3888, 0.7499999999999997800 ) ;
#2938 = CARTESIAN_POINT ( 'NONE',  ( 2.628638946442686500, 4.509999999999999800, -2.734739648597106500 ) ) ;
#2939 = ORIENTED_EDGE ( 'NONE', *, *, #9714, .F. ) ;
#2940 = CARTESIAN_POINT ( 'NONE',  ( 9.000000000000000000, 0.0000000000000000000, -12.00000000000000000 ) ) ;
#2941 = CARTESIAN_POINT ( 'NONE',  ( 6.957486358611070900, 4.509999999999999800, -0.9821685688963428500 ) ) ;
#2942 = CARTESIAN_POINT ( 'NONE',  ( 3.942948695591516700, 4.500000000000000900, -1.450330118162447700 ) ) ;
#2943 = STYLED_ITEM ( 'NONE', ( #7265 ), #9764 ) ;
#2944 = CARTESIAN_POINT ( 'NONE',  ( 3.001143816869870300, 4.510000000000000700, -2.300220738961397300 ) ) ;
#2945 = CARTESIAN_POINT ( 'NONE',  ( 5.313670752223056400, 4.509999999999999800, -2.361425980753537600 ) ) ;
#2946 = DIRECTION ( 'NONE',  ( 1.000000000000000000, 0.0000000000000000000, 0.0000000000000000000 ) ) ;
#2947 = VERTEX_POINT ( 'NONE', #5264 ) ;
#2948 = AXIS2_PLACEMENT_3D ( 'NONE', #7373, #5842, #7411 ) ;
#2949 = LINE ( 'NONE', #7921, #8324 ) ;
#2950 = CARTESIAN_POINT ( 'NONE',  ( 2.562895323736938300, 4.500000000000001800, -2.553879107846025700 ) ) ;
#2951 = FACE_OUTER_BOUND ( 'NONE', #6760, .T. ) ;
#2952 = ADVANCED_FACE ( 'NONE', ( #9625 ), #7986, .F. ) ;
#2953 = DIRECTION ( 'NONE',  ( 0.0000000000000000000, -0.0000000000000000000, -1.000000000000000000 ) ) ;
#2954 = CARTESIAN_POINT ( 'NONE',  ( 7.269951230003719000, 4.500000000000000900, -1.380493111093995500 ) ) ;
#2955 = CARTESIAN_POINT ( 'NONE',  ( 4.874525347768050100, 4.500000000000001800, -0.9179899795546517800 ) ) ;
#2956 = ORIENTED_EDGE ( 'NONE', *, *, #7444, .F. ) ;
#2957 = ORIENTED_EDGE ( 'NONE', *, *, #9135, .F. ) ;
#2958 = COLOUR_RGB ( '',1.000000000000000000, 1.000000000000000000, 1.000000000000000000 ) ;
#2959 = CARTESIAN_POINT ( 'NONE',  ( 1.847241707808368000, 4.509999999999999800, -1.389761639788098500 ) ) ;
#2960 =( NAMED_UNIT ( * ) SI_UNIT ( $, .STERADIAN. ) SOLID_ANGLE_UNIT ( ) );
#2961 = EDGE_CURVE ( 'NONE', #9808, #1480, #6539, .T. ) ;
#2962 = CARTESIAN_POINT ( 'NONE',  ( 5.130347207359171200, 4.510000000000000700, -2.414232400811927800 ) ) ;
#2963 = CARTESIAN_POINT ( 'NONE',  ( 4.926942312885029400, 4.500000000000001800, -2.735827419742393300 ) ) ;
#2964 = ORIENTED_EDGE ( 'NONE', *, *, #4344, .T. ) ;
#2965 = CARTESIAN_POINT ( 'NONE',  ( 5.788351004464285400, 4.509999999999999800, -2.429672333564233600 ) ) ;
#2966 = CARTESIAN_POINT ( 'NONE',  ( 6.955962542042547300, 4.510000000000000700, -2.422261316552464500 ) ) ;
#2967 = DIRECTION ( 'NONE',  ( -0.0000000000000000000, -1.000000000000000000, -0.0000000000000000000 ) ) ;
#2968 = SURFACE_STYLE_FILL_AREA ( #2903 ) ;
#2969 = B_SPLINE_CURVE_WITH_KNOTS ( 'NONE', 3,
 ( #4551, #854, #2382, #7758, #7019 ),
 .UNSPECIFIED., .F., .F.,
 ( 4, 1, 4 ),
 ( 0.0000000000000000000, 0.4953241449958073500, 1.000000000000000000 ),
 .UNSPECIFIED. ) ;
#2970 = VERTEX_POINT ( 'NONE', #3896 ) ;
#2971 = CARTESIAN_POINT ( 'NONE',  ( 2.928562718854897700, 4.509999999999998900, -2.517251409219648300 ) ) ;
#2972 = PRESENTATION_LAYER_ASSIGNMENT (  '', '', ( #1052 ) ) ;
#2973 = ORIENTED_EDGE ( 'NONE', *, *, #919, .F. ) ;
#2974 = VECTOR ( 'NONE', #1437, 1000.000000000000000 ) ;
#2975 = CARTESIAN_POINT ( 'NONE',  ( 6.433573567514912400, 4.509999999999998000, -2.473263217025896600 ) ) ;
#2976 = CARTESIAN_POINT ( 'NONE',  ( 6.844660362302430000, 4.500000000000001800, -0.9332369150506474300 ) ) ;
#2977 = COLOUR_RGB ( '',0.8470588235294117500, 0.8470588235294117500, 0.8470588235294117500 ) ;
#2978 = CARTESIAN_POINT ( 'NONE',  ( 7.288043588670111800, 4.509999999999999800, -1.420942306409518100 ) ) ;
#2979 = SURFACE_STYLE_FILL_AREA ( #1380 ) ;
#2980 = ORIENTED_EDGE ( 'NONE', *, *, #1913, .T. ) ;
#2981 = CARTESIAN_POINT ( 'NONE',  ( 4.874525347768050100, 4.500000000000001800, -0.9179899795546517800 ) ) ;
#2982 = CARTESIAN_POINT ( 'NONE',  ( 5.544327508835565700, 4.509999999999999800, -2.432514537340274800 ) ) ;
#2983 = EDGE_CURVE ( 'NONE', #8482, #9376, #8561, .T. ) ;
#2984 = ORIENTED_EDGE ( 'NONE', *, *, #4062, .F. ) ;
#2985 = PRODUCT_CONTEXT ( 'NONE', #8107, 'mechanical' ) ;
#2986 = CARTESIAN_POINT ( 'NONE',  ( 4.048610074537859500, 4.500000000000001800, -1.066209992267790300 ) ) ;
#2987 = CARTESIAN_POINT ( 'NONE',  ( 6.802703164427086300, 4.509999999999999800, -2.516661002011852900 ) ) ;
#2988 = SURFACE_SIDE_STYLE ('',( #1944 ) ) ;
#2989 = CARTESIAN_POINT ( 'NONE',  ( 2.421146576958719300, 4.509999999999998900, -2.544354378052030400 ) ) ;
#2990 = CARTESIAN_POINT ( 'NONE',  ( 7.215527399761832300, 4.500000000000000900, -1.272699463758166100 ) ) ;
#2991 = CARTESIAN_POINT ( 'NONE',  ( 1.976412980464686400, 4.500000000000000900, -0.9339543085109108800 ) ) ;
#2992 = SURFACE_STYLE_FILL_AREA ( #1861 ) ;
#2993 = CARTESIAN_POINT ( 'NONE',  ( 2.928562718854897700, 4.499999999999999100, -2.517251409219648300 ) ) ;
#2994 = STYLED_ITEM ( 'NONE', ( #9719 ), #4124 ) ;
#2995 = EDGE_CURVE ( 'NONE', #160, #2215, #433, .T. ) ;
#2996 = CARTESIAN_POINT ( 'NONE',  ( 6.282082403273809800, 4.500000000000000900, -2.011868378486108400 ) ) ;
#2997 = CARTESIAN_POINT ( 'NONE',  ( 4.955179268973211900, 4.509999999999999800, -2.736630341376733000 ) ) ;
#2998 = SURFACE_SIDE_STYLE ('',( #2755 ) ) ;
#2999 = DIRECTION ( 'NONE',  ( 1.000000000000000000, 0.0000000000000000000, -0.0000000000000000000 ) ) ;
#3000 = CARTESIAN_POINT ( 'NONE',  ( 6.140000000000004100, 1.739999999999988900, 7.249999999999984000 ) ) ;
#3001 = FACE_OUTER_BOUND ( 'NONE', #7029, .T. ) ;
#3002 = CARTESIAN_POINT ( 'NONE',  ( 2.867342025986870700, 4.510000000000000700, -2.602481363134142800 ) ) ;
#3003 = STYLED_ITEM ( 'NONE', ( #7905 ), #8759 ) ;
#3004 = FACE_OUTER_BOUND ( 'NONE', #542, .T. ) ;
#3005 = ORIENTED_EDGE ( 'NONE', *, *, #7188, .T. ) ;
#3006 = CARTESIAN_POINT ( 'NONE',  ( 6.402495857313018000, 4.510000000000000700, -2.546374660400778600 ) ) ;
#3007 =( GEOMETRIC_REPRESENTATION_CONTEXT ( 3 ) GLOBAL_UNCERTAINTY_ASSIGNED_CONTEXT ( ( #596 ) ) GLOBAL_UNIT_ASSIGNED_CONTEXT ( ( #712, #652, #2960 ) ) REPRESENTATION_CONTEXT ( 'NONE', 'WORKASPACE' ) );
#3008 = CARTESIAN_POINT ( 'NONE',  ( 7.186658115637490200, 4.500000000000000900, -1.223722356806541000 ) ) ;
#3009 = SURFACE_SIDE_STYLE ('',( #6855 ) ) ;
#3010 = COLOUR_RGB ( '',0.8980392156862745400, 0.8980392156862745400, 0.8980392156862745400 ) ;
#3011 = CARTESIAN_POINT ( 'NONE',  ( 2.987087533816250600, 4.500000000000000000, -2.391882215198212900 ) ) ;
#3012 = CARTESIAN_POINT ( 'NONE',  ( 6.687705485026040900, 4.500000000000000900, -1.827125133043400000 ) ) ;
#3013 = CARTESIAN_POINT ( 'NONE',  ( 5.544327508835565700, 4.500000000000001800, -2.432514537340274800 ) ) ;
#3014 = VECTOR ( 'NONE', #8331, 1000.000000000000000 ) ;
#3015 = CARTESIAN_POINT ( 'NONE',  ( 7.045025430068758300, 4.500000000000001800, -2.708497983087221800 ) ) ;
#3016 = EDGE_LOOP ( 'NONE', ( #1618, #562, #5241, #1020, #7828, #7260, #3212, #7391 ) ) ;
#3017 = PRODUCT_DEFINITION_FORMATION_WITH_SPECIFIED_SOURCE ( 'ANY', '', #9735, .NOT_KNOWN. ) ;
#3018 = CARTESIAN_POINT ( 'NONE',  ( 4.418439731939699300, 4.499999999999998200, -2.309899506971663500 ) ) ;
#3019 =( NAMED_UNIT ( * ) PLANE_ANGLE_UNIT ( ) SI_UNIT ( $, .RADIAN. ) );
#3020 = EDGE_CURVE ( 'NONE', #3494, #3584, #2455, .T. ) ;
#3021 = CARTESIAN_POINT ( 'NONE',  ( 7.094356497515223100, 4.500000000000003600, -1.098375856260236100 ) ) ;
#3022 = LINE ( 'NONE', #4876, #6609 ) ;
#3023 = CARTESIAN_POINT ( 'NONE',  ( 7.240717134021577000, 4.500000000000000900, -1.827125133043400000 ) ) ;
#3024 = UNCERTAINTY_MEASURE_WITH_UNIT (LENGTH_MEASURE( 1.000000000000000100E-005 ), #7496, 'distance_accuracy_value', 'NONE');
#3025 = CARTESIAN_POINT ( 'NONE',  ( 2.940056791759671800, 4.509999999999999800, -2.498291253300096900 ) ) ;
#3026 = ORIENTED_EDGE ( 'NONE', *, *, #1801, .T. ) ;
#3027 = CARTESIAN_POINT ( 'NONE',  ( 4.958021472749254400, 4.500000000000000900, -1.008570445543400100 ) ) ;
#3028 = LINE ( 'NONE', #6817, #8288 ) ;
#3029 = LINE ( 'NONE', #1223, #2662 ) ;
#3030 = CARTESIAN_POINT ( 'NONE',  ( 5.251172243200398900, 4.500000000000000900, -2.145994865886199100 ) ) ;
#3031 = CARTESIAN_POINT ( 'NONE',  ( -1.000000000000000000, 0.0000000000000000000, -6.000000000000000000 ) ) ;
#3032 = CARTESIAN_POINT ( 'NONE',  ( 5.696529762792982500, 4.500000000000000900, -2.336187194071017700 ) ) ;
#3033 = CARTESIAN_POINT ( 'NONE',  ( 5.650723507801373600, 4.509999999999998000, -2.290491966352345500 ) ) ;
#3034 = VERTEX_POINT ( 'NONE', #1578 ) ;
#3035 = CARTESIAN_POINT ( 'NONE',  ( 9.010000000000001600, -0.01000000000000002600, -1.953732314818879400E-015 ) ) ;
#3036 = COLOUR_RGB ( '',1.000000000000000000, 1.000000000000000000, 1.000000000000000000 ) ;
#3037 = EDGE_CURVE ( 'NONE', #6889, #588, #8667, .T. ) ;
#3038 = FILL_AREA_STYLE ('',( #6169 ) ) ;
#3039 =( LENGTH_UNIT ( ) NAMED_UNIT ( * ) SI_UNIT ( .MILLI., .METRE. ) );
#3040 =( NAMED_UNIT ( * ) SI_UNIT ( $, .STERADIAN. ) SOLID_ANGLE_UNIT ( ) );
#3041 = VERTEX_POINT ( 'NONE', #4565 ) ;
#3042 = ORIENTED_EDGE ( 'NONE', *, *, #5261, .F. ) ;
#3043 = CARTESIAN_POINT ( 'NONE',  ( 6.066291637367614300, 4.509999999999999800, -0.9399744836577721400 ) ) ;
#3044 =( GEOMETRIC_REPRESENTATION_CONTEXT ( 3 ) GLOBAL_UNCERTAINTY_ASSIGNED_CONTEXT ( ( #9548 ) ) GLOBAL_UNIT_ASSIGNED_CONTEXT ( ( #3624, #7406, #8169 ) ) REPRESENTATION_CONTEXT ( 'NONE', 'WORKASPACE' ) );
#3045 = CARTESIAN_POINT ( 'NONE',  ( 6.681750398050369600, 4.509999999999998900, -1.804149421210621700 ) ) ;
#3046 = CARTESIAN_POINT ( 'NONE',  ( 1.767850748697916500, 4.509999999999999800, -2.645679820543399800 ) ) ;
#3047 = CARTESIAN_POINT ( 'NONE',  ( 4.052170526413688900, 4.500000000000000900, -1.070692899505453900 ) ) ;
#3048 = CARTESIAN_POINT ( 'NONE',  ( 6.261950935808385100, 4.500000000000000900, -2.387115135631040700 ) ) ;
#3049 = PRESENTATION_LAYER_ASSIGNMENT (  '', '', ( #9884 ) ) ;
#3050 = CARTESIAN_POINT ( 'NONE',  ( 6.085564313616071500, 4.499999999999999100, -2.736630341376733000 ) ) ;
#3051 = EDGE_CURVE ( 'NONE', #373, #4664, #4485, .T. ) ;
#3052 = CARTESIAN_POINT ( 'NONE',  ( 0.6496465773809523300, 4.500000000000000900, -2.645679820543399800 ) ) ;
#3053 = ORIENTED_EDGE ( 'NONE', *, *, #199, .T. ) ;
#3054 =( NAMED_UNIT ( * ) PLANE_ANGLE_UNIT ( ) SI_UNIT ( $, .RADIAN. ) );
#3055 = CARTESIAN_POINT ( 'NONE',  ( 9.009999999999999800, 3.500000000000003100, -6.000000000000016000 ) ) ;
#3056 = CARTESIAN_POINT ( 'NONE',  ( 7.314128525425069900, 4.500000000000000000, -2.244347763467767100 ) ) ;
#3057 = DIRECTION ( 'NONE',  ( 0.9660826575857589500, -0.0000000000000000000, 0.2582330317988721900 ) ) ;
#3058 = FACE_OUTER_BOUND ( 'NONE', #7682, .T. ) ;
#3059 = AXIS2_PLACEMENT_3D ( 'NONE', #6951, #2350, #8569 ) ;
#3060 = ORIENTED_EDGE ( 'NONE', *, *, #2983, .T. ) ;
#3061 =( GEOMETRIC_REPRESENTATION_CONTEXT ( 3 ) GLOBAL_UNCERTAINTY_ASSIGNED_CONTEXT ( ( #2221 ) ) GLOBAL_UNIT_ASSIGNED_CONTEXT ( ( #1262, #5051, #1369 ) ) REPRESENTATION_CONTEXT ( 'NONE', 'WORKASPACE' ) );
#3062 = CARTESIAN_POINT ( 'NONE',  ( 5.222717329497317700, 4.500000000000000900, -2.100932883778873900 ) ) ;
#3063 = CARTESIAN_POINT ( 'NONE',  ( 6.613402157738094400, 4.509999999999999800, -1.361409742883430000 ) ) ;
#3064 = CARTESIAN_POINT ( 'NONE',  ( 5.788351004464285400, 4.509999999999999800, -2.429672333564233600 ) ) ;
#3065 = CARTESIAN_POINT ( 'NONE',  ( 1.860000000000003700, 2.490000000000000200, 5.999999999999976900 ) ) ;
#3066 = LINE ( 'NONE', #9879, #6283 ) ;
#3067 = ORIENTED_EDGE ( 'NONE', *, *, #199, .F. ) ;
#3068 = CARTESIAN_POINT ( 'NONE',  ( 4.669940337544708200, 4.510000000000001600, -2.668096377734473300 ) ) ;
#3069 = CARTESIAN_POINT ( 'NONE',  ( 1.860000000000002800, 1.740000000000000000, 5.999999999999984000 ) ) ;
#3070 = CARTESIAN_POINT ( 'NONE',  ( 7.465742378665915200, 4.510000000000000700, -1.966867553310709400 ) ) ;
#3071 = STYLED_ITEM ( 'NONE', ( #9750 ), #9694 ) ;
#3072 = CARTESIAN_POINT ( 'NONE',  ( 6.037250769585452500, 4.509999999999998900, -0.9223453044267365700 ) ) ;
#3073 = SURFACE_STYLE_USAGE ( .BOTH. , #9257 ) ;
#3074 = CARTESIAN_POINT ( 'NONE',  ( 5.313420327162423200, 4.510000000000000700, -2.393300428662839900 ) ) ;
#3075 = UNCERTAINTY_MEASURE_WITH_UNIT (LENGTH_MEASURE( 1.000000000000000100E-005 ), #8440, 'distance_accuracy_value', 'NONE');
#3076 = EDGE_CURVE ( 'NONE', #9172, #7546, #1625, .T. ) ;
#3077 = PRESENTATION_LAYER_ASSIGNMENT (  '', '', ( #8386 ) ) ;
#3078 = UNCERTAINTY_MEASURE_WITH_UNIT (LENGTH_MEASURE( 1.000000000000000100E-005 ), #2011, 'distance_accuracy_value', 'NONE');
#3079 = CARTESIAN_POINT ( 'NONE',  ( 2.805942660086324600, 4.509999999999999800, -2.354669121904356700 ) ) ;
#3080 = VERTEX_POINT ( 'NONE', #5366 ) ;
#3081 = ORIENTED_EDGE ( 'NONE', *, *, #981, .F. ) ;
#3082 = COLOUR_RGB ( '',1.000000000000000000, 1.000000000000000000, 1.000000000000000000 ) ;
#3083 = B_SPLINE_CURVE_WITH_KNOTS ( 'NONE', 3,
 ( #3023, #9893, #5402, #3146, #1550, #9104, #6049, #8484, #3056, #6937, #741 ),
 .UNSPECIFIED., .F., .F.,
 ( 4, 1, 1, 1, 1, 1, 1, 1, 4 ),
 ( 0.0000000000000000000, 0.1505885433767798500, 0.2941289230733412600, 0.4300452503608147000, 0.5580969168575941100, 0.6786951376828379600, 0.7927822232048088400, 0.8994909854023781500, 1.000000000000000000 ),
 .UNSPECIFIED. ) ;
#3084 = CARTESIAN_POINT ( 'NONE',  ( 0.6499240458237293100, 4.500000000000001800, -2.666405490152947300 ) ) ;
#3085 = CARTESIAN_POINT ( 'NONE',  ( 2.115985771840882100, 4.500000000000000900, -1.100382758263419100 ) ) ;
#3086 = CARTESIAN_POINT ( 'NONE',  ( 2.279265416916611100, 4.510000000000001600, -2.484180698914966600 ) ) ;
#3087 = CARTESIAN_POINT ( 'NONE',  ( 5.255720308103192900, 4.500000000000000900, -2.574465331221079500 ) ) ;
#3088 = PRESENTATION_STYLE_ASSIGNMENT (( #6572 ) ) ;
#3089 = CARTESIAN_POINT ( 'NONE',  ( 7.315020461309522700, 4.509999999999999800, -2.292840523203370400 ) ) ;
#3090 = CARTESIAN_POINT ( 'NONE',  ( 2.867342025986870700, 4.510000000000000700, -2.602481363134142800 ) ) ;
#3091 = SURFACE_STYLE_FILL_AREA ( #3443 ) ;
#3092 = CARTESIAN_POINT ( 'NONE',  ( 6.444759455547251800, 4.500000000000001800, -1.574620507926656400 ) ) ;
#3093 = UNCERTAINTY_MEASURE_WITH_UNIT (LENGTH_MEASURE( 1.000000000000000100E-005 ), #5472, 'distance_accuracy_value', 'NONE');
#3094 = ORIENTED_EDGE ( 'NONE', *, *, #8130, .F. ) ;
#3095 = ORIENTED_EDGE ( 'NONE', *, *, #3264, .F. ) ;
#3096 = ORIENTED_EDGE ( 'NONE', *, *, #788, .F. ) ;
#3097 = VECTOR ( 'NONE', #8527, 1000.000000000000000 ) ;
#3098 = SURFACE_STYLE_USAGE ( .BOTH. , #6912 ) ;
#3099 = CARTESIAN_POINT ( 'NONE',  ( 5.132207961309521900, 4.509999999999999800, -2.372828258043400100 ) ) ;
#3100 = CARTESIAN_POINT ( 'NONE',  ( 5.164391187456812900, 4.510000000000000700, -0.9693535411242261100 ) ) ;
#3101 = ORIENTED_EDGE ( 'NONE', *, *, #6949, .T. ) ;
#3102 = CIRCLE ( 'NONE', #3427, 1.000000000000000000 ) ;
#3103 = PRESENTATION_STYLE_ASSIGNMENT (( #7256 ) ) ;
#3104 = VERTEX_POINT ( 'NONE', #6863 ) ;
#3105 = SURFACE_STYLE_FILL_AREA ( #2491 ) ;
#3106 = CARTESIAN_POINT ( 'NONE',  ( 4.955179268973211900, 4.509999999999999800, -2.736630341376733000 ) ) ;
#3107 =( NAMED_UNIT ( * ) PLANE_ANGLE_UNIT ( ) SI_UNIT ( $, .RADIAN. ) );
#3108 = EDGE_CURVE ( 'NONE', #2564, #5461, #4375, .T. ) ;
#3109 = SURFACE_STYLE_USAGE ( .BOTH. , #3762 ) ;
#3110 = FILL_AREA_STYLE ('',( #4654 ) ) ;
#3111 = CARTESIAN_POINT ( 'NONE',  ( 6.303084122415376600, 4.500000000000000900, -2.668068866232034000 ) ) ;
#3112 = CARTESIAN_POINT ( 'NONE',  ( 7.369872250218883800, 4.509999999999999800, -1.620372117880663800 ) ) ;
#3113 = CARTESIAN_POINT ( 'NONE',  ( 2.471723503491458600, 4.500000000000000900, -2.553128057635377900 ) ) ;
#3114 = FACE_OUTER_BOUND ( 'NONE', #6017, .T. ) ;
#3115 =( GEOMETRIC_REPRESENTATION_CONTEXT ( 3 ) GLOBAL_UNCERTAINTY_ASSIGNED_CONTEXT ( ( #7076 ) ) GLOBAL_UNIT_ASSIGNED_CONTEXT ( ( #1038, #4084, #1776 ) ) REPRESENTATION_CONTEXT ( 'NONE', 'WORKASPACE' ) );
#3116 = ORIENTED_EDGE ( 'NONE', *, *, #5164, .T. ) ;
#3117 = SURFACE_STYLE_USAGE ( .BOTH. , #68 ) ;
#3118 = CARTESIAN_POINT ( 'NONE',  ( 2.867342025986870700, 4.500000000000000900, -2.602481363134142800 ) ) ;
#3119 =( GEOMETRIC_REPRESENTATION_CONTEXT ( 3 ) GLOBAL_UNCERTAINTY_ASSIGNED_CONTEXT ( ( #1798 ) ) GLOBAL_UNIT_ASSIGNED_CONTEXT ( ( #5279, #664, #5188 ) ) REPRESENTATION_CONTEXT ( 'NONE', 'WORKASPACE' ) );
#3120 = STYLED_ITEM ( 'NONE', ( #3136 ), #1010 ) ;
#3121 = CARTESIAN_POINT ( 'NONE',  ( 6.018427231922436800, 4.500000000000000900, -1.099144658173321500 ) ) ;
#3122 = VECTOR ( 'NONE', #403, 1000.000000000000000 ) ;
#3123 = VERTEX_POINT ( 'NONE', #7653 ) ;
#3124 = FILL_AREA_STYLE ('',( #75 ) ) ;
#3125 = CARTESIAN_POINT ( 'NONE',  ( 1.677306256975446000, 4.509999999999999800, -2.736630341376733000 ) ) ;
#3126 = CARTESIAN_POINT ( 'NONE',  ( 5.696529762792982500, 4.509999999999999800, -2.336187194071017700 ) ) ;
#3127 = CARTESIAN_POINT ( 'NONE',  ( 7.023224145289559000, 4.500000000000001800, -2.495667312210589500 ) ) ;
#3128 = PRESENTATION_LAYER_ASSIGNMENT (  '', '', ( #1651 ) ) ;
#3129 = B_SPLINE_CURVE_WITH_KNOTS ( 'NONE', 3,
 ( #5115, #7385, #8824, #2788, #3575, #1296, #9684, #2055, #547, #7423, #2996 ),
 .UNSPECIFIED., .F., .F.,
 ( 4, 1, 1, 1, 1, 1, 1, 1, 4 ),
 ( 0.0000000000000000000, 0.1133694469408671300, 0.2281438269136123500, 0.3445097344601001400, 0.4649364957487214200, 0.5892915729664018900, 0.7190871373224769800, 0.8555500035966808700, 0.9999999999999998900 ),
 .UNSPECIFIED. ) ;
#3130 = FACE_OUTER_BOUND ( 'NONE', #5787, .T. ) ;
#3131 = CARTESIAN_POINT ( 'NONE',  ( 4.520338463158515700, 4.509999999999999800, -2.290491966352345500 ) ) ;
#3132 = STYLED_ITEM ( 'NONE', ( #9282 ), #2449 ) ;
#3133 = EDGE_LOOP ( 'NONE', ( #1756, #9833, #5179, #9634, #6152, #8602, #1222, #2927 ) ) ;
#3134 = CARTESIAN_POINT ( 'NONE',  ( 7.240717134021577900, 4.510000000000000700, -1.827125133043400200 ) ) ;
#3135 = FILL_AREA_STYLE_COLOUR ( '', #4073 ) ;
#3136 = PRESENTATION_STYLE_ASSIGNMENT (( #5715 ) ) ;
#3137 = FILL_AREA_STYLE_COLOUR ( '', #4087 ) ;
#3138 = VERTEX_POINT ( 'NONE', #4626 ) ;
#3139 = B_SPLINE_CURVE_WITH_KNOTS ( 'NONE', 3,
 ( #260, #9500, #4891, #8706, #9471, #8035, #2570, #4115, #1837, #8771, #325 ),
 .UNSPECIFIED., .F., .F.,
 ( 4, 1, 1, 1, 1, 1, 1, 1, 4 ),
 ( 0.0000000000000000000, 0.1248154729750253900, 0.2463760982100626800, 0.3730516168699031800, 0.5066592497815123300, 0.6377103175682895500, 0.7621235914106475600, 0.8809388892513659900, 1.000000000000000000 ),
 .UNSPECIFIED. ) ;
#3140 = ORIENTED_EDGE ( 'NONE', *, *, #714, .F. ) ;
#3141 = DIRECTION ( 'NONE',  ( 1.000000000000000000, -0.0000000000000000000, 0.0000000000000000000 ) ) ;
#3142 = CARTESIAN_POINT ( 'NONE',  ( 5.088573919054214300, 4.509999999999999800, -2.228284837589486600 ) ) ;
#3143 = EDGE_CURVE ( 'NONE', #2832, #3539, #177, .T. ) ;
#3144 = CARTESIAN_POINT ( 'NONE',  ( 3.013680924783787200, 4.509999999999998900, -1.443261630863280900 ) ) ;
#3145 = CARTESIAN_POINT ( 'NONE',  ( 6.282082403273809800, 4.509999999999999800, -2.011868378486108400 ) ) ;
#3146 = CARTESIAN_POINT ( 'NONE',  ( 7.273045327373640000, 4.500000000000000900, -1.961135697238186600 ) ) ;
#3147 = VECTOR ( 'NONE', #7030, 1000.000000000000000 ) ;
#3148 = CARTESIAN_POINT ( 'NONE',  ( 4.935599472145616700, 4.509999999999998900, -1.077106416611775000 ) ) ;
#3149 = SURFACE_SIDE_STYLE ('',( #465 ) ) ;
#3150 = ORIENTED_EDGE ( 'NONE', *, *, #1180, .T. ) ;
#3151 = CARTESIAN_POINT ( 'NONE',  ( 0.6717614574054523400, 4.510000000000000700, -2.577083858657771600 ) ) ;
#3152 = PLANE ( 'NONE',  #3816 ) ;
#3153 = CARTESIAN_POINT ( 'NONE',  ( 4.413942464192707000, 4.509999999999999800, -2.432514537340274800 ) ) ;
#3154 = CARTESIAN_POINT ( 'NONE',  ( 1.860000000000002800, -2.260000000000004200, 7.249999999999985800 ) ) ;
#3155 = CARTESIAN_POINT ( 'NONE',  ( 3.999999999999999100, 1.000000000000000000, -8.000000000000001800 ) ) ;
#3156 = ORIENTED_EDGE ( 'NONE', *, *, #2006, .T. ) ;
#3157 = ORIENTED_EDGE ( 'NONE', *, *, #1763, .T. ) ;
#3158 = EDGE_CURVE ( 'NONE', #5566, #8002, #2830, .T. ) ;
#3159 = ORIENTED_EDGE ( 'NONE', *, *, #5303, .F. ) ;
#3160 = CARTESIAN_POINT ( 'NONE',  ( 2.467770560209669100, 4.509999999999999800, -1.240869370691671400 ) ) ;
#3161 = DIRECTION ( 'NONE',  ( 0.0000000000000000000, 0.0000000000000000000, -1.000000000000000000 ) ) ;
#3162 = VERTEX_POINT ( 'NONE', #4596 ) ;
#3163 = CARTESIAN_POINT ( 'NONE',  ( 4.906049746558777800, 4.500000000000000900, -2.554729299710066600 ) ) ;
#3164 = CARTESIAN_POINT ( 'NONE',  ( 2.324988204433651200, 4.499999999999998200, -2.509979398164091400 ) ) ;
#3165 = CARTESIAN_POINT ( 'NONE',  ( 1.909657568337643300, 4.509999999999999800, -1.196007067462094400 ) ) ;
#3166 = ORIENTED_EDGE ( 'NONE', *, *, #2765, .T. ) ;
#3167 = CARTESIAN_POINT ( 'NONE',  ( 6.381557287843257600, 4.509999999999998900, -2.145994865886197800 ) ) ;
#3168 = CARTESIAN_POINT ( 'NONE',  ( 6.076805576540865100, 4.509999999999999800, -1.064356071063501400 ) ) ;
#3169 = COLOUR_RGB ( '',1.000000000000000000, 1.000000000000000000, 1.000000000000000000 ) ;
#3170 = MECHANICAL_DESIGN_GEOMETRIC_PRESENTATION_REPRESENTATION (  '', ( #94 ), #5915 ) ;
#3171 = CARTESIAN_POINT ( 'NONE',  ( 7.140463307198511500, 4.509999999999999800, -1.544729814492051400 ) ) ;
#3172 = CARTESIAN_POINT ( 'NONE',  ( 1.872606259300594500, 4.509999999999999800, -0.9878629608893823000 ) ) ;
#3173 = STYLED_ITEM ( 'NONE', ( #6339 ), #146 ) ;
#3174 = DIRECTION ( 'NONE',  ( -0.0000000000000000000, -1.000000000000000000, -0.0000000000000000000 ) ) ;
#3175 = CARTESIAN_POINT ( 'NONE',  ( 3.035662940850393000, 4.510000000000000700, -1.381734156276819500 ) ) ;
#3176 = DIRECTION ( 'NONE',  ( 1.000000000000000000, -0.0000000000000000000, 0.0000000000000000000 ) ) ;
#3177 = ORIENTED_EDGE ( 'NONE', *, *, #5681, .T. ) ;
#3178 = CARTESIAN_POINT ( 'NONE',  ( 0.6853771391369045700, 4.509999999999999800, -1.033338221306048900 ) ) ;
#3179 = CARTESIAN_POINT ( 'NONE',  ( 4.946420531898006300, 4.500000000000001800, -1.064356071063501200 ) ) ;
#3180 = FACE_OUTER_BOUND ( 'NONE', #8683, .T. ) ;
#3181 = CARTESIAN_POINT ( 'NONE',  ( 6.088406517392113100, 4.509999999999999800, -1.008570445543400100 ) ) ;
#3182 = CARTESIAN_POINT ( 'NONE',  ( 4.888042187279578100, 4.500000000000001800, -1.099144658173321700 ) ) ;
#3183 =( NAMED_UNIT ( * ) SI_UNIT ( $, .STERADIAN. ) SOLID_ANGLE_UNIT ( ) );
#3184 = FACE_OUTER_BOUND ( 'NONE', #4252, .T. ) ;
#3185 =( LENGTH_UNIT ( ) NAMED_UNIT ( * ) SI_UNIT ( .MILLI., .METRE. ) );
#3186 = CARTESIAN_POINT ( 'NONE',  ( 2.256303769066220000, 4.500000000000000000, -2.671665683638638100 ) ) ;
#3187 = MECHANICAL_DESIGN_GEOMETRIC_PRESENTATION_REPRESENTATION (  '', ( #240 ), #4522 ) ;
#3188 = SURFACE_STYLE_FILL_AREA ( #1642 ) ;
#3189 = VERTEX_POINT ( 'NONE', #64 ) ;
#3190 =( GEOMETRIC_REPRESENTATION_CONTEXT ( 3 ) GLOBAL_UNCERTAINTY_ASSIGNED_CONTEXT ( ( #930 ) ) GLOBAL_UNIT_ASSIGNED_CONTEXT ( ( #3717, #620, #8276 ) ) REPRESENTATION_CONTEXT ( 'NONE', 'WORKASPACE' ) );
#3191 = ORIENTED_EDGE ( 'NONE', *, *, #6606, .F. ) ;
#3192 = CARTESIAN_POINT ( 'NONE',  ( 5.116505883472482800, 4.510000000000000700, -2.287051556701787700 ) ) ;
#3193 = CARTESIAN_POINT ( 'NONE',  ( 1.697764920941040800, 4.500000000000000900, -2.555803424821899500 ) ) ;
#3194 = STYLED_ITEM ( 'NONE', ( #4427 ), #1712 ) ;
#3195 = LINE ( 'NONE', #5337, #7877 ) ;
#3196 = CARTESIAN_POINT ( 'NONE',  ( 6.381557287843257600, 4.509999999999998900, -2.145994865886197800 ) ) ;
#3197 = CARTESIAN_POINT ( 'NONE',  ( 6.151341029575892300, 4.500000000000000900, -2.138549461075394600 ) ) ;
#3198 = COLOUR_RGB ( '',0.8470588235294117500, 0.8470588235294117500, 0.8470588235294117500 ) ;
#3199 = UNCERTAINTY_MEASURE_WITH_UNIT (LENGTH_MEASURE( 1.000000000000000100E-005 ), #993, 'distance_accuracy_value', 'NONE');
#3200 = ORIENTED_EDGE ( 'NONE', *, *, #7218, .T. ) ;
#3201 = CARTESIAN_POINT ( 'NONE',  ( 7.193877255147151000, 4.500000000000001800, -1.678252156637761700 ) ) ;
#3202 = CARTESIAN_POINT ( 'NONE',  ( 6.642000762942432200, 4.500000000000002700, -1.630288940419878600 ) ) ;
#3203 = EDGE_LOOP ( 'NONE', ( #6047, #4719, #7893, #7722 ) ) ;
#3204 = EDGE_CURVE ( 'NONE', #6009, #4168, #2332, .T. ) ;
#3205 = SURFACE_STYLE_USAGE ( .BOTH. , #8475 ) ;
#3206 = UNCERTAINTY_MEASURE_WITH_UNIT (LENGTH_MEASURE( 1.000000000000000100E-005 ), #5540, 'distance_accuracy_value', 'NONE');
#3207 = CARTESIAN_POINT ( 'NONE',  ( 7.128653099423362800, 4.510000000000000700, -1.516918892343995800 ) ) ;
#3208 = CARTESIAN_POINT ( 'NONE',  ( 1.976412980464686400, 4.509999999999999800, -0.9339543085109108800 ) ) ;
#3209 = VECTOR ( 'NONE', #9291, 1000.000000000000000 ) ;
#3210 = DIRECTION ( 'NONE',  ( 0.0000000000000000000, -1.000000000000000000, -1.414962237524463600E-014 ) ) ;
#3211 = B_SPLINE_CURVE_WITH_KNOTS ( 'NONE', 3,
 ( #7239, #8008, #7371, #8142, #2776 ),
 .UNSPECIFIED., .F., .F.,
 ( 4, 1, 4 ),
 ( 0.0000000000000000000, 0.5164569901113426100, 1.000000000000000000 ),
 .UNSPECIFIED. ) ;
#3212 = ORIENTED_EDGE ( 'NONE', *, *, #2136, .T. ) ;
#3213 = CARTESIAN_POINT ( 'NONE',  ( 7.492984029905422000, 4.510000000000000700, -2.397041051215568400 ) ) ;
#3214 = CARTESIAN_POINT ( 'NONE',  ( 6.256158649691046800, 4.510000000000000700, -2.315811436865796900 ) ) ;
#3215 = ORIENTED_EDGE ( 'NONE', *, *, #5845, .T. ) ;
#3216 = CARTESIAN_POINT ( 'NONE',  ( 7.067445114099083300, 4.500000000000000900, -2.528852599027336700 ) ) ;
#3217 = CARTESIAN_POINT ( 'NONE',  ( 4.957924883323542500, 4.500000000000000900, -1.015785249883067500 ) ) ;
#3218 = FILL_AREA_STYLE ('',( #6189 ) ) ;
#3219 = ADVANCED_FACE ( 'NONE', ( #1399 ), #6184, .F. ) ;
#3220 = CARTESIAN_POINT ( 'NONE',  ( 0.7008023251876108800, 4.510000000000000700, -2.559454679426736800 ) ) ;
#3221 = CARTESIAN_POINT ( 'NONE',  ( 5.790000000000003600, 2.990000000000000200, 5.799999999999983800 ) ) ;
#3222 = LINE ( 'NONE', #5542, #4748 ) ;
#3223 =( NAMED_UNIT ( * ) PLANE_ANGLE_UNIT ( ) SI_UNIT ( $, .RADIAN. ) );
#3224 = CARTESIAN_POINT ( 'NONE',  ( 6.083222047940668500, 4.500000000000000900, -1.047963875669278400 ) ) ;
#3225 = EDGE_CURVE ( 'NONE', #9699, #8194, #4838, .T. ) ;
#3226 =( LENGTH_UNIT ( ) NAMED_UNIT ( * ) SI_UNIT ( .MILLI., .METRE. ) );
#3227 =( NAMED_UNIT ( * ) SI_UNIT ( $, .STERADIAN. ) SOLID_ANGLE_UNIT ( ) );
#3228 = CARTESIAN_POINT ( 'NONE',  ( 6.569088636245370900, 4.500000000000000900, -0.9600070487248615300 ) ) ;
#3229 = STYLED_ITEM ( 'NONE', ( #7308 ), #6576 ) ;
#3230 = COLOUR_RGB ( '',0.8980392156862745400, 0.8980392156862745400, 0.8980392156862745400 ) ;
#3231 = VERTEX_POINT ( 'NONE', #8262 ) ;
#3232 =( NAMED_UNIT ( * ) PLANE_ANGLE_UNIT ( ) SI_UNIT ( $, .RADIAN. ) );
#3233 = CARTESIAN_POINT ( 'NONE',  ( 1.855588247628682900, 4.510000000000000700, -1.448506838128058800 ) ) ;
#3234 = CARTESIAN_POINT ( 'NONE',  ( 7.007648201115872900, 4.500000000000003600, -2.691451525483491600 ) ) ;
#3235 = PRESENTATION_LAYER_ASSIGNMENT (  '', '', ( #4440 ) ) ;
#3236 = FILL_AREA_STYLE ('',( #252 ) ) ;
#3237 = SURFACE_SIDE_STYLE ('',( #3105 ) ) ;
#3238 = EDGE_CURVE ( 'NONE', #9627, #6507, #6661, .T. ) ;
#3239 = VECTOR ( 'NONE', #4724, 1000.000000000000000 ) ;
#3240 = ORIENTED_EDGE ( 'NONE', *, *, #6176, .T. ) ;
#3241 =( LENGTH_UNIT ( ) NAMED_UNIT ( * ) SI_UNIT ( .MILLI., .METRE. ) );
#3242 = CARTESIAN_POINT ( 'NONE',  ( 2.600940628240816300, 4.500000000000000900, -2.546359093504663800 ) ) ;
#3243 = PRESENTATION_STYLE_ASSIGNMENT (( #9120 ) ) ;
#3244 = CARTESIAN_POINT ( 'NONE',  ( 3.891792947784858300, 4.500000000000000000, -1.364104977045784300 ) ) ;
#3245 = DIRECTION ( 'NONE',  ( -0.0000000000000000000, -1.000000000000000000, -0.0000000000000000000 ) ) ;
#3246 =( NAMED_UNIT ( * ) PLANE_ANGLE_UNIT ( ) SI_UNIT ( $, .RADIAN. ) );
#3247 = PRESENTATION_LAYER_ASSIGNMENT (  '', '', ( #1520 ) ) ;
#3248 = CARTESIAN_POINT ( 'NONE',  ( 5.522401936848959600, 4.510000000000000700, -2.373640316265126500 ) ) ;
#3249 = CARTESIAN_POINT ( 'NONE',  ( 1.826674513549134200, 4.500000000000000000, -1.022090510178135700 ) ) ;
#3250 = DIRECTION ( 'NONE',  ( 0.7410433583402394900, -0.0000000000000000000, 0.6714571773835018600 ) ) ;
#3251 =( GEOMETRIC_REPRESENTATION_CONTEXT ( 3 ) GLOBAL_UNCERTAINTY_ASSIGNED_CONTEXT ( ( #2843 ) ) GLOBAL_UNIT_ASSIGNED_CONTEXT ( ( #3472, #6438, #2593 ) ) REPRESENTATION_CONTEXT ( 'NONE', 'WORKASPACE' ) );
#3252 = ORIENTED_EDGE ( 'NONE', *, *, #9150, .T. ) ;
#3253 = CARTESIAN_POINT ( 'NONE',  ( 4.935599472145616700, 4.500000000000000000, -1.077106416611775000 ) ) ;
#3254 = AXIS2_PLACEMENT_3D ( 'NONE', #7744, #3937, #8556 ) ;
#3255 = CARTESIAN_POINT ( 'NONE',  ( 0.6853771391369045700, 4.499999999999999100, -1.033338221306048900 ) ) ;
#3256 = CARTESIAN_POINT ( 'NONE',  ( 4.750000000000004400, 2.990000000000000200, 5.799999999999983800 ) ) ;
#3257 = CARTESIAN_POINT ( 'NONE',  ( 4.325022088913687700, 4.500000000000000900, -1.099520966376733800 ) ) ;
#3258 = UNCERTAINTY_MEASURE_WITH_UNIT (LENGTH_MEASURE( 1.000000000000000100E-005 ), #2866, 'distance_accuracy_value', 'NONE');
#3259 = CARTESIAN_POINT ( 'NONE',  ( 6.053322083027819800, 4.500000000000001800, -1.087793544779792600 ) ) ;
#3260 = CARTESIAN_POINT ( 'NONE',  ( 5.105059730956707400, 4.509999999999999800, -2.257470553048837900 ) ) ;
#3261 = CARTESIAN_POINT ( 'NONE',  ( 1.767464374128416200, 4.500000000000001800, -2.625124330698707500 ) ) ;
#3262 = ORIENTED_EDGE ( 'NONE', *, *, #8263, .F. ) ;
#3263 = MECHANICAL_DESIGN_GEOMETRIC_PRESENTATION_REPRESENTATION (  '', ( #1217 ), #2412 ) ;
#3264 = EDGE_CURVE ( 'NONE', #4863, #8032, #66, .T. ) ;
#3265 = CARTESIAN_POINT ( 'NONE',  ( 6.320258939247803000, 4.509999999999998900, -2.055531216110068700 ) ) ;
#3266 =( GEOMETRIC_REPRESENTATION_CONTEXT ( 3 ) GLOBAL_UNCERTAINTY_ASSIGNED_CONTEXT ( ( #2118 ) ) GLOBAL_UNIT_ASSIGNED_CONTEXT ( ( #709, #6707, #4416 ) ) REPRESENTATION_CONTEXT ( 'NONE', 'WORKASPACE' ) );
#3267 = CARTESIAN_POINT ( 'NONE',  ( 1.846620396205356500, 4.500000000000000900, -1.375214732652775300 ) ) ;
#3268 = VECTOR ( 'NONE', #7103, 1000.000000000000000 ) ;
#3269 = ADVANCED_FACE ( 'NONE', ( #8547 ), #3893, .T. ) ;
#3270 = B_SPLINE_CURVE_WITH_KNOTS ( 'NONE', 3,
 ( #6933, #3799, #2329, #5262, #6831 ),
 .UNSPECIFIED., .F., .F.,
 ( 4, 1, 4 ),
 ( 0.0000000000000000000, 0.5164569901113426100, 1.000000000000000000 ),
 .UNSPECIFIED. ) ;
#3271 = ORIENTED_EDGE ( 'NONE', *, *, #4852, .T. ) ;
#3272 = LINE ( 'NONE', #2819, #7599 ) ;
#3273 = FILL_AREA_STYLE_COLOUR ( '', #6874 ) ;
#3274 =( NAMED_UNIT ( * ) PLANE_ANGLE_UNIT ( ) SI_UNIT ( $, .RADIAN. ) );
#3275 = FACE_OUTER_BOUND ( 'NONE', #5395, .T. ) ;
#3276 = FILL_AREA_STYLE ('',( #8509 ) ) ;
#3277 = EDGE_CURVE ( 'NONE', #7705, #5316, #7384, .T. ) ;
#3278 = VERTEX_POINT ( 'NONE', #6755 ) ;
#3279 = CARTESIAN_POINT ( 'NONE',  ( 7.239424884101073800, 4.510000000000000700, -2.735875275218926400 ) ) ;
#3280 = CARTESIAN_POINT ( 'NONE',  ( 3.018527336545354000, 4.500000000000000900, -1.411113213743273600 ) ) ;
#3281 = SURFACE_SIDE_STYLE ('',( #8773 ) ) ;
#3282 = CARTESIAN_POINT ( 'NONE',  ( -1.009999999999996900, 1.500000000000000400, 1.368805242762944900E-016 ) ) ;
#3283 = VECTOR ( 'NONE', #5676, 1000.000000000000000 ) ;
#3284 = CARTESIAN_POINT ( 'NONE',  ( 4.922937038384960200, 4.509999999999998900, -1.087793544779792600 ) ) ;
#3285 = CARTESIAN_POINT ( 'NONE',  ( 2.380781946183849300, 4.500000000000000000, -1.171441743213979600 ) ) ;
#3286 = FACE_OUTER_BOUND ( 'NONE', #5416, .T. ) ;
#3287 = FILL_AREA_STYLE ('',( #912 ) ) ;
#3288 = CARTESIAN_POINT ( 'NONE',  ( 2.474692985471693700, 4.509999999999999800, -1.018271023459931300 ) ) ;
#3289 = VERTEX_POINT ( 'NONE', #729 ) ;
#3290 = MECHANICAL_DESIGN_GEOMETRIC_PRESENTATION_REPRESENTATION (  '', ( #14 ), #4999 ) ;
#3291 = SURFACE_SIDE_STYLE ('',( #1878 ) ) ;
#3292 = EDGE_CURVE ( 'NONE', #8583, #9887, #3066, .T. ) ;
#3293 = VERTEX_POINT ( 'NONE', #7605 ) ;
#3294 = CARTESIAN_POINT ( 'NONE',  ( 7.314604881755164100, 4.500000000000000900, -2.313298064128821900 ) ) ;
#3295 = CARTESIAN_POINT ( 'NONE',  ( 1.716490145086259100, 4.500000000000000900, -2.731616860193339000 ) ) ;
#3296 = FACE_OUTER_BOUND ( 'NONE', #9326, .T. ) ;
#3297 = CARTESIAN_POINT ( 'NONE',  ( 5.718334421616837900, 4.500000000000000900, -2.615302963122011300 ) ) ;
#3298 = CARTESIAN_POINT ( 'NONE',  ( 7.007648201115872900, 4.509999999999998900, -2.691451525483491600 ) ) ;
#3299 = ORIENTED_EDGE ( 'NONE', *, *, #7994, .T. ) ;
#3300 =( NAMED_UNIT ( * ) PLANE_ANGLE_UNIT ( ) SI_UNIT ( $, .RADIAN. ) );
#3301 =( LENGTH_UNIT ( ) NAMED_UNIT ( * ) SI_UNIT ( .MILLI., .METRE. ) );
#3302 = PRESENTATION_STYLE_ASSIGNMENT (( #471 ) ) ;
#3303 = CARTESIAN_POINT ( 'NONE',  ( 2.539870738342456100, 4.500000000000000900, -1.062550923998353500 ) ) ;
#3304 = VERTEX_POINT ( 'NONE', #5227 ) ;
#3305 = VERTEX_POINT ( 'NONE', #5937 ) ;
#3306 = SURFACE_SIDE_STYLE ('',( #8148 ) ) ;
#3307 = PRESENTATION_STYLE_ASSIGNMENT (( #2838 ) ) ;
#3308 = AXIS2_PLACEMENT_3D ( 'NONE', #9646, #8171, #9742 ) ;
#3309 = CARTESIAN_POINT ( 'NONE',  ( 6.486787249105327100, 4.500000000000002700, -1.057639476242006700 ) ) ;
#3310 = LINE ( 'NONE', #5187, #6297 ) ;
#3311 = EDGE_LOOP ( 'NONE', ( #2368, #1922, #9516, #9318, #1855, #55, #3765, #622, #4321, #8451, #4133, #8323, #4409, #5405, #7619, #3081, #5157, #5565, #4926, #5457 ) ) ;
#3312 = SURFACE_STYLE_USAGE ( .BOTH. , #1807 ) ;
#3313 = PRESENTATION_LAYER_ASSIGNMENT (  '', '', ( #3712 ) ) ;
#3314 = CARTESIAN_POINT ( 'NONE',  ( 1.860000000000002800, 1.739999999999988900, 7.249999999999984000 ) ) ;
#3315 = CARTESIAN_POINT ( 'NONE',  ( 4.971719814564456100, 4.500000000000000900, -2.736063023224931000 ) ) ;
#3316 = CARTESIAN_POINT ( 'NONE',  ( 6.008992263031920800, 4.510000000000000700, -2.553347343801443300 ) ) ;
#3317 = SURFACE_STYLE_FILL_AREA ( #2617 ) ;
#3318 = CARTESIAN_POINT ( 'NONE',  ( 1.692723202390605600, 4.500000000000000000, -1.209468582649994900 ) ) ;
#3319 = LINE ( 'NONE', #4733, #1291 ) ;
#3320 = CARTESIAN_POINT ( 'NONE',  ( 4.482561383928570300, 4.500000000000000000, -2.283095824542656200 ) ) ;
#3321 = ORIENTED_EDGE ( 'NONE', *, *, #6730, .T. ) ;
#3322 = ADVANCED_FACE ( 'NONE', ( #5433 ), #7227, .T. ) ;
#3323 = ORIENTED_EDGE ( 'NONE', *, *, #6671, .T. ) ;
#3324 = DIRECTION ( 'NONE',  ( -1.734723475976807100E-015, 1.000000000000000000, -0.0000000000000000000 ) ) ;
#3325 = CARTESIAN_POINT ( 'NONE',  ( 4.400000000000003900, -2.259999999999997100, 6.749999999999984900 ) ) ;
#3326 = FILL_AREA_STYLE ('',( #8618 ) ) ;
#3327 = PRESENTATION_LAYER_ASSIGNMENT (  '', '', ( #8313 ) ) ;
#3328 = EDGE_CURVE ( 'NONE', #2714, #3869, #3790, .T. ) ;
#3329 = CARTESIAN_POINT ( 'NONE',  ( 1.762871472978455100, 4.509999999999999800, -2.606462916124225000 ) ) ;
#3330 = CARTESIAN_POINT ( 'NONE',  ( 3.907586967703442900, 4.510000000000000700, -1.371700583321890500 ) ) ;
#3331 = MECHANICAL_DESIGN_GEOMETRIC_PRESENTATION_REPRESENTATION (  '', ( #1418 ), #891 ) ;
#3332 = FACE_OUTER_BOUND ( 'NONE', #694, .T. ) ;
#3333 = UNCERTAINTY_MEASURE_WITH_UNIT (LENGTH_MEASURE( 1.000000000000000100E-005 ), #1757, 'distance_accuracy_value', 'NONE');
#3334 = VECTOR ( 'NONE', #4264, 1000.000000000000000 ) ;
#3335 = ORIENTED_EDGE ( 'NONE', *, *, #3158, .F. ) ;
#3336 = ORIENTED_EDGE ( 'NONE', *, *, #8385, .T. ) ;
#3337 = SURFACE_STYLE_FILL_AREA ( #7050 ) ;
#3338 = CARTESIAN_POINT ( 'NONE',  ( 7.007648201115872900, 4.509999999999998900, -2.691451525483491600 ) ) ;
#3339 = CARTESIAN_POINT ( 'NONE',  ( 1.859207298642112600, 4.509999999999999800, -1.463323049710066900 ) ) ;
#3340 = FILL_AREA_STYLE ('',( #9254 ) ) ;
#3341 = CARTESIAN_POINT ( 'NONE',  ( 4.034219201762550000, 4.500000000000000000, -1.042164952054619200 ) ) ;
#3342 = CARTESIAN_POINT ( 'NONE',  ( 6.140000000000004100, 1.739999999999988900, 7.249999999999984000 ) ) ;
#3343 = EDGE_CURVE ( 'NONE', #5661, #3138, #5673, .T. ) ;
#3344 = UNCERTAINTY_MEASURE_WITH_UNIT (LENGTH_MEASURE( 1.000000000000000100E-005 ), #4398, 'distance_accuracy_value', 'NONE');
#3345 = ORIENTED_EDGE ( 'NONE', *, *, #7129, .T. ) ;
#3346 = FILL_AREA_STYLE ('',( #6373 ) ) ;
#3347 = CARTESIAN_POINT ( 'NONE',  ( 2.573006475539434000, 4.509999999999999800, -2.736630341376733000 ) ) ;
#3348 = CARTESIAN_POINT ( 'NONE',  ( 6.503775872008304800, 4.509999999999999800, -1.028077184399356600 ) ) ;
#3349 = CARTESIAN_POINT ( 'NONE',  ( 3.937969419872055200, 4.500000000000000900, -1.411113213743273600 ) ) ;
#3350 = CARTESIAN_POINT ( 'NONE',  ( 7.290000000000004500, 2.990000000000000200, 1.999999999999984500 ) ) ;
#3351 = LINE ( 'NONE', #2480, #4530 ) ;
#3352 = CARTESIAN_POINT ( 'NONE',  ( 6.640391139513180700, 4.509999999999999800, -2.231543213593283300 ) ) ;
#3353 = CARTESIAN_POINT ( 'NONE',  ( 2.562895323736938300, 4.510000000000000700, -2.553879107846025700 ) ) ;
#3354 = CARTESIAN_POINT ( 'NONE',  ( 3.872969410121840800, 4.500000000000000900, -1.540904330792368700 ) ) ;
#3355 = SURFACE_SIDE_STYLE ('',( #5522 ) ) ;
#3356 = CARTESIAN_POINT ( 'NONE',  ( 3.104092552548362700, 4.500000000000000900, -1.541280638995781200 ) ) ;
#3357 = SURFACE_STYLE_USAGE ( .BOTH. , #3635 ) ;
#3358 = CARTESIAN_POINT ( 'NONE',  ( 2.671671549479165600, 4.509999999999999800, -2.518998737954114100 ) ) ;
#3359 = EDGE_CURVE ( 'NONE', #6401, #1272, #8405, .T. ) ;
#3360 = COLOUR_RGB ( '',0.8470588235294117500, 0.8470588235294117500, 0.8470588235294117500 ) ;
#3361 = ORIENTED_EDGE ( 'NONE', *, *, #1682, .F. ) ;
#3362 = STYLED_ITEM ( 'NONE', ( #565 ), #7273 ) ;
#3363 = SURFACE_STYLE_FILL_AREA ( #4967 ) ;
#3364 = CARTESIAN_POINT ( 'NONE',  ( 3.250000000000003100, 2.990000000000000200, 5.799999999999983800 ) ) ;
#3365 = VECTOR ( 'NONE', #4893, 1000.000000000000000 ) ;
#3366 = CARTESIAN_POINT ( 'NONE',  ( 2.210000000000004000, 2.990000000000000200, 5.799999999999983800 ) ) ;
#3367 = CARTESIAN_POINT ( 'NONE',  ( 4.850467273940511200, 4.509999999999999800, -2.547440929278638000 ) ) ;
#3368 = ADVANCED_FACE ( 'NONE', ( #7856 ), #839, .T. ) ;
#3369 = VERTEX_POINT ( 'NONE', #7683 ) ;
#3370 = CARTESIAN_POINT ( 'NONE',  ( 6.658471389043898000, 4.500000000000003600, -2.272133038549352300 ) ) ;
#3371 = DIRECTION ( 'NONE',  ( 1.355252715606880300E-016, 0.0000000000000000000, 1.000000000000000000 ) ) ;
#3372 = CARTESIAN_POINT ( 'NONE',  ( 1.660253034319195900, 4.509999999999999800, -1.373590616209322800 ) ) ;
#3373 = EDGE_CURVE ( 'NONE', #7279, #8624, #3083, .T. ) ;
#3374 = PRESENTATION_STYLE_ASSIGNMENT (( #3642 ) ) ;
#3375 = CARTESIAN_POINT ( 'NONE',  ( 7.277357436592456700, 4.500000000000002700, -2.488779595997046000 ) ) ;
#3376 = ORIENTED_EDGE ( 'NONE', *, *, #7415, .F. ) ;
#3377 = CARTESIAN_POINT ( 'NONE',  ( 6.471607726251139800, 4.500000000000002700, -1.090300694841062500 ) ) ;
#3378 =( NAMED_UNIT ( * ) SI_UNIT ( $, .STERADIAN. ) SOLID_ANGLE_UNIT ( ) );
#3379 = CARTESIAN_POINT ( 'NONE',  ( 5.003643339350428900, 4.500000000000000900, -2.545027625353823100 ) ) ;
#3380 = DIRECTION ( 'NONE',  ( 1.000000000000000000, 0.0000000000000000000, 0.0000000000000000000 ) ) ;
#3381 = LINE ( 'NONE', #6577, #6973 ) ;
#3382 = CARTESIAN_POINT ( 'NONE',  ( 5.790000000000003600, 2.990000000000000200, 5.799999999999983800 ) ) ;
#3383 = PRESENTATION_LAYER_ASSIGNMENT (  '', '', ( #1706 ) ) ;
#3384 = CARTESIAN_POINT ( 'NONE',  ( 5.249956403459821200, 4.509999999999999800, -0.9176199247100669300 ) ) ;
#3385 = DIRECTION ( 'NONE',  ( 0.0000000000000000000, 0.0000000000000000000, 1.000000000000000000 ) ) ;
#3386 = CARTESIAN_POINT ( 'NONE',  ( 6.262593005952380700, 4.509999999999999800, -2.372828258043400100 ) ) ;
#3387 = UNCERTAINTY_MEASURE_WITH_UNIT (LENGTH_MEASURE( 1.000000000000000100E-005 ), #1795, 'distance_accuracy_value', 'NONE');
#3388 = CARTESIAN_POINT ( 'NONE',  ( 3.931347754740268700, 4.500000000000000000, -1.506115743682548300 ) ) ;
#3389 = ORIENTED_EDGE ( 'NONE', *, *, #8130, .T. ) ;
#3390 = PRESENTATION_LAYER_ASSIGNMENT (  '', '', ( #8375 ) ) ;
#3391 = FILL_AREA_STYLE_COLOUR ( '', #93 ) ;
#3392 = ORIENTED_EDGE ( 'NONE', *, *, #5364, .T. ) ;
#3393 = CARTESIAN_POINT ( 'NONE',  ( 4.433809876512329500, 4.509999999999999800, -2.456597176201947600 ) ) ;
#3394 = PRESENTATION_STYLE_ASSIGNMENT (( #2131 ) ) ;
#3395 = CARTESIAN_POINT ( 'NONE',  ( 1.851415929348306300, 4.500000000000000900, -1.317435936529247600 ) ) ;
#3396 = PRESENTATION_STYLE_ASSIGNMENT (( #258 ) ) ;
#3397 = B_SPLINE_CURVE_WITH_KNOTS ( 'NONE', 3,
 ( #7410, #2042, #1247, #8949, #501, #2810, #9609, #1282, #2073, #1938, #5772 ),
 .UNSPECIFIED., .F., .F.,
 ( 4, 1, 1, 1, 1, 1, 1, 1, 4 ),
 ( 0.0000000000000000000, 0.1440306613881537900, 0.2740342620545204700, 0.3901554936314401400, 0.4984253191023442800, 0.6105705555072855600, 0.7255366516136366700, 0.8561547915775186100, 1.000000000000000000 ),
 .UNSPECIFIED. ) ;
#3398 = STYLED_ITEM ( 'NONE', ( #1031 ), #5893 ) ;
#3399 = EDGE_LOOP ( 'NONE', ( #6129, #4617, #6275, #4011 ) ) ;
#3400 = EDGE_CURVE ( 'NONE', #2806, #8624, #9241, .T. ) ;
#3401 = SURFACE_STYLE_FILL_AREA ( #7461 ) ;
#3402 = EDGE_LOOP ( 'NONE', ( #9243, #9711 ) ) ;
#3403 = CARTESIAN_POINT ( 'NONE',  ( 1.756249807846668800, 4.500000000000002700, -2.701465446063502400 ) ) ;
#3404 = AXIS2_PLACEMENT_3D ( 'NONE', #2145, #9793, #3709 ) ;
#3405 = CARTESIAN_POINT ( 'NONE',  ( 2.086583600725445900, 4.500000000000000900, -0.9176199247100669300 ) ) ;
#3406 = CARTESIAN_POINT ( 'NONE',  ( 7.240717134021577000, 4.509999999999999800, -1.827125133043400000 ) ) ;
#3407 = CARTESIAN_POINT ( 'NONE',  ( 2.008013488620570700, 4.510000000000001600, -2.484815779787112400 ) ) ;
#3408 = CARTESIAN_POINT ( 'NONE',  ( 4.871646986402142300, 4.500000000000001800, -2.734255089716013800 ) ) ;
#3409 = SURFACE_SIDE_STYLE ('',( #9059 ) ) ;
#3410 = VERTEX_POINT ( 'NONE', #5299 ) ;
#3411 = ORIENTED_EDGE ( 'NONE', *, *, #961, .T. ) ;
#3412 =( LENGTH_UNIT ( ) NAMED_UNIT ( * ) SI_UNIT ( .MILLI., .METRE. ) );
#3413 = ORIENTED_EDGE ( 'NONE', *, *, #5771, .F. ) ;
#3414 = CARTESIAN_POINT ( 'NONE',  ( 5.529025500747745300, 4.509999999999998900, -2.339670029120749300 ) ) ;
#3415 =( NAMED_UNIT ( * ) SI_UNIT ( $, .STERADIAN. ) SOLID_ANGLE_UNIT ( ) );
#3416 = VECTOR ( 'NONE', #598, 1000.000000000000000 ) ;
#3417 = CARTESIAN_POINT ( 'NONE',  ( 2.671671549479165600, 4.509999999999999800, -2.518998737954114100 ) ) ;
#3418 = CARTESIAN_POINT ( 'NONE',  ( 1.673769115179550200, 4.510000000000002500, -1.263195678285103300 ) ) ;
#3419 = ORIENTED_EDGE ( 'NONE', *, *, #5826, .T. ) ;
#3420 = CARTESIAN_POINT ( 'NONE',  ( 6.487701456658101100, 4.499999999999999100, -1.798620190097586000 ) ) ;
#3421 = CARTESIAN_POINT ( 'NONE',  ( 6.613402157738094400, 4.509999999999999800, -1.361409742883430000 ) ) ;
#3422 =( LENGTH_UNIT ( ) NAMED_UNIT ( * ) SI_UNIT ( .MILLI., .METRE. ) );
#3423 =( NAMED_UNIT ( * ) SI_UNIT ( $, .STERADIAN. ) SOLID_ANGLE_UNIT ( ) );
#3424 = ADVANCED_FACE ( 'NONE', ( #3058 ), #2334, .F. ) ;
#3425 = CARTESIAN_POINT ( 'NONE',  ( 5.132207961309521900, 4.500000000000000900, -2.372828258043400100 ) ) ;
#3426 = DIRECTION ( 'NONE',  ( -0.0000000000000000000, -1.000000000000000000, -0.0000000000000000000 ) ) ;
#3427 = AXIS2_PLACEMENT_3D ( 'NONE', #4107, #1769, #9362 ) ;
#3428 = PRESENTATION_STYLE_ASSIGNMENT (( #2200 ) ) ;
#3429 = ORIENTED_EDGE ( 'NONE', *, *, #7490, .F. ) ;
#3430 = SURFACE_STYLE_FILL_AREA ( #7171 ) ;
#3431 = SURFACE_SIDE_STYLE ('',( #511 ) ) ;
#3432 =( GEOMETRIC_REPRESENTATION_CONTEXT ( 3 ) GLOBAL_UNCERTAINTY_ASSIGNED_CONTEXT ( ( #3206 ) ) GLOBAL_UNIT_ASSIGNED_CONTEXT ( ( #5540, #871, #4828 ) ) REPRESENTATION_CONTEXT ( 'NONE', 'WORKASPACE' ) );
#3433 = SURFACE_STYLE_FILL_AREA ( #7004 ) ;
#3434 = EDGE_CURVE ( 'NONE', #577, #1634, #4368, .T. ) ;
#3435 = CARTESIAN_POINT ( 'NONE',  ( 1.745428748094278700, 4.500000000000001800, -2.714215791611774600 ) ) ;
#3436 = CARTESIAN_POINT ( 'NONE',  ( 2.329126591666316400, 4.509999999999998900, -0.9532138264777859600 ) ) ;
#3437 = FACE_OUTER_BOUND ( 'NONE', #7250, .T. ) ;
#3438 = CARTESIAN_POINT ( 'NONE',  ( 5.562800722170431200, 4.500000000000000900, -2.298339766766987600 ) ) ;
#3439 = ORIENTED_EDGE ( 'NONE', *, *, #6990, .F. ) ;
#3440 = ORIENTED_EDGE ( 'NONE', *, *, #3373, .F. ) ;
#3441 = FILL_AREA_STYLE_COLOUR ( '', #8046 ) ;
#3442 = VECTOR ( 'NONE', #6093, 1000.000000000000000 ) ;
#3443 = FILL_AREA_STYLE ('',( #8090 ) ) ;
#3444 = FILL_AREA_STYLE ('',( #8161 ) ) ;
#3445 =( NAMED_UNIT ( * ) SI_UNIT ( $, .STERADIAN. ) SOLID_ANGLE_UNIT ( ) );
#3446 = FACE_OUTER_BOUND ( 'NONE', #7559, .T. ) ;
#3447 = CARTESIAN_POINT ( 'NONE',  ( 7.155857049851190000, 4.500000000000000900, -2.554729299710066600 ) ) ;
#3448 = PRESENTATION_LAYER_ASSIGNMENT (  '', '', ( #8063 ) ) ;
#3449 = DIRECTION ( 'NONE',  ( 0.0000000000000000000, 1.000000000000000000, -0.0000000000000000000 ) ) ;
#3450 = PRESENTATION_LAYER_ASSIGNMENT (  '', '', ( #7564 ) ) ;
#3451 = CARTESIAN_POINT ( 'NONE',  ( 5.242908036718559700, 4.510000000000001600, -0.9179899795546520000 ) ) ;
#3452 = CARTESIAN_POINT ( 'NONE',  ( 5.076162079207492200, 4.500000000000000900, -2.510939998543394700 ) ) ;
#3453 = VERTEX_POINT ( 'NONE', #3804 ) ;
#3454 = CARTESIAN_POINT ( 'NONE',  ( 6.432256153384944500, 4.500000000000000000, -1.394051440477976200 ) ) ;
#3455 = CARTESIAN_POINT ( 'NONE',  ( 2.523470924014136400, 4.509999999999999800, -2.554729299710066600 ) ) ;
#3456 = CARTESIAN_POINT ( 'NONE',  ( 4.536507867071308400, 4.510000000000000700, -2.301346730429791900 ) ) ;
#3457 = FACE_OUTER_BOUND ( 'NONE', #2457, .T. ) ;
#3458 = B_SPLINE_CURVE_WITH_KNOTS ( 'NONE', 3,
 ( #8102, #6488, #9474, #1207, #5702, #6416, #6521, #1107, #8807, #4183, #6454 ),
 .UNSPECIFIED., .F., .F.,
 ( 4, 1, 1, 1, 1, 1, 1, 1, 4 ),
 ( 0.0000000000000000000, 0.1436409104313115200, 0.2740735383166318900, 0.3888763523592629300, 0.4987022707778766600, 0.6085281891964934300, 0.7258537232309721900, 0.8536058418296564900, 1.000000000000000000 ),
 .UNSPECIFIED. ) ;
#3459 = ORIENTED_EDGE ( 'NONE', *, *, #274, .T. ) ;
#3460 = VECTOR ( 'NONE', #6306, 1000.000000000000000 ) ;
#3461 = CARTESIAN_POINT ( 'NONE',  ( 4.971719814564456100, 4.509999999999999800, -2.736063023224931000 ) ) ;
#3462 = PRESENTATION_LAYER_ASSIGNMENT (  '', '', ( #507 ) ) ;
#3463 = ORIENTED_EDGE ( 'NONE', *, *, #9540, .F. ) ;
#3464 = ADVANCED_FACE ( 'NONE', ( #2320 ), #603, .T. ) ;
#3465 = VERTEX_POINT ( 'NONE', #9206 ) ;
#3466 = B_SPLINE_SURFACE_WITH_KNOTS ( 'NONE', 3, 1, ( 
 ( #9435, #7100 ),
 ( #8636, #2531 ),
 ( #6554, #6520 ),
 ( #2353, #8345 ),
 ( #463, #5763 ),
 ( #3483, #8769 ),
 ( #1202, #8803 ),
 ( #3519, #2704 ),
 ( #423, #8867 ),
 ( #4992, #9530 ),
 ( #7294, #4310 ) ),
 .UNSPECIFIED., .F., .F., .F.,
 ( 4, 1, 1, 1, 1, 1, 1, 1, 4 ),
 ( 2, 2 ),
 ( 0.0000000000000000000, 0.1777476914422903600, 0.3334432704642759100, 0.4686868309113489400, 0.5870697829873229300, 0.6917787989996304600, 0.7917565512867025300, 0.8911514188732523300, 1.000000000000000000 ),
 ( 0.0000000000000000000, 1.000000000000000000 ),
 .UNSPECIFIED. ) ;
#3467 = EDGE_CURVE ( 'NONE', #9505, #1997, #4825, .T. ) ;
#3468 = FACE_OUTER_BOUND ( 'NONE', #5065, .T. ) ;
#3469 = CARTESIAN_POINT ( 'NONE',  ( 3.083633888582768500, 4.500000000000002700, -1.360453722440947600 ) ) ;
#3470 = COLOUR_RGB ( '',1.000000000000000000, 1.000000000000000000, 1.000000000000000000 ) ;
#3471 = SURFACE_STYLE_USAGE ( .BOTH. , #7315 ) ;
#3472 =( LENGTH_UNIT ( ) NAMED_UNIT ( * ) SI_UNIT ( .MILLI., .METRE. ) );
#3473 = ADVANCED_FACE ( 'NONE', ( #2818 ), #9307, .T. ) ;
#3474 =( NAMED_UNIT ( * ) SI_UNIT ( $, .STERADIAN. ) SOLID_ANGLE_UNIT ( ) );
#3475 = FACE_BOUND ( 'NONE', #7161, .T. ) ;
#3476 = SURFACE_SIDE_STYLE ('',( #9895 ) ) ;
#3477 = CARTESIAN_POINT ( 'NONE',  ( 7.313825665703833900, 4.500000000000000900, -2.351656169316176400 ) ) ;
#3478 = EDGE_CURVE ( 'NONE', #5090, #2052, #1127, .T. ) ;
#3479 = COLOUR_RGB ( '',1.000000000000000000, 1.000000000000000000, 1.000000000000000000 ) ;
#3480 = CARTESIAN_POINT ( 'NONE',  ( 8.999999999999998200, 1.000000000000000000, -6.000000000000016000 ) ) ;
#3481 = ORIENTED_EDGE ( 'NONE', *, *, #6395, .F. ) ;
#3482 = MANIFOLD_SOLID_BREP ( 'Вырез-Вытянуть1', #7143 ) ;
#3483 = CARTESIAN_POINT ( 'NONE',  ( 6.651114166566844500, 4.509999999999999800, -1.165503138752370000 ) ) ;
#3484 = FILL_AREA_STYLE_COLOUR ( '', #1273 ) ;
#3485 =( NAMED_UNIT ( * ) SI_UNIT ( $, .STERADIAN. ) SOLID_ANGLE_UNIT ( ) );
#3486 = CARTESIAN_POINT ( 'NONE',  ( 4.955179268973211900, 4.500000000000000900, -2.736630341376733000 ) ) ;
#3487 = LINE ( 'NONE', #6564, #3122 ) ;
#3488 = CARTESIAN_POINT ( 'NONE',  ( 3.025149001677140500, 4.500000000000001800, -1.506115743682548500 ) ) ;
#3489 = AXIS2_PLACEMENT_3D ( 'NONE', #9902, #6023, #2217 ) ;
#3490 = CARTESIAN_POINT ( 'NONE',  ( 6.940000000000003100, 2.990000000000000200, 5.799999999999983800 ) ) ;
#3491 = CARTESIAN_POINT ( 'NONE',  ( 1.847241707808368000, 4.500000000000000900, -1.389761639788098500 ) ) ;
#3492 = LINE ( 'NONE', #4792, #1211 ) ;
#3493 = FILL_AREA_STYLE_COLOUR ( '', #1995 ) ;
#3494 = VERTEX_POINT ( 'NONE', #4056 ) ;
#3495 = DIRECTION ( 'NONE',  ( 1.000000000000000000, 0.0000000000000000000, 0.0000000000000000000 ) ) ;
#3496 = SURFACE_STYLE_FILL_AREA ( #5867 ) ;
#3497 = DIRECTION ( 'NONE',  ( -0.0000000000000000000, -1.000000000000000000, -0.0000000000000000000 ) ) ;
#3498 = EDGE_CURVE ( 'NONE', #1379, #1781, #6512, .T. ) ;
#3499 = VECTOR ( 'NONE', #7800, 1000.000000000000000 ) ;
#3500 = PRESENTATION_STYLE_ASSIGNMENT (( #5414 ) ) ;
#3501 = ORIENTED_EDGE ( 'NONE', *, *, #7830, .F. ) ;
#3502 = CARTESIAN_POINT ( 'NONE',  ( 5.777388218470981900, 4.509999999999999800, -2.655424519204114400 ) ) ;
#3503 =( NAMED_UNIT ( * ) SI_UNIT ( $, .STERADIAN. ) SOLID_ANGLE_UNIT ( ) );
#3504 = DIRECTION ( 'NONE',  ( 0.0000000000000000000, 1.000000000000000000, -4.336808689942025600E-016 ) ) ;
#3505 = CARTESIAN_POINT ( 'NONE',  ( 6.860963925030465500, 4.500000000000000900, -1.125414157835341200 ) ) ;
#3506 = CARTESIAN_POINT ( 'NONE',  ( 5.822577710892672600, 4.510000000000000700, -2.458556450953181200 ) ) ;
#3507 = CARTESIAN_POINT ( 'NONE',  ( 6.088273653434218800, 4.500000000000001800, -1.001501958244233500 ) ) ;
#3508 = STYLED_ITEM ( 'NONE', ( #8887 ), #3617 ) ;
#3509 = ORIENTED_EDGE ( 'NONE', *, *, #5519, .T. ) ;
#3510 = CARTESIAN_POINT ( 'NONE',  ( 3.250000000000003100, 2.990000000000000200, 5.799999999999983800 ) ) ;
#3511 = DIRECTION ( 'NONE',  ( -0.0000000000000000000, -1.000000000000000000, -0.0000000000000000000 ) ) ;
#3512 = CARTESIAN_POINT ( 'NONE',  ( 6.540000000000004500, 1.740000000000000000, 5.999999999999984000 ) ) ;
#3513 = CARTESIAN_POINT ( 'NONE',  ( 1.847187947355431600, 4.510000000000000700, -1.345847841500198600 ) ) ;
#3514 = EDGE_CURVE ( 'NONE', #5998, #3080, #9012, .T. ) ;
#3515 = LINE ( 'NONE', #7601, #2294 ) ;
#3516 = UNCERTAINTY_MEASURE_WITH_UNIT (LENGTH_MEASURE( 1.000000000000000100E-005 ), #9644, 'distance_accuracy_value', 'NONE');
#3517 = B_SPLINE_CURVE_WITH_KNOTS ( 'NONE', 3,
 ( #6349, #867, #1670, #3242, #8543, #6219, #6278 ),
 .UNSPECIFIED., .F., .F.,
 ( 4, 1, 1, 1, 4 ),
 ( 0.0000000000000000000, 0.2466285804975998900, 0.4918998734754773700, 0.7412208630385380700, 1.000000000000000000 ),
 .UNSPECIFIED. ) ;
#3518 = VECTOR ( 'NONE', #7802, 1000.000000000000000 ) ;
#3519 = CARTESIAN_POINT ( 'NONE',  ( 6.702256512749479500, 4.509999999999998900, -1.114376713829946700 ) ) ;
#3520 = VERTEX_POINT ( 'NONE', #3991 ) ;
#3521 = DIRECTION ( 'NONE',  ( 1.000000000000000000, -0.0000000000000000000, 0.0000000000000000000 ) ) ;
#3522 = ORIENTED_EDGE ( 'NONE', *, *, #3359, .F. ) ;
#3523 = CARTESIAN_POINT ( 'NONE',  ( 5.135689214581688600, 4.499999999999999100, -2.693998988631577200 ) ) ;
#3524 =( GEOMETRIC_REPRESENTATION_CONTEXT ( 3 ) GLOBAL_UNCERTAINTY_ASSIGNED_CONTEXT ( ( #1002 ) ) GLOBAL_UNIT_ASSIGNED_CONTEXT ( ( #2696, #2670, #3445 ) ) REPRESENTATION_CONTEXT ( 'NONE', 'WORKASPACE' ) );
#3525 = CARTESIAN_POINT ( 'NONE',  ( 3.035970061429529300, 4.509999999999998900, -1.518866089230822600 ) ) ;
#3526 = CARTESIAN_POINT ( 'NONE',  ( 7.240717134021577000, 4.509999999999999800, -1.827125133043400000 ) ) ;
#3527 = CARTESIAN_POINT ( 'NONE',  ( 2.467770560209669100, 4.509999999999999800, -1.240869370691671400 ) ) ;
#3528 = CARTESIAN_POINT ( 'NONE',  ( 3.999999999999999100, 0.0000000000000000000, -12.00000000000000200 ) ) ;
#3529 = EDGE_CURVE ( 'NONE', #6363, #2225, #7487, .T. ) ;
#3530 = ADVANCED_FACE ( 'NONE', ( #40 ), #793, .T. ) ;
#3531 = MECHANICAL_DESIGN_GEOMETRIC_PRESENTATION_REPRESENTATION (  '', ( #9786 ), #5552 ) ;
#3532 = CARTESIAN_POINT ( 'NONE',  ( 2.256303769066220000, 4.509999999999999800, -2.671665683638638100 ) ) ;
#3533 = CARTESIAN_POINT ( 'NONE',  ( 4.112522992075698300, 4.509999999999999800, -0.9179899795546515600 ) ) ;
#3534 = VERTEX_POINT ( 'NONE', #1708 ) ;
#3535 =( NAMED_UNIT ( * ) PLANE_ANGLE_UNIT ( ) SI_UNIT ( $, .RADIAN. ) );
#3536 = ORIENTED_EDGE ( 'NONE', *, *, #4971, .T. ) ;
#3537 = DIRECTION ( 'NONE',  ( 0.0000000000000000000, -0.0000000000000000000, 1.000000000000000000 ) ) ;
#3538 = CARTESIAN_POINT ( 'NONE',  ( 1.716695000891258500, 4.510000000000000700, -2.559454679426736300 ) ) ;
#3539 = VERTEX_POINT ( 'NONE', #6384 ) ;
#3540 = EDGE_CURVE ( 'NONE', #670, #3138, #768, .T. ) ;
#3541 = ORIENTED_EDGE ( 'NONE', *, *, #3603, .F. ) ;
#3542 = DIRECTION ( 'NONE',  ( 1.000000000000000000, 0.0000000000000000000, 0.0000000000000000000 ) ) ;
#3543 = CARTESIAN_POINT ( 'NONE',  ( 5.125773605048189900, 4.500000000000001800, -2.315811436865796900 ) ) ;
#3544 =( LENGTH_UNIT ( ) NAMED_UNIT ( * ) SI_UNIT ( .MILLI., .METRE. ) );
#3545 = CARTESIAN_POINT ( 'NONE',  ( 0.6548310468323983400, 4.509999999999998000, -2.685073250669277400 ) ) ;
#3546 = CARTESIAN_POINT ( 'NONE',  ( -1.000000000000000700, 1.000000000000000000, -12.00000000000000000 ) ) ;
#3547 = CARTESIAN_POINT ( 'NONE',  ( 7.226440978368795100, 4.500000000000002700, -2.540106020674010700 ) ) ;
#3548 = VERTEX_POINT ( 'NONE', #3386 ) ;
#3549 = SURFACE_STYLE_FILL_AREA ( #6187 ) ;
#3550 = CARTESIAN_POINT ( 'NONE',  ( 6.054201625773535200, 4.500000000000001800, -2.554258305700128200 ) ) ;
#3551 = B_SPLINE_SURFACE_WITH_KNOTS ( 'NONE', 3, 1, ( 
 ( #3406, #4259 ),
 ( #8790, #8695 ),
 ( #9590, #5755 ),
 ( #1194, #7222 ),
 ( #5688, #379 ),
 ( #1062, #5722 ),
 ( #1124, #6540 ),
 ( #1949, #8758 ),
 ( #6404, #1825 ),
 ( #7192, #6476 ),
 ( #1885, #5658 ) ),
 .UNSPECIFIED., .F., .F., .F.,
 ( 4, 1, 1, 1, 1, 1, 1, 1, 4 ),
 ( 2, 2 ),
 ( 0.0000000000000000000, 0.1505885433767798500, 0.2941289230733412600, 0.4300452503608147000, 0.5580969168575941100, 0.6786951376828379600, 0.7927822232048088400, 0.8994909854023781500, 1.000000000000000000 ),
 ( 0.0000000000000000000, 1.000000000000000000 ),
 .UNSPECIFIED. ) ;
#3552 = ORIENTED_EDGE ( 'NONE', *, *, #7105, .T. ) ;
#3553 = LINE ( 'NONE', #6690, #782 ) ;
#3554 = CARTESIAN_POINT ( 'NONE',  ( 6.235444775599567000, 4.500000000000000900, -2.257470553048837900 ) ) ;
#3555 = SURFACE_STYLE_USAGE ( .BOTH. , #5030 ) ;
#3556 = CARTESIAN_POINT ( 'NONE',  ( 7.496921502976189100, 4.500000000000000900, -2.294464639646822700 ) ) ;
#3557 = CARTESIAN_POINT ( 'NONE',  ( 4.029026867094492200, 4.500000000000000900, -1.008570445543400100 ) ) ;
#3558 = CARTESIAN_POINT ( 'NONE',  ( 3.025149001677140500, 4.510000000000000700, -1.506115743682548500 ) ) ;
#3559 = CARTESIAN_POINT ( 'NONE',  ( 2.779053092963356300, 4.500000000000000900, -2.420693911209388400 ) ) ;
#3560 = CARTESIAN_POINT ( 'NONE',  ( 6.443805371805283700, 4.500000000000002700, -2.393300428662840300 ) ) ;
#3561 = EDGE_CURVE ( 'NONE', #1272, #8207, #5839, .T. ) ;
#3562 =( NAMED_UNIT ( * ) PLANE_ANGLE_UNIT ( ) SI_UNIT ( $, .RADIAN. ) );
#3563 = ORIENTED_EDGE ( 'NONE', *, *, #4076, .T. ) ;
#3564 = ORIENTED_EDGE ( 'NONE', *, *, #5785, .T. ) ;
#3565 =( LENGTH_UNIT ( ) NAMED_UNIT ( * ) SI_UNIT ( .MILLI., .METRE. ) );
#3566 = SURFACE_STYLE_FILL_AREA ( #583 ) ;
#3567 = VECTOR ( 'NONE', #5101, 1000.000000000000000 ) ;
#3568 = CARTESIAN_POINT ( 'NONE',  ( 5.777388218470981900, 4.509999999999999800, -2.655424519204114400 ) ) ;
#3569 = FACE_OUTER_BOUND ( 'NONE', #5007, .T. ) ;
#3570 = ORIENTED_EDGE ( 'NONE', *, *, #9613, .F. ) ;
#3571 = CARTESIAN_POINT ( 'NONE',  ( 1.785994525479323900, 4.509999999999999800, -1.062853970187231300 ) ) ;
#3572 = CARTESIAN_POINT ( 'NONE',  ( 6.088406517392113100, 4.509999999999999800, -1.008570445543400100 ) ) ;
#3573 = MECHANICAL_DESIGN_GEOMETRIC_PRESENTATION_REPRESENTATION (  '', ( #9884 ), #1637 ) ;
#3574 = EDGE_CURVE ( 'NONE', #942, #9270, #8647, .T. ) ;
#3575 = CARTESIAN_POINT ( 'NONE',  ( 6.422439750433802000, 4.500000000000000000, -2.237626218835653700 ) ) ;
#3576 = CARTESIAN_POINT ( 'NONE',  ( 6.779900648758103700, 4.510000000000000700, -1.099838616856200700 ) ) ;
#3577 = CARTESIAN_POINT ( 'NONE',  ( 0.7401910691034224700, 4.500000000000001800, -2.736630341376733000 ) ) ;
#3578 = ADVANCED_FACE ( 'NONE', ( #7610 ), #3929, .T. ) ;
#3579 = CARTESIAN_POINT ( 'NONE',  ( 6.083427241672655600, 4.500000000000002700, -0.9693535411242258900 ) ) ;
#3580 = VECTOR ( 'NONE', #4894, 1000.000000000000100 ) ;
#3581 = CARTESIAN_POINT ( 'NONE',  ( 7.286421856105189200, 4.510000000000000700, -2.023961325666923100 ) ) ;
#3582 = CARTESIAN_POINT ( 'NONE',  ( 5.602098544412007700, 4.509999999999999800, -2.502542730447146400 ) ) ;
#3583 = CARTESIAN_POINT ( 'NONE',  ( 1.846620396205356500, 4.509999999999999800, -1.375214732652775300 ) ) ;
#3584 = VERTEX_POINT ( 'NONE', #1871 ) ;
#3585 = ORIENTED_EDGE ( 'NONE', *, *, #3988, .F. ) ;
#3586 =( NAMED_UNIT ( * ) SI_UNIT ( $, .STERADIAN. ) SOLID_ANGLE_UNIT ( ) );
#3587 =( GEOMETRIC_REPRESENTATION_CONTEXT ( 3 ) GLOBAL_UNCERTAINTY_ASSIGNED_CONTEXT ( ( #8409 ) ) GLOBAL_UNIT_ASSIGNED_CONTEXT ( ( #4722, #4114, #7136 ) ) REPRESENTATION_CONTEXT ( 'NONE', 'WORKASPACE' ) );
#3588 = STYLED_ITEM ( 'NONE', ( #2554 ), #5102 ) ;
#3589 = PLANE ( 'NONE',  #1200 ) ;
#3590 = MECHANICAL_DESIGN_GEOMETRIC_PRESENTATION_REPRESENTATION (  '', ( #4095 ), #6981 ) ;
#3591 = UNCERTAINTY_MEASURE_WITH_UNIT (LENGTH_MEASURE( 1.000000000000000100E-005 ), #1933, 'distance_accuracy_value', 'NONE');
#3592 = CARTESIAN_POINT ( 'NONE',  ( 4.906049746558777800, 4.509999999999999800, -2.554729299710066600 ) ) ;
#3593 = CARTESIAN_POINT ( 'NONE',  ( 6.940000000000003100, 2.990000000000000200, 5.999999999999976900 ) ) ;
#3594 = SURFACE_SIDE_STYLE ('',( #1490 ) ) ;
#3595 = VERTEX_POINT ( 'NONE', #5133 ) ;
#3596 = CARTESIAN_POINT ( 'NONE',  ( 1.060000000000003600, -2.260000000000004200, 7.249999999999985800 ) ) ;
#3597 = FACE_BOUND ( 'NONE', #1213, .T. ) ;
#3598 = CARTESIAN_POINT ( 'NONE',  ( 2.813371609589778300, 4.509999999999999800, -2.317790639260089800 ) ) ;
#3599 = CARTESIAN_POINT ( 'NONE',  ( 3.001773216610862200, 4.500000000000000900, -2.281877737210066900 ) ) ;
#3600 = FACE_OUTER_BOUND ( 'NONE', #4720, .T. ) ;
#3601 = MECHANICAL_DESIGN_GEOMETRIC_PRESENTATION_REPRESENTATION (  '', ( #3071 ), #888 ) ;
#3602 = CARTESIAN_POINT ( 'NONE',  ( 7.269951230003719000, 4.509999999999999800, -1.380493111093995500 ) ) ;
#3603 = EDGE_CURVE ( 'NONE', #2947, #9081, #2407, .T. ) ;
#3604 = CARTESIAN_POINT ( 'NONE',  ( 4.957888608791359200, 4.509999999999999800, -1.001501958244233300 ) ) ;
#3605 = MECHANICAL_DESIGN_GEOMETRIC_PRESENTATION_REPRESENTATION (  '', ( #1025 ), #4293 ) ;
#3606 = CARTESIAN_POINT ( 'NONE',  ( 4.413942464192707000, 4.500000000000000900, -2.432514537340274800 ) ) ;
#3607 = CARTESIAN_POINT ( 'NONE',  ( 1.060000000000003600, -2.259999999999997100, 6.749999999999984900 ) ) ;
#3608 = CARTESIAN_POINT ( 'NONE',  ( 7.128653099423362800, 4.500000000000000900, -1.516918892343995800 ) ) ;
#3609 = CARTESIAN_POINT ( 'NONE',  ( 0.6847310117452459800, 4.509999999999999800, -2.724902919779791200 ) ) ;
#3610 = ORIENTED_EDGE ( 'NONE', *, *, #9916, .F. ) ;
#3611 = CARTESIAN_POINT ( 'NONE',  ( 6.066291637367614300, 4.500000000000000900, -0.9399744836577721400 ) ) ;
#3612 = CARTESIAN_POINT ( 'NONE',  ( 2.540000000000000000, 0.0000000000000000000, 5.799999999999983800 ) ) ;
#3613 = SURFACE_SIDE_STYLE ('',( #5116 ) ) ;
#3614 = CARTESIAN_POINT ( 'NONE',  ( 8.999999999999998200, 1.000000000000000000, -6.000000000000016000 ) ) ;
#3615 = CARTESIAN_POINT ( 'NONE',  ( 5.846201245759537800, 4.500000000000002700, -2.693440943449968600 ) ) ;
#3616 = LINE ( 'NONE', #8202, #1678 ) ;
#3617 = ADVANCED_FACE ( 'NONE', ( #1731 ), #6024, .T. ) ;
#3618 = LINE ( 'NONE', #641, #1569 ) ;
#3619 = FILL_AREA_STYLE ('',( #1771 ) ) ;
#3620 = ORIENTED_EDGE ( 'NONE', *, *, #62, .F. ) ;
#3621 =( NAMED_UNIT ( * ) SI_UNIT ( $, .STERADIAN. ) SOLID_ANGLE_UNIT ( ) );
#3622 = CARTESIAN_POINT ( 'NONE',  ( 7.496667453254678600, 4.500000000000000900, -2.312334736949660700 ) ) ;
#3623 =( LENGTH_UNIT ( ) NAMED_UNIT ( * ) SI_UNIT ( .MILLI., .METRE. ) );
#3624 =( LENGTH_UNIT ( ) NAMED_UNIT ( * ) SI_UNIT ( .MILLI., .METRE. ) );
#3625 =( GEOMETRIC_REPRESENTATION_CONTEXT ( 3 ) GLOBAL_UNCERTAINTY_ASSIGNED_CONTEXT ( ( #9492 ) ) GLOBAL_UNIT_ASSIGNED_CONTEXT ( ( #2286, #2058, #5275 ) ) REPRESENTATION_CONTEXT ( 'NONE', 'WORKASPACE' ) );
#3626 =( NAMED_UNIT ( * ) PLANE_ANGLE_UNIT ( ) SI_UNIT ( $, .RADIAN. ) );
#3627 = FILL_AREA_STYLE_COLOUR ( '', #4236 ) ;
#3628 = CARTESIAN_POINT ( 'NONE',  ( 0.0000000000000000000, 0.0000000000000000000, 0.0000000000000000000 ) ) ;
#3629 = ADVANCED_FACE ( 'NONE', ( #2203 ), #7307, .T. ) ;
#3630 = ORIENTED_EDGE ( 'NONE', *, *, #2713, .F. ) ;
#3631 = CARTESIAN_POINT ( 'NONE',  ( 2.210000000000004000, 2.490000000000000200, 1.999999999999984500 ) ) ;
#3632 = FACE_OUTER_BOUND ( 'NONE', #1539, .T. ) ;
#3633 = EDGE_CURVE ( 'NONE', #8915, #537, #1125, .T. ) ;
#3634 = CARTESIAN_POINT ( 'NONE',  ( 0.6817426213157982100, 4.500000000000000900, -0.9889615504240123500 ) ) ;
#3635 = SURFACE_SIDE_STYLE ('',( #7160 ) ) ;
#3636 = PRESENTATION_STYLE_ASSIGNMENT (( #3471 ) ) ;
#3637 = CARTESIAN_POINT ( 'NONE',  ( 4.587949376973981000, 4.510000000000001600, -2.615302963122012200 ) ) ;
#3638 = ORIENTED_EDGE ( 'NONE', *, *, #3974, .T. ) ;
#3639 = CARTESIAN_POINT ( 'NONE',  ( 2.949664431293046500, 4.509999999999998900, -2.480804136781038900 ) ) ;
#3640 = ORIENTED_EDGE ( 'NONE', *, *, #1540, .T. ) ;
#3641 = CARTESIAN_POINT ( 'NONE',  ( 1.767850748697916500, 4.500000000000000900, -2.645679820543399800 ) ) ;
#3642 = SURFACE_STYLE_USAGE ( .BOTH. , #8304 ) ;
#3643 = CARTESIAN_POINT ( 'NONE',  ( -8.673617379884035500E-016, 1.000000000000000000, -13.00000000000000200 ) ) ;
#3644 = STYLED_ITEM ( 'NONE', ( #298 ), #7898 ) ;
#3645 = CARTESIAN_POINT ( 'NONE',  ( 6.794729208433986800, 4.500000000000002700, -1.100480777455993000 ) ) ;
#3646 = UNCERTAINTY_MEASURE_WITH_UNIT (LENGTH_MEASURE( 1.000000000000000100E-005 ), #7752, 'distance_accuracy_value', 'NONE');
#3647 =( GEOMETRIC_REPRESENTATION_CONTEXT ( 3 ) GLOBAL_UNCERTAINTY_ASSIGNED_CONTEXT ( ( #1493 ) ) GLOBAL_UNIT_ASSIGNED_CONTEXT ( ( #7159, #9357, #9426 ) ) REPRESENTATION_CONTEXT ( 'NONE', 'WORKASPACE' ) );
#3648 = SURFACE_STYLE_USAGE ( .BOTH. , #8216 ) ;
#3649 = SURFACE_STYLE_USAGE ( .BOTH. , #3613 ) ;
#3650 = SURFACE_SIDE_STYLE ('',( #78 ) ) ;
#3651 = EDGE_LOOP ( 'NONE', ( #1102, #4860, #306, #524 ) ) ;
#3652 =( GEOMETRIC_REPRESENTATION_CONTEXT ( 3 ) GLOBAL_UNCERTAINTY_ASSIGNED_CONTEXT ( ( #9001 ) ) GLOBAL_UNIT_ASSIGNED_CONTEXT ( ( #7276, #5074, #2721 ) ) REPRESENTATION_CONTEXT ( 'NONE', 'WORKASPACE' ) );
#3653 = ORIENTED_EDGE ( 'NONE', *, *, #6338, .T. ) ;
#3654 = CARTESIAN_POINT ( 'NONE',  ( 4.413942464192707000, 4.509999999999999800, -2.432514537340274800 ) ) ;
#3655 = B_SPLINE_SURFACE_WITH_KNOTS ( 'NONE', 3, 1, ( 
 ( #5854, #411 ),
 ( #3576, #8788 ),
 ( #8052, #2790 ),
 ( #8121, #8893 ),
 ( #517, #8154 ),
 ( #2056, #3505 ),
 ( #5751, #450 ),
 ( #1298, #1226 ),
 ( #6574, #1192 ),
 ( #4223, #6537 ),
 ( #2728, #8085 ),
 ( #4257, #9659 ),
 ( #6679, #5011 ),
 ( #7350, #2754 ),
 ( #4330, #6607 ),
 ( #4298, #5080 ),
 ( #9623, #5050 ),
 ( #482, #5819 ),
 ( #6639, #3608 ) ),
 .UNSPECIFIED., .F., .F., .F.,
 ( 4, 1, 1, 1, 1, 1, 1, 1, 1, 1, 1, 1, 1, 1, 1, 1, 4 ),
 ( 2, 2 ),
 ( 0.0000000000000000000, 0.03834071324777453500, 0.07750939163373007900, 0.1182835932177109800, 0.1613540092509254100, 0.2073079104334317500, 0.2570799722343181700, 0.3106741504272330600, 0.3683071397237665000, 0.4302342101250791800, 0.4972360532654251900, 0.5683295723612031800, 0.6442256478402399500, 0.7259981487572542100, 0.8118153447437130900, 0.9036603918444094900, 1.000000000000000000 ),
 ( 0.0000000000000000000, 1.000000000000000000 ),
 .UNSPECIFIED. ) ;
#3656 = COLOUR_RGB ( '',0.8980392156862745400, 0.8980392156862745400, 0.8980392156862745400 ) ;
#3657 = CARTESIAN_POINT ( 'NONE',  ( 6.394958496093749100, 4.509999999999999800, -2.560413707262149800 ) ) ;
#3658 = CARTESIAN_POINT ( 'NONE',  ( 6.805070793771959000, 4.500000000000000000, -0.9244793675669037400 ) ) ;
#3659 = CARTESIAN_POINT ( 'NONE',  ( 2.812805324596880000, 4.500000000000001800, -2.234689310910893000 ) ) ;
#3660 = ORIENTED_EDGE ( 'NONE', *, *, #5006, .F. ) ;
#3661 = AXIS2_PLACEMENT_3D ( 'NONE', #4546, #2999, #6056 ) ;
#3662 = VERTEX_POINT ( 'NONE', #9577 ) ;
#3663 = CARTESIAN_POINT ( 'NONE',  ( 4.906865724942597300, 4.500000000000000900, -0.9223453044267369000 ) ) ;
#3664 = CARTESIAN_POINT ( 'NONE',  ( 5.164661820305040500, 4.509999999999999800, -2.026695946533231000 ) ) ;
#3665 = CARTESIAN_POINT ( 'NONE',  ( 2.153069708623899000, 4.500000000000000900, -1.100064993808699500 ) ) ;
#3666 = EDGE_CURVE ( 'NONE', #3662, #4671, #2937, .T. ) ;
#3667 = AXIS2_PLACEMENT_3D ( 'NONE', #6677, #515, #3504 ) ;
#3668 = CARTESIAN_POINT ( 'NONE',  ( 7.496176236442014600, 4.500000000000000000, -2.346887391394324200 ) ) ;
#3669 = CARTESIAN_POINT ( 'NONE',  ( 5.696529762792982500, 4.509999999999999800, -2.336187194071017700 ) ) ;
#3670 = ORIENTED_EDGE ( 'NONE', *, *, #7895, .F. ) ;
#3671 = LINE ( 'NONE', #9732, #4931 ) ;
#3672 = SURFACE_STYLE_FILL_AREA ( #9139 ) ;
#3673 = DIRECTION ( 'NONE',  ( 1.084202172485504400E-016, 0.0000000000000000000, 1.000000000000000000 ) ) ;
#3674 = ORIENTED_EDGE ( 'NONE', *, *, #7348, .F. ) ;
#3675 = CARTESIAN_POINT ( 'NONE',  ( 6.820229995885712900, 4.509999999999998000, -2.187099899750879900 ) ) ;
#3676 = DIRECTION ( 'NONE',  ( 0.6714571773835018600, 0.0000000000000000000, -0.7410433583402394900 ) ) ;
#3677 = EDGE_CURVE ( 'NONE', #6423, #2052, #3671, .T. ) ;
#3678 = CARTESIAN_POINT ( 'NONE',  ( 4.599465004506847700, 4.510000000000000700, -2.376767648900806500 ) ) ;
#3679 = CARTESIAN_POINT ( 'NONE',  ( 6.443805371805283700, 4.510000000000001600, -2.393300428662840300 ) ) ;
#3680 = SURFACE_STYLE_FILL_AREA ( #1448 ) ;
#3681 = ORIENTED_EDGE ( 'NONE', *, *, #419, .F. ) ;
#3682 = EDGE_LOOP ( 'NONE', ( #2461, #8499 ) ) ;
#3683 = FACE_OUTER_BOUND ( 'NONE', #1804, .T. ) ;
#3684 = CARTESIAN_POINT ( 'NONE',  ( 3.600000000000003600, 1.739999999999988900, 7.249999999999984000 ) ) ;
#3685 = CARTESIAN_POINT ( 'NONE',  ( 1.846620396205356500, 4.509999999999999800, -1.375214732652775300 ) ) ;
#3686 = CARTESIAN_POINT ( 'NONE',  ( 4.418439731939699300, 4.509999999999997100, -2.309899506971663500 ) ) ;
#3687 = ORIENTED_EDGE ( 'NONE', *, *, #2591, .T. ) ;
#3688 = DIRECTION ( 'NONE',  ( -0.0000000000000000000, 0.0000000000000000000, -1.000000000000000000 ) ) ;
#3689 = B_SPLINE_SURFACE_WITH_KNOTS ( 'NONE', 3, 1, ( 
 ( #8880, #7448 ),
 ( #3533, #4287 ),
 ( #8984, #2109 ),
 ( #4323, #4411 ),
 ( #5843, #5877 ),
 ( #9675, #2747 ),
 ( #7479, #1356 ),
 ( #1215, #7339 ),
 ( #1974, #7374 ),
 ( #2816, #9612 ),
 ( #9649, #5040 ) ),
 .UNSPECIFIED., .F., .F., .F.,
 ( 4, 1, 1, 1, 1, 1, 1, 1, 4 ),
 ( 2, 2 ),
 ( 0.0000000000000000000, 0.1440306613881541500, 0.2740342620545193100, 0.3901554936314426400, 0.4984253191023453900, 0.6105705555072871200, 0.7255366516136359000, 0.8561547915775160600, 1.000000000000000000 ),
 ( 0.0000000000000000000, 1.000000000000000000 ),
 .UNSPECIFIED. ) ;
#3690 = PRESENTATION_STYLE_ASSIGNMENT (( #7485 ) ) ;
#3691 = VERTEX_POINT ( 'NONE', #8280 ) ;
#3692 = ORIENTED_EDGE ( 'NONE', *, *, #2655, .F. ) ;
#3693 = DIRECTION ( 'NONE',  ( 0.0000000000000000000, 0.0000000000000000000, 1.000000000000000000 ) ) ;
#3694 = CARTESIAN_POINT ( 'NONE',  ( 6.723842075892855900, 4.509999999999999800, -0.9176199247100669300 ) ) ;
#3695 =( NAMED_UNIT ( * ) SI_UNIT ( $, .STERADIAN. ) SOLID_ANGLE_UNIT ( ) );
#3696 = CARTESIAN_POINT ( 'NONE',  ( 3.600000000000003600, 1.739999999999996000, 6.749999999999983100 ) ) ;
#3697 = CARTESIAN_POINT ( 'NONE',  ( 5.292054705790944200, 4.509999999999999800, -2.237626218835655000 ) ) ;
#3698 = SURFACE_STYLE_USAGE ( .BOTH. , #9044 ) ;
#3699 = EDGE_CURVE ( 'NONE', #4988, #4346, #2316, .T. ) ;
#3700 = SURFACE_STYLE_FILL_AREA ( #3326 ) ;
#3701 = CARTESIAN_POINT ( 'NONE',  ( 7.424776931981678100, 4.500000000000000900, -2.626113007801862000 ) ) ;
#3702 =( LENGTH_UNIT ( ) NAMED_UNIT ( * ) SI_UNIT ( .MILLI., .METRE. ) );
#3703 = COLOUR_RGB ( '',0.8980392156862745400, 0.8980392156862745400, 0.8980392156862745400 ) ;
#3704 =( GEOMETRIC_REPRESENTATION_CONTEXT ( 3 ) GLOBAL_UNCERTAINTY_ASSIGNED_CONTEXT ( ( #3024 ) ) GLOBAL_UNIT_ASSIGNED_CONTEXT ( ( #7496, #558, #4487 ) ) REPRESENTATION_CONTEXT ( 'NONE', 'WORKASPACE' ) );
#3705 = ORIENTED_EDGE ( 'NONE', *, *, #7057, .T. ) ;
#3706 = CARTESIAN_POINT ( 'NONE',  ( 3.035970061429529300, 4.509999999999998900, -1.518866089230822600 ) ) ;
#3707 = B_SPLINE_SURFACE_WITH_KNOTS ( 'NONE', 3, 1, ( 
 ( #377, #2660 ),
 ( #7984, #4844 ),
 ( #5627, #1060 ),
 ( #6402, #3295 ),
 ( #8021, #2592 ),
 ( #1823, #3435 ),
 ( #5721, #3403 ),
 ( #8756, #4197 ),
 ( #9519, #6500 ),
 ( #1156, #9617 ),
 ( #512, #6112 ) ),
 .UNSPECIFIED., .F., .F., .F.,
 ( 4, 1, 1, 1, 1, 1, 1, 1, 4 ),
 ( 2, 2 ),
 ( 0.0000000000000000000, 0.1436409104313115200, 0.2740735383166318900, 0.3888763523592629300, 0.4987022707778766600, 0.6085281891964934300, 0.7258537232309721900, 0.8536058418296564900, 1.000000000000000000 ),
 ( 0.0000000000000000000, 1.000000000000000000 ),
 .UNSPECIFIED. ) ;
#3708 = CARTESIAN_POINT ( 'NONE',  ( 6.805070793771959000, 4.500000000000000000, -0.9244793675669037400 ) ) ;
#3709 = DIRECTION ( 'NONE',  ( -1.000000000000000000, 0.0000000000000000000, -0.0000000000000000000 ) ) ;
#3710 = B_SPLINE_CURVE_WITH_KNOTS ( 'NONE', 3,
 ( #7648, #3048, #5391, #6146, #3925, #8389, #1573, #896, #9261, #5459, #4682 ),
 .UNSPECIFIED., .F., .F.,
 ( 4, 1, 1, 1, 1, 1, 1, 1, 4 ),
 ( 0.0000000000000000000, 0.1291105823789965000, 0.2450588575812234200, 0.3531069179282665900, 0.4605420137297469000, 0.5744332052480211100, 0.6984684015256547000, 0.8392786984694966500, 0.9999999999999998900 ),
 .UNSPECIFIED. ) ;
#3711 = MECHANICAL_DESIGN_GEOMETRIC_PRESENTATION_REPRESENTATION (  '', ( #2793 ), #1129 ) ;
#3712 = STYLED_ITEM ( 'NONE', ( #2628 ), #249 ) ;
#3713 = SURFACE_STYLE_FILL_AREA ( #7794 ) ;
#3714 = SURFACE_STYLE_USAGE ( .BOTH. , #1518 ) ;
#3715 = VERTEX_POINT ( 'NONE', #1468 ) ;
#3716 = SURFACE_STYLE_USAGE ( .BOTH. , #1368 ) ;
#3718 = ORIENTED_EDGE ( 'NONE', *, *, #6113, .T. ) ;
#3717 =( LENGTH_UNIT ( ) NAMED_UNIT ( * ) SI_UNIT ( .MILLI., .METRE. ) );
#3719 = COLOUR_RGB ( '',1.000000000000000000, 1.000000000000000000, 1.000000000000000000 ) ;
#3720 = CARTESIAN_POINT ( 'NONE',  ( 6.200156465330890900, 4.510000000000000700, -2.198146564422811500 ) ) ;
#3721 = CARTESIAN_POINT ( 'NONE',  ( 5.758423100107704900, 4.500000000000000900, -2.642539487240881600 ) ) ;
#3722 = VECTOR ( 'NONE', #4766, 1000.000000000000000 ) ;
#3723 = UNCERTAINTY_MEASURE_WITH_UNIT (LENGTH_MEASURE( 1.000000000000000100E-005 ), #418, 'distance_accuracy_value', 'NONE');
#3724 = ADVANCED_FACE ( 'NONE', ( #882 ), #6747, .F. ) ;
#3725 = CARTESIAN_POINT ( 'NONE',  ( 2.573006475539434000, 4.509999999999999800, -2.736630341376733000 ) ) ;
#3726 =( GEOMETRIC_REPRESENTATION_CONTEXT ( 3 ) GLOBAL_UNCERTAINTY_ASSIGNED_CONTEXT ( ( #3961 ) ) GLOBAL_UNIT_ASSIGNED_CONTEXT ( ( #253, #2526, #6307 ) ) REPRESENTATION_CONTEXT ( 'NONE', 'WORKASPACE' ) );
#3727 = MECHANICAL_DESIGN_GEOMETRIC_PRESENTATION_REPRESENTATION (  '', ( #8682 ), #6977 ) ;
#3728 = SURFACE_SIDE_STYLE ('',( #3496 ) ) ;
#3729 = STYLED_ITEM ( 'NONE', ( #2766 ), #1371 ) ;
#3730 = CARTESIAN_POINT ( 'NONE',  ( 7.269951230003719000, 4.500000000000000900, -1.380493111093995500 ) ) ;
#3731 = CARTESIAN_POINT ( 'NONE',  ( 4.906049746558777800, 4.509999999999999800, -2.554729299710066600 ) ) ;
#3732 = LINE ( 'NONE', #684, #5355 ) ;
#3733 =( NAMED_UNIT ( * ) PLANE_ANGLE_UNIT ( ) SI_UNIT ( $, .RADIAN. ) );
#3734 = CARTESIAN_POINT ( 'NONE',  ( 5.312788819685980700, 4.510000000000000700, -2.330309223782979400 ) ) ;
#3735 = FILL_AREA_STYLE ('',( #6072 ) ) ;
#3736 = EDGE_LOOP ( 'NONE', ( #7931, #8334, #1497, #744 ) ) ;
#3737 =( NAMED_UNIT ( * ) SI_UNIT ( $, .STERADIAN. ) SOLID_ANGLE_UNIT ( ) );
#3738 = LINE ( 'NONE', #8911, #5492 ) ;
#3739 = CARTESIAN_POINT ( 'NONE',  ( 4.549556187220980900, 4.509999999999999800, -2.315984182522566700 ) ) ;
#3740 = PRESENTATION_STYLE_ASSIGNMENT (( #1507 ) ) ;
#3741 = EDGE_CURVE ( 'NONE', #1717, #6009, #658, .T. ) ;
#3742 = CARTESIAN_POINT ( 'NONE',  ( 6.723842075892855900, 4.500000000000000900, -0.9176199247100669300 ) ) ;
#3743 = FACE_OUTER_BOUND ( 'NONE', #151, .T. ) ;
#3744 = VERTEX_POINT ( 'NONE', #9773 ) ;
#3745 = DIRECTION ( 'NONE',  ( -1.000000000000000000, -0.0000000000000000000, -0.0000000000000000000 ) ) ;
#3746 = VECTOR ( 'NONE', #5219, 1000.000000000000100 ) ;
#3747 =( NAMED_UNIT ( * ) SI_UNIT ( $, .STERADIAN. ) SOLID_ANGLE_UNIT ( ) );
#3748 = CARTESIAN_POINT ( 'NONE',  ( 2.279265416916611100, 4.510000000000001600, -2.484180698914966600 ) ) ;
#3749 = ORIENTED_EDGE ( 'NONE', *, *, #9107, .F. ) ;
#3750 = PLANE ( 'NONE',  #7230 ) ;
#3751 = CARTESIAN_POINT ( 'NONE',  ( 1.767464374128416200, 4.500000000000001800, -2.625124330698707500 ) ) ;
#3752 = EDGE_CURVE ( 'NONE', #4177, #9260, #5079, .T. ) ;
#3753 = DIRECTION ( 'NONE',  ( 1.000000000000000000, -0.0000000000000000000, -0.0000000000000000000 ) ) ;
#3754 = DIRECTION ( 'NONE',  ( 1.000000000000000000, 0.0000000000000000000, 0.0000000000000000000 ) ) ;
#3755 = ORIENTED_EDGE ( 'NONE', *, *, #8525, .T. ) ;
#3756 = CARTESIAN_POINT ( 'NONE',  ( 7.369872250218883800, 4.509999999999999800, -1.620372117880663800 ) ) ;
#3757 = CARTESIAN_POINT ( 'NONE',  ( 6.883291632222503500, 4.509999999999999800, -0.9458571260259988100 ) ) ;
#3758 =( GEOMETRIC_REPRESENTATION_CONTEXT ( 3 ) GLOBAL_UNCERTAINTY_ASSIGNED_CONTEXT ( ( #1118 ) ) GLOBAL_UNIT_ASSIGNED_CONTEXT ( ( #5322, #4040, #7927 ) ) REPRESENTATION_CONTEXT ( 'NONE', 'WORKASPACE' ) );
#3759 = CARTESIAN_POINT ( 'NONE',  ( 5.189873894604942500, 4.500000000000000000, -2.055531216110068300 ) ) ;
#3760 = CARTESIAN_POINT ( 'NONE',  ( 5.578225586157231900, 4.500000000000002700, -2.289430927563800700 ) ) ;
#3761 = PRESENTATION_STYLE_ASSIGNMENT (( #3785 ) ) ;
#3762 = SURFACE_SIDE_STYLE ('',( #1138 ) ) ;
#3763 = CARTESIAN_POINT ( 'NONE',  ( 6.667363495057610800, 4.509999999999998900, -2.291033676894844700 ) ) ;
#3764 = AXIS2_PLACEMENT_3D ( 'NONE', #6083, #2277, #810 ) ;
#3765 = ORIENTED_EDGE ( 'NONE', *, *, #5845, .F. ) ;
#3766 =( NAMED_UNIT ( * ) SI_UNIT ( $, .STERADIAN. ) SOLID_ANGLE_UNIT ( ) );
#3767 = EDGE_CURVE ( 'NONE', #7761, #6805, #7376, .T. ) ;
#3768 = SURFACE_STYLE_USAGE ( .BOTH. , #5139 ) ;
#3769 = CARTESIAN_POINT ( 'NONE',  ( 4.867476981026785100, 4.500000000000001800, -0.9176199247100670400 ) ) ;
#3770 = UNCERTAINTY_MEASURE_WITH_UNIT (LENGTH_MEASURE( 1.000000000000000100E-005 ), #9686, 'distance_accuracy_value', 'NONE');
#3771 = SURFACE_STYLE_FILL_AREA ( #4798 ) ;
#3772 = EDGE_LOOP ( 'NONE', ( #6766, #2624, #1238, #6478 ) ) ;
#3773 =( NAMED_UNIT ( * ) SI_UNIT ( $, .STERADIAN. ) SOLID_ANGLE_UNIT ( ) );
#3774 = ORIENTED_EDGE ( 'NONE', *, *, #3807, .F. ) ;
#3775 = MECHANICAL_DESIGN_GEOMETRIC_PRESENTATION_REPRESENTATION (  '', ( #1706 ), #3587 ) ;
#3776 = PRESENTATION_LAYER_ASSIGNMENT (  '', '', ( #4954 ) ) ;
#3777 = DIRECTION ( 'NONE',  ( -1.000000000000000000, 0.0000000000000000000, 0.0000000000000000000 ) ) ;
#3778 = CARTESIAN_POINT ( 'NONE',  ( 6.134028383993286800, 4.509999999999999800, -2.545027625353822200 ) ) ;
#3779 = COLOUR_RGB ( '',1.000000000000000000, 1.000000000000000000, 1.000000000000000000 ) ;
#3780 = CARTESIAN_POINT ( 'NONE',  ( 1.762871472978455100, 4.500000000000000900, -2.606462916124225000 ) ) ;
#3781 = ORIENTED_EDGE ( 'NONE', *, *, #1854, .F. ) ;
#3782 = LINE ( 'NONE', #6881, #1738 ) ;
#3783 = CARTESIAN_POINT ( 'NONE',  ( 6.442446172954622500, 4.500000000000003600, -2.425691587641274800 ) ) ;
#3784 = CARTESIAN_POINT ( 'NONE',  ( 7.027567996916065600, 4.510000000000000700, -1.033271377414996000 ) ) ;
#3785 = SURFACE_STYLE_USAGE ( .BOTH. , #3009 ) ;
#3786 = PRESENTATION_LAYER_ASSIGNMENT (  '', '', ( #3071 ) ) ;
#3787 = CARTESIAN_POINT ( 'NONE',  ( 3.001773216610862200, 4.500000000000000900, -2.281877737210066900 ) ) ;
#3788 = SURFACE_SIDE_STYLE ('',( #8477 ) ) ;
#3789 = CARTESIAN_POINT ( 'NONE',  ( 5.272110812670158400, 4.509999999999999800, -2.546374660400778600 ) ) ;
#3790 = LINE ( 'NONE', #6886, #540 ) ;
#3791 = APPLICATION_CONTEXT ( 'automotive_design' ) ;
#3792 = EDGE_CURVE ( 'NONE', #6507, #8745, #4061, .T. ) ;
#3793 = ORIENTED_EDGE ( 'NONE', *, *, #1484, .T. ) ;
#3794 = CARTESIAN_POINT ( 'NONE',  ( 4.029026867094492200, 4.500000000000000900, -1.008570445543400100 ) ) ;
#3795 = CARTESIAN_POINT ( 'NONE',  ( 3.104092552548363100, 4.510000000000000700, -1.541280638995781400 ) ) ;
#3796 = LINE ( 'NONE', #3987, #3908 ) ;
#3797 = ORIENTED_EDGE ( 'NONE', *, *, #9596, .F. ) ;
#3798 = CARTESIAN_POINT ( 'NONE',  ( 4.464731042267518800, 4.510000000000000700, -2.283893114997979500 ) ) ;
#3799 = CARTESIAN_POINT ( 'NONE',  ( 1.660698513997386900, 4.500000000000001800, -1.389217441582025800 ) ) ;
#3800 = CARTESIAN_POINT ( 'NONE',  ( 3.999999999999999100, 1.000000000000000000, -10.00000000000000200 ) ) ;
#3801 = FACE_OUTER_BOUND ( 'NONE', #1821, .T. ) ;
#3802 = ORIENTED_EDGE ( 'NONE', *, *, #587, .T. ) ;
#3803 = ORIENTED_EDGE ( 'NONE', *, *, #2288, .F. ) ;
#3804 = CARTESIAN_POINT ( 'NONE',  ( 4.750000000000004400, 2.490000000000000200, 5.799999999999983800 ) ) ;
#3805 =( LENGTH_UNIT ( ) NAMED_UNIT ( * ) SI_UNIT ( .MILLI., .METRE. ) );
#3806 = FACE_OUTER_BOUND ( 'NONE', #6048, .T. ) ;
#3807 = EDGE_CURVE ( 'NONE', #1017, #6556, #2682, .T. ) ;
#3808 = FACE_OUTER_BOUND ( 'NONE', #8702, .T. ) ;
#3809 = ORIENTED_EDGE ( 'NONE', *, *, #5246, .T. ) ;
#3810 = CARTESIAN_POINT ( 'NONE',  ( 2.989592343284969400, 4.500000000000000900, -2.190927216376733300 ) ) ;
#3811 = VERTEX_POINT ( 'NONE', #4491 ) ;
#3812 = CARTESIAN_POINT ( 'NONE',  ( 6.978459109115545000, 4.509999999999999800, -2.449962969077415000 ) ) ;
#3813 = CARTESIAN_POINT ( 'NONE',  ( 4.325022088913688600, 4.509999999999999800, -1.099520966376733600 ) ) ;
#3814 = CARTESIAN_POINT ( 'NONE',  ( 5.619490106185794300, 4.510000000000000700, -2.283473480323946300 ) ) ;
#3815 = FILL_AREA_STYLE_COLOUR ( '', #1387 ) ;
#3816 = AXIS2_PLACEMENT_3D ( 'NONE', #5442, #6978, #6124 ) ;
#3817 = CARTESIAN_POINT ( 'NONE',  ( 6.394958496093749100, 4.500000000000000900, -2.560413707262149800 ) ) ;
#3818 = DIRECTION ( 'NONE',  ( -0.0000000000000000000, -1.000000000000000000, -0.0000000000000000000 ) ) ;
#3819 = VERTEX_POINT ( 'NONE', #4548 ) ;
#3820 = CARTESIAN_POINT ( 'NONE',  ( 4.029026867094492200, 4.509999999999999800, -1.008570445543400100 ) ) ;
#3821 = SURFACE_STYLE_USAGE ( .BOTH. , #2912 ) ;
#3822 = CARTESIAN_POINT ( 'NONE',  ( 5.548824776582560700, 4.500000000000001800, -2.309899506971664400 ) ) ;
#3823 = EDGE_CURVE ( 'NONE', #9461, #4978, #6761, .T. ) ;
#3824 = EDGE_LOOP ( 'NONE', ( #9259, #295, #2251, #7627 ) ) ;
#3825 = B_SPLINE_CURVE_WITH_KNOTS ( 'NONE', 3,
 ( #6920, #3947, #4673, #4036, #852, #4006, #9288, #7725, #3160, #7058, #4744 ),
 .UNSPECIFIED., .F., .F.,
 ( 4, 1, 1, 1, 1, 1, 1, 1, 4 ),
 ( 0.0000000000000000000, 0.1214509621913057700, 0.2406038546872041300, 0.3593001125676642500, 0.4798460403188188900, 0.6020595435301845400, 0.7290456311465688400, 0.8605972046192699200, 1.000000000000000000 ),
 .UNSPECIFIED. ) ;
#3826 = UNCERTAINTY_MEASURE_WITH_UNIT (LENGTH_MEASURE( 1.000000000000000100E-005 ), #6675, 'distance_accuracy_value', 'NONE');
#3827 = CARTESIAN_POINT ( 'NONE',  ( 2.813371609589778300, 4.509999999999999800, -2.317790639260089800 ) ) ;
#3828 = FILL_AREA_STYLE_COLOUR ( '', #7325 ) ;
#3829 = CARTESIAN_POINT ( 'NONE',  ( 0.7010071809926091700, 4.500000000000000000, -2.731616860193340400 ) ) ;
#3830 = VECTOR ( 'NONE', #7879, 1000.000000000000000 ) ;
#3831 = CARTESIAN_POINT ( 'NONE',  ( 0.7100000000000031800, 2.990000000000000200, 5.799999999999983800 ) ) ;
#3832 = DIRECTION ( 'NONE',  ( 0.0000000000000000000, -1.000000000000000000, 4.336808689942025100E-016 ) ) ;
#3833 = VERTEX_POINT ( 'NONE', #5277 ) ;
#3834 = CARTESIAN_POINT ( 'NONE',  ( 6.614294093622547200, 4.500000000000000000, -1.409902502619032400 ) ) ;
#3835 = FILL_AREA_STYLE_COLOUR ( '', #1289 ) ;
#3836 =( GEOMETRIC_REPRESENTATION_CONTEXT ( 3 ) GLOBAL_UNCERTAINTY_ASSIGNED_CONTEXT ( ( #516 ) ) GLOBAL_UNIT_ASSIGNED_CONTEXT ( ( #432, #7475, #499 ) ) REPRESENTATION_CONTEXT ( 'NONE', 'WORKASPACE' ) );
#3837 =( GEOMETRIC_REPRESENTATION_CONTEXT ( 3 ) GLOBAL_UNCERTAINTY_ASSIGNED_CONTEXT ( ( #2924 ) ) GLOBAL_UNIT_ASSIGNED_CONTEXT ( ( #4916, #313, #349 ) ) REPRESENTATION_CONTEXT ( 'NONE', 'WORKASPACE' ) );
#3838 = SURFACE_STYLE_USAGE ( .BOTH. , #6972 ) ;
#3839 = FACE_OUTER_BOUND ( 'NONE', #74, .T. ) ;
#3840 = UNCERTAINTY_MEASURE_WITH_UNIT (LENGTH_MEASURE( 1.000000000000000100E-005 ), #7818, 'distance_accuracy_value', 'NONE');
#3841 = SURFACE_STYLE_FILL_AREA ( #6162 ) ;
#3842 = LINE ( 'NONE', #682, #1555 ) ;
#3843 = CARTESIAN_POINT ( 'NONE',  ( 6.772565569196427000, 4.500000000000000900, -1.099520966376733600 ) ) ;
#3844 = VECTOR ( 'NONE', #4256, 1000.000000000000000 ) ;
#3845 = PRESENTATION_LAYER_ASSIGNMENT (  '', '', ( #3003 ) ) ;
#3846 = EDGE_CURVE ( 'NONE', #9799, #4664, #6399, .T. ) ;
#3847 = ORIENTED_EDGE ( 'NONE', *, *, #7729, .F. ) ;
#3848 = CARTESIAN_POINT ( 'NONE',  ( 4.791616254407958100, 4.510000000000000700, -2.718016784549997400 ) ) ;
#3849 = PRESENTATION_LAYER_ASSIGNMENT (  '', '', ( #953 ) ) ;
#3850 = DIRECTION ( 'NONE',  ( 1.000000000000000000, -0.0000000000000000000, -0.0000000000000000000 ) ) ;
#3851 = SURFACE_SIDE_STYLE ('',( #1236 ) ) ;
#3852 = B_SPLINE_CURVE_WITH_KNOTS ( 'NONE', 3,
 ( #8370, #9896, #9759, #618, #5951, #6739, #7522, #72, #6192, #5404, #2338 ),
 .UNSPECIFIED., .F., .F.,
 ( 4, 1, 1, 1, 1, 1, 1, 1, 4 ),
 ( 0.0000000000000000000, 0.1440306613881541500, 0.2740342620545223600, 0.3901554936314398100, 0.4984253191023458300, 0.6105705555072857800, 0.7255366516136370100, 0.8561547915775158400, 1.000000000000000000 ),
 .UNSPECIFIED. ) ;
#3853 = CARTESIAN_POINT ( 'NONE',  ( 1.060000000000003600, -2.260000000000004200, 7.249999999999985800 ) ) ;
#3854 = CARTESIAN_POINT ( 'NONE',  ( 6.623862038345388100, 4.500000000000002700, -1.513909559264479300 ) ) ;
#3855 = CARTESIAN_POINT ( 'NONE',  ( 5.314109002976188400, 4.500000000000000900, -2.376888549152031100 ) ) ;
#3856 = CARTESIAN_POINT ( 'NONE',  ( 6.140000000000004100, 1.739999999999996000, 6.749999999999983100 ) ) ;
#3857 = VERTEX_POINT ( 'NONE', #5311 ) ;
#3858 = CARTESIAN_POINT ( 'NONE',  ( 6.053322083027819800, 4.509999999999999800, -1.087793544779792600 ) ) ;
#3859 = CARTESIAN_POINT ( 'NONE',  ( 3.600000000000003600, -2.259999999999997100, 6.749999999999984900 ) ) ;
#3860 = DIRECTION ( 'NONE',  ( -0.0000000000000000000, -1.000000000000000000, -0.0000000000000000000 ) ) ;
#3861 = EDGE_CURVE ( 'NONE', #3534, #7705, #7243, .T. ) ;
#3862 = CARTESIAN_POINT ( 'NONE',  ( 5.249956403459821200, 4.500000000000000900, -0.9176199247100669300 ) ) ;
#3863 = SURFACE_SIDE_STYLE ('',( #3549 ) ) ;
#3864 = FILL_AREA_STYLE ('',( #3835 ) ) ;
#3865 = VERTEX_POINT ( 'NONE', #719 ) ;
#3866 = CARTESIAN_POINT ( 'NONE',  ( 6.431501116071427900, 4.500000000000002700, -1.358567539107388400 ) ) ;
#3867 = CARTESIAN_POINT ( 'NONE',  ( 0.7197324051378272100, 4.509999999999998900, -2.555803424821898600 ) ) ;
#3868 =( LENGTH_UNIT ( ) NAMED_UNIT ( * ) SI_UNIT ( .MILLI., .METRE. ) );
#3869 = VERTEX_POINT ( 'NONE', #1496 ) ;
#3870 =( NAMED_UNIT ( * ) SI_UNIT ( $, .STERADIAN. ) SOLID_ANGLE_UNIT ( ) );
#3871 = ORIENTED_EDGE ( 'NONE', *, *, #7025, .T. ) ;
#3872 = B_SPLINE_SURFACE_WITH_KNOTS ( 'NONE', 3, 1, ( 
 ( #8560, #3997 ),
 ( #5480, #816 ),
 ( #3867, #9177 ),
 ( #7716, #947 ),
 ( #1617, #6974 ),
 ( #3151, #913 ),
 ( #6261, #7747 ),
 ( #1681, #4635 ),
 ( #9315, #3901 ),
 ( #73, #2437 ),
 ( #171, #8489 ) ),
 .UNSPECIFIED., .F., .F., .F.,
 ( 4, 1, 1, 1, 1, 1, 1, 1, 4 ),
 ( 2, 2 ),
 ( 0.0000000000000000000, 0.1440306613881537900, 0.2740342620545204700, 0.3901554936314401400, 0.4984253191023442800, 0.6105705555072855600, 0.7255366516136366700, 0.8561547915775186100, 1.000000000000000000 ),
 ( 0.0000000000000000000, 1.000000000000000000 ),
 .UNSPECIFIED. ) ;
#3873 = LINE ( 'NONE', #5172, #4803 ) ;
#3874 = EDGE_CURVE ( 'NONE', #8002, #4478, #5669, .T. ) ;
#3875 = B_SPLINE_CURVE_WITH_KNOTS ( 'NONE', 3,
 ( #1849, #3393, #980, #5621, #2509, #7917, #8619 ),
 .UNSPECIFIED., .F., .F.,
 ( 4, 1, 1, 1, 4 ),
 ( 0.0000000000000000000, 0.2890735175390005100, 0.5515028090246377700, 0.7878253254373884800, 1.000000000000000000 ),
 .UNSPECIFIED. ) ;
#3876 = CARTESIAN_POINT ( 'NONE',  ( 2.153578404017856500, 4.509999999999999800, -2.372828258043400100 ) ) ;
#3877 = LINE ( 'NONE', #4757, #3147 ) ;
#3878 = CARTESIAN_POINT ( 'NONE',  ( 4.400000000000003000, 2.490000000000000200, 5.799999999999983800 ) ) ;
#3879 = ORIENTED_EDGE ( 'NONE', *, *, #7664, .F. ) ;
#3880 = ORIENTED_EDGE ( 'NONE', *, *, #1431, .T. ) ;
#3881 = CARTESIAN_POINT ( 'NONE',  ( 6.613402157738094400, 4.509999999999999800, -1.361409742883430000 ) ) ;
#3882 = PRESENTATION_LAYER_ASSIGNMENT (  '', '', ( #2379 ) ) ;
#3883 = CARTESIAN_POINT ( 'NONE',  ( 1.935701123003213500, 4.509999999999998900, -1.169789066756489000 ) ) ;
#3884 = CARTESIAN_POINT ( 'NONE',  ( 2.805942660086324600, 4.500000000000000900, -2.354669121904356700 ) ) ;
#3885 =( LENGTH_UNIT ( ) NAMED_UNIT ( * ) SI_UNIT ( .MILLI., .METRE. ) );
#3886 = B_SPLINE_CURVE_WITH_KNOTS ( 'NONE', 3,
 ( #8350, #2129, #1532, #9152, #9189, #5418, #50, #4674, #1563, #5319, #6066 ),
 .UNSPECIFIED., .F., .F.,
 ( 4, 1, 1, 1, 1, 1, 1, 1, 4 ),
 ( 0.0000000000000000000, 0.1777476914422903600, 0.3334432704642759100, 0.4686868309113489400, 0.5870697829873229300, 0.6917787989996304600, 0.7917565512867025300, 0.8911514188732523300, 1.000000000000000000 ),
 .UNSPECIFIED. ) ;
#3887 = LINE ( 'NONE', #3856, #2560 ) ;
#3888 = AXIS2_PLACEMENT_3D ( 'NONE', #6689, #2126, #2907 ) ;
#3889 = CARTESIAN_POINT ( 'NONE',  ( 4.476565013582417800, 4.510000000000000700, -2.283363954505303700 ) ) ;
#3890 = CARTESIAN_POINT ( 'NONE',  ( 7.494626104497546000, 4.509999999999999800, -2.187051903601893200 ) ) ;
#3891 =( GEOMETRIC_REPRESENTATION_CONTEXT ( 3 ) GLOBAL_UNCERTAINTY_ASSIGNED_CONTEXT ( ( #2177 ) ) GLOBAL_UNIT_ASSIGNED_CONTEXT ( ( #5760, #6580, #1301 ) ) REPRESENTATION_CONTEXT ( 'NONE', 'WORKASPACE' ) );
#3892 = CARTESIAN_POINT ( 'NONE',  ( 2.506112298412682000, 4.500000000000001800, -2.554192164498474400 ) ) ;
#3893 = B_SPLINE_SURFACE_WITH_KNOTS ( 'NONE', 3, 1, ( 
 ( #7507, #9011 ),
 ( #2268, #5971 ),
 ( #1417, #6003 ),
 ( #4436, #9782 ),
 ( #6822, #3013 ) ),
 .UNSPECIFIED., .F., .F., .F.,
 ( 4, 1, 4 ),
 ( 2, 2 ),
 ( 0.0000000000000000000, 0.4862122328046448700, 1.000000000000000000 ),
 ( 0.0000000000000000000, 1.000000000000000000 ),
 .UNSPECIFIED. ) ;
#3894 = ORIENTED_EDGE ( 'NONE', *, *, #8666, .T. ) ;
#3895 = CARTESIAN_POINT ( 'NONE',  ( 3.852404203869046900, 4.509999999999999800, -1.359379597329114500 ) ) ;
#3896 = CARTESIAN_POINT ( 'NONE',  ( 3.600000000000003600, 2.990000000000000200, 5.799999999999983800 ) ) ;
#3897 = CARTESIAN_POINT ( 'NONE',  ( 6.670118946681727200, 4.500000000000001800, -1.759273355431101500 ) ) ;
#3898 = CARTESIAN_POINT ( 'NONE',  ( 4.064388594982565600, 4.509999999999998900, -0.9299409107028423500 ) ) ;
#3899 = EDGE_LOOP ( 'NONE', ( #8571, #1132, #8843, #5375 ) ) ;
#3901 = CARTESIAN_POINT ( 'NONE',  ( 0.6500329519504529600, 4.500000000000001800, -2.625124330698707100 ) ) ;
#3900 = COLOUR_RGB ( '',0.8980392156862745400, 0.8980392156862745400, 0.8980392156862745400 ) ;
#3902 = MECHANICAL_DESIGN_GEOMETRIC_PRESENTATION_REPRESENTATION (  '', ( #8490 ), #627 ) ;
#3903 = EDGE_LOOP ( 'NONE', ( #5276, #2850, #5928, #6936, #1014, #7849, #3552, #5247, #7646, #9744, #2980, #733 ) ) ;
#3904 = PRESENTATION_LAYER_ASSIGNMENT (  '', '', ( #300 ) ) ;
#3905 = FILL_AREA_STYLE ('',( #819 ) ) ;
#3906 = CARTESIAN_POINT ( 'NONE',  ( 2.119197818977963400, 4.500000000000002700, -2.592682946982801000 ) ) ;
#3907 = CARTESIAN_POINT ( 'NONE',  ( 5.679941231863838700, 4.509999999999999800, -2.315984182522566700 ) ) ;
#3908 = VECTOR ( 'NONE', #1741, 1000.000000000000000 ) ;
#3909 = PRESENTATION_LAYER_ASSIGNMENT (  '', '', ( #8199 ) ) ;
#3910 = UNCERTAINTY_MEASURE_WITH_UNIT (LENGTH_MEASURE( 1.000000000000000100E-005 ), #7944, 'distance_accuracy_value', 'NONE');
#3911 = CARTESIAN_POINT ( 'NONE',  ( 7.000728847914305500, 4.500000000000001800, -2.474482064471007700 ) ) ;
#3912 = ORIENTED_EDGE ( 'NONE', *, *, #4483, .T. ) ;
#3913 = CARTESIAN_POINT ( 'NONE',  ( 5.997862025669642900, 4.509999999999999800, -1.099520966376733600 ) ) ;
#3914 = VECTOR ( 'NONE', #6150, 1000.000000000000000 ) ;
#3915 = CARTESIAN_POINT ( 'NONE',  ( 6.225018892625263900, 4.510000000000001600, -2.712692906538341400 ) ) ;
#3916 = CARTESIAN_POINT ( 'NONE',  ( 7.233870659386441000, 4.510000000000000700, -1.803245819156814800 ) ) ;
#3917 = CARTESIAN_POINT ( 'NONE',  ( 5.997862025669642900, 4.509999999999999800, -0.9176199247100669300 ) ) ;
#3918 = CARTESIAN_POINT ( 'NONE',  ( 6.617493399034635200, 4.509999999999999800, -1.460466574612721700 ) ) ;
#3919 = LINE ( 'NONE', #7179, #7746 ) ;
#3920 = EDGE_CURVE ( 'NONE', #4051, #9505, #5420, .T. ) ;
#3921 =( GEOMETRIC_REPRESENTATION_CONTEXT ( 3 ) GLOBAL_UNCERTAINTY_ASSIGNED_CONTEXT ( ( #6763 ) ) GLOBAL_UNIT_ASSIGNED_CONTEXT ( ( #7616, #9822, #8332 ) ) REPRESENTATION_CONTEXT ( 'NONE', 'WORKASPACE' ) );
#3922 = DIRECTION ( 'NONE',  ( 0.0000000000000000000, -1.000000000000000000, 0.0000000000000000000 ) ) ;
#3923 = ORIENTED_EDGE ( 'NONE', *, *, #606, .F. ) ;
#3924 = ORIENTED_EDGE ( 'NONE', *, *, #4776, .T. ) ;
#3925 = CARTESIAN_POINT ( 'NONE',  ( 6.232295816023758500, 4.500000000000000000, -2.484585455516736400 ) ) ;
#3926 = DIRECTION ( 'NONE',  ( 0.0000000000000000000, 0.0000000000000000000, 1.000000000000000000 ) ) ;
#3927 = CARTESIAN_POINT ( 'NONE',  ( 3.013825529268670400, 4.500000000000001800, -1.471055787771994700 ) ) ;
#3928 = CARTESIAN_POINT ( 'NONE',  ( 5.020955984933034500, 4.509999999999999800, -2.138549461075394100 ) ) ;
#3929 = B_SPLINE_SURFACE_WITH_KNOTS ( 'NONE', 3, 1, ( 
 ( #8777, #4186 ),
 ( #4929, #4866 ),
 ( #5706, #4214 ),
 ( #1353, #7333 ),
 ( #2809, #4282 ),
 ( #2041, #8875 ),
 ( #1246, #8229 ) ),
 .UNSPECIFIED., .F., .F., .F.,
 ( 4, 1, 1, 1, 4 ),
 ( 2, 2 ),
 ( 0.0000000000000000000, 0.2656730470853335100, 0.5190806608359087600, 0.7633233906535495900, 0.9999999999999998900 ),
 ( 0.0000000000000000000, 1.000000000000000000 ),
 .UNSPECIFIED. ) ;
#3930 = CARTESIAN_POINT ( 'NONE',  ( 5.679941231863838700, 4.500000000000000900, -2.315984182522566700 ) ) ;
#3931 =( LENGTH_UNIT ( ) NAMED_UNIT ( * ) SI_UNIT ( .MILLI., .METRE. ) );
#3932 = COLOUR_RGB ( '',0.8980392156862745400, 0.8980392156862745400, 0.8980392156862745400 ) ;
#3933 = CARTESIAN_POINT ( 'NONE',  ( 3.025426750449514500, 4.500000000000000900, -1.394877627909635100 ) ) ;
#3934 = FILL_AREA_STYLE_COLOUR ( '', #7968 ) ;
#3935 = VECTOR ( 'NONE', #6260, 1000.000000000000000 ) ;
#3936 =( LENGTH_UNIT ( ) NAMED_UNIT ( * ) SI_UNIT ( .MILLI., .METRE. ) );
#3937 = DIRECTION ( 'NONE',  ( 0.7071067811865479100, -0.0000000000000000000, 0.7071067811865472400 ) ) ;
#3938 = CARTESIAN_POINT ( 'NONE',  ( 2.091249369694339500, 4.500000000000000900, -2.286035237384255800 ) ) ;
#3939 = ORIENTED_EDGE ( 'NONE', *, *, #6236, .F. ) ;
#3940 = ORIENTED_EDGE ( 'NONE', *, *, #2961, .F. ) ;
#3941 = DIRECTION ( 'NONE',  ( -1.000000000000000000, 0.0000000000000000000, 0.0000000000000000000 ) ) ;
#3942 = CARTESIAN_POINT ( 'NONE',  ( 1.697764920941040800, 4.509999999999999800, -2.555803424821899500 ) ) ;
#3943 = LINE ( 'NONE', #3853, #2863 ) ;
#3944 = ORIENTED_EDGE ( 'NONE', *, *, #9517, .F. ) ;
#3945 = VERTEX_POINT ( 'NONE', #6847 ) ;
#3946 = FACE_OUTER_BOUND ( 'NONE', #4709, .T. ) ;
#3947 = CARTESIAN_POINT ( 'NONE',  ( 2.153069708623899000, 4.509999999999999800, -1.100064993808699500 ) ) ;
#3948 = CARTESIAN_POINT ( 'NONE',  ( 6.266074259224552600, 4.510000000000001600, -2.693998988631578500 ) ) ;
#3949 = B_SPLINE_CURVE_WITH_KNOTS ( 'NONE', 3,
 ( #2744, #2039, #2807, #9876, #6727, #9842, #5225, #3663, #9009, #2981, #700 ),
 .UNSPECIFIED., .F., .F.,
 ( 4, 1, 1, 1, 1, 1, 1, 1, 4 ),
 ( 0.0000000000000000000, 0.1438452084224846300, 0.2744633483863636600, 0.3894294444927151600, 0.5015746808976534500, 0.6098445063685564700, 0.7259657379454801400, 0.8559693386118455400, 1.000000000000000000 ),
 .UNSPECIFIED. ) ;
#3950 = CARTESIAN_POINT ( 'NONE',  ( 7.240717134021577900, 4.500000000000002700, -1.827125133043400200 ) ) ;
#3951 = LINE ( 'NONE', #3356, #3722 ) ;
#3952 =( GEOMETRIC_REPRESENTATION_CONTEXT ( 3 ) GLOBAL_UNCERTAINTY_ASSIGNED_CONTEXT ( ( #5585 ) ) GLOBAL_UNIT_ASSIGNED_CONTEXT ( ( #7575, #9844, #5253 ) ) REPRESENTATION_CONTEXT ( 'NONE', 'WORKASPACE' ) );
#3953 = DIRECTION ( 'NONE',  ( -0.0000000000000000000, -1.000000000000000000, -0.0000000000000000000 ) ) ;
#3954 = CARTESIAN_POINT ( 'NONE',  ( 6.642000762942432200, 4.510000000000001600, -1.630288940419878600 ) ) ;
#3955 = EDGE_CURVE ( 'NONE', #7568, #7005, #65, .T. ) ;
#3956 = SURFACE_STYLE_FILL_AREA ( #7440 ) ;
#3957 =( NAMED_UNIT ( * ) PLANE_ANGLE_UNIT ( ) SI_UNIT ( $, .RADIAN. ) );
#3958 = CARTESIAN_POINT ( 'NONE',  ( 2.968482767140934600, 4.500000000000001800, -2.446552390498969200 ) ) ;
#3959 = CARTESIAN_POINT ( 'NONE',  ( 1.889641331271527200, 4.509999999999999800, -0.9770401771116777900 ) ) ;
#3960 = SURFACE_STYLE_USAGE ( .BOTH. , #5572 ) ;
#3961 = UNCERTAINTY_MEASURE_WITH_UNIT (LENGTH_MEASURE( 1.000000000000000100E-005 ), #253, 'distance_accuracy_value', 'NONE');
#3962 = CARTESIAN_POINT ( 'NONE',  ( 3.013548060825892400, 4.500000000000000900, -1.450330118162447700 ) ) ;
#3963 = ORIENTED_EDGE ( 'NONE', *, *, #7218, .F. ) ;
#3964 = CARTESIAN_POINT ( 'NONE',  ( 5.178995119180719100, 4.500000000000001800, -1.066209992267790600 ) ) ;
#3965 =( NAMED_UNIT ( * ) PLANE_ANGLE_UNIT ( ) SI_UNIT ( $, .RADIAN. ) );
#3966 =( GEOMETRIC_REPRESENTATION_CONTEXT ( 3 ) GLOBAL_UNCERTAINTY_ASSIGNED_CONTEXT ( ( #12 ) ) GLOBAL_UNIT_ASSIGNED_CONTEXT ( ( #4689, #7033, #8608 ) ) REPRESENTATION_CONTEXT ( 'NONE', 'WORKASPACE' ) );
#3967 = CARTESIAN_POINT ( 'NONE',  ( 4.906660869137597000, 4.509999999999998900, -1.094507485193339400 ) ) ;
#3968 = PRESENTATION_LAYER_ASSIGNMENT (  '', '', ( #8557 ) ) ;
#3969 = ORIENTED_EDGE ( 'NONE', *, *, #3328, .F. ) ;
#3970 = CARTESIAN_POINT ( 'NONE',  ( 2.573006475539434000, 4.500000000000000900, -2.736630341376733000 ) ) ;
#3971 = CARTESIAN_POINT ( 'NONE',  ( 5.020955984933034500, 4.509999999999999800, -2.138549461075394100 ) ) ;
#3972 = CARTESIAN_POINT ( 'NONE',  ( 1.677306256975446000, 4.500000000000000900, -2.554729299710066600 ) ) ;
#3973 = MECHANICAL_DESIGN_GEOMETRIC_PRESENTATION_REPRESENTATION (  '', ( #2943 ), #7054 ) ;
#3974 = EDGE_CURVE ( 'NONE', #2542, #1745, #2097, .T. ) ;
#3975 = CARTESIAN_POINT ( 'NONE',  ( 6.404322768094668400, 4.510000000000000700, -2.191770001969794500 ) ) ;
#3976 = PRESENTATION_LAYER_ASSIGNMENT (  '', '', ( #7059 ) ) ;
#3977 = DIRECTION ( 'NONE',  ( -0.0000000000000000000, -1.000000000000000000, -0.0000000000000000000 ) ) ;
#3978 = ADVANCED_FACE ( 'NONE', ( #4700 ), #4018, .T. ) ;
#3979 = ORIENTED_EDGE ( 'NONE', *, *, #8039, .F. ) ;
#3980 = CARTESIAN_POINT ( 'NONE',  ( 4.669648281844977200, 4.500000000000000900, -2.439531113327624700 ) ) ;
#3981 = DIRECTION ( 'NONE',  ( -1.000000000000000000, 0.0000000000000000000, 0.0000000000000000000 ) ) ;
#3982 = CARTESIAN_POINT ( 'NONE',  ( 1.972439451180783700, 4.500000000000001800, -1.141498200491327000 ) ) ;
#3983 =( NAMED_UNIT ( * ) PLANE_ANGLE_UNIT ( ) SI_UNIT ( $, .RADIAN. ) );
#3984 = VERTEX_POINT ( 'NONE', #2270 ) ;
#3985 = CARTESIAN_POINT ( 'NONE',  ( 2.607112920851933700, 4.500000000000000900, -1.463323049710066700 ) ) ;
#3986 = CARTESIAN_POINT ( 'NONE',  ( 3.083527346295568300, 4.500000000000000000, -1.540904330792368400 ) ) ;
#3987 = CARTESIAN_POINT ( 'NONE',  ( 0.0000000000000000000, -0.01000000000000002600, -0.0000000000000000000 ) ) ;
#3988 = EDGE_CURVE ( 'NONE', #1959, #6602, #6708, .T. ) ;
#3989 = CARTESIAN_POINT ( 'NONE',  ( 5.172699077772520600, 4.500000000000002700, -2.668068866232034400 ) ) ;
#3990 = CARTESIAN_POINT ( 'NONE',  ( 6.431501116071428800, 4.510000000000000700, -1.358567539107388600 ) ) ;
#3991 = CARTESIAN_POINT ( 'NONE',  ( 4.955179268973211900, 4.509999999999999800, -2.736630341376733000 ) ) ;
#3992 = ORIENTED_EDGE ( 'NONE', *, *, #2889, .F. ) ;
#3993 = CARTESIAN_POINT ( 'NONE',  ( 4.867476981026784200, 4.509999999999999800, -1.099520966376733600 ) ) ;
#3994 = CARTESIAN_POINT ( 'NONE',  ( 8.000000000000000000, -0.01000000000000002600, 0.0000000000000000000 ) ) ;
#3995 = EDGE_LOOP ( 'NONE', ( #3240, #6090, #1292, #8082, #5537, #7389, #8850, #6316 ) ) ;
#3996 = CARTESIAN_POINT ( 'NONE',  ( 7.290000000000004500, 2.990000000000000200, 5.799999999999983800 ) ) ;
#3997 = CARTESIAN_POINT ( 'NONE',  ( 0.7401910691034224700, 4.500000000000000900, -2.554729299710066600 ) ) ;
#3998 = PRESENTATION_LAYER_ASSIGNMENT (  '', '', ( #14 ) ) ;
#3999 = B_SPLINE_CURVE_WITH_KNOTS ( 'NONE', 3,
 ( #6603, #7381, #7344, #3571, #9653, #4975, #2752, #2785, #8149, #8888, #4328 ),
 .UNSPECIFIED., .F., .F.,
 ( 4, 1, 1, 1, 1, 1, 1, 1, 4 ),
 ( 0.0000000000000000000, 0.1253434740732163300, 0.2504062021334362800, 0.3768539347714575100, 0.5055492802377468100, 0.6331412470134534200, 0.7573770054876959300, 0.8788643074405833000, 1.000000000000000000 ),
 .UNSPECIFIED. ) ;
#4000 =( NAMED_UNIT ( * ) PLANE_ANGLE_UNIT ( ) SI_UNIT ( $, .RADIAN. ) );
#4001 = CARTESIAN_POINT ( 'NONE',  ( 5.131305657779814800, 4.509999999999999800, -2.344464161783645900 ) ) ;
#4002 =( NAMED_UNIT ( * ) SI_UNIT ( $, .STERADIAN. ) SOLID_ANGLE_UNIT ( ) );
#4003 = ORIENTED_EDGE ( 'NONE', *, *, #9266, .F. ) ;
#4004 = EDGE_CURVE ( 'NONE', #340, #5134, #3887, .T. ) ;
#4005 = VECTOR ( 'NONE', #5521, 1000.000000000000000 ) ;
#4006 = CARTESIAN_POINT ( 'NONE',  ( 2.334950139564993400, 4.509999999999999800, -1.144965900719250300 ) ) ;
#4007 = PLANE ( 'NONE',  #1073 ) ;
#4008 = CARTESIAN_POINT ( 'NONE',  ( 6.036434791201636500, 4.500000000000000000, -2.554729299710066600 ) ) ;
#4009 = B_SPLINE_CURVE_WITH_KNOTS ( 'NONE', 3,
 ( #6080, #6151, #9850, #8391, #6182, #9168, #2207, #9100, #772, #7583, #6114 ),
 .UNSPECIFIED., .F., .F.,
 ( 4, 1, 1, 1, 1, 1, 1, 1, 4 ),
 ( 0.0000000000000000000, 0.1291105823789963100, 0.2450588575812230300, 0.3531069179282673200, 0.4605420137297475700, 0.5744332052480215500, 0.6984684015256525900, 0.8392786984694942100, 1.000000000000000000 ),
 .UNSPECIFIED. ) ;
#4010 = CARTESIAN_POINT ( 'NONE',  ( 4.867476981026784200, 4.509999999999999800, -1.099520966376733600 ) ) ;
#4011 = ORIENTED_EDGE ( 'NONE', *, *, #5600, .T. ) ;
#4012 = ORIENTED_EDGE ( 'NONE', *, *, #4938, .F. ) ;
#4013 = MECHANICAL_DESIGN_GEOMETRIC_PRESENTATION_REPRESENTATION (  '', ( #616 ), #3836 ) ;
#4014 = CARTESIAN_POINT ( 'NONE',  ( 7.233870659386441000, 4.510000000000000700, -1.803245819156814800 ) ) ;
#4015 = CARTESIAN_POINT ( 'NONE',  ( 6.503775872008304800, 4.509999999999999800, -1.028077184399356600 ) ) ;
#4016 = EDGE_CURVE ( 'NONE', #9899, #4597, #4813, .T. ) ;
#4017 = CARTESIAN_POINT ( 'NONE',  ( 5.132207961309521900, 4.500000000000003600, -2.372828258043400100 ) ) ;
#4018 = B_SPLINE_SURFACE_WITH_KNOTS ( 'NONE', 3, 1, ( 
 ( #4589, #7579 ),
 ( #4619, #832 ),
 ( #3827, #6858 ),
 ( #3079, #3884 ),
 ( #5360, #4532 ),
 ( #23, #56 ),
 ( #6040, #9197 ),
 ( #732, #7608 ),
 ( #5289, #8325 ),
 ( #6145, #5390 ),
 ( #6075, #5327 ) ),
 .UNSPECIFIED., .F., .F., .F.,
 ( 4, 1, 1, 1, 1, 1, 1, 1, 4 ),
 ( 2, 2 ),
 ( 0.0000000000000000000, 0.1338493299633962100, 0.2600679311281535700, 0.3816578514843824200, 0.5006029093445409900, 0.6194840869327136200, 0.7403769867696852200, 0.8669261610274477900, 1.000000000000000000 ),
 ( 0.0000000000000000000, 1.000000000000000000 ),
 .UNSPECIFIED. ) ;
#4019 = CARTESIAN_POINT ( 'NONE',  ( 7.272756622941297900, 4.509999999999997100, -2.730358528582027800 ) ) ;
#4020 = ORIENTED_EDGE ( 'NONE', *, *, #5535, .F. ) ;
#4021 = CARTESIAN_POINT ( 'NONE',  ( 6.911001601687651400, 4.500000000000000900, -2.356929423947745400 ) ) ;
#4022 = CARTESIAN_POINT ( 'NONE',  ( 1.785994525479323900, 4.500000000000000900, -1.062853970187231300 ) ) ;
#4023 = VECTOR ( 'NONE', #7329, 1000.000000000000000 ) ;
#4024 = ADVANCED_FACE ( 'NONE', ( #2804 ), #1698, .F. ) ;
#4025 =( LENGTH_UNIT ( ) NAMED_UNIT ( * ) SI_UNIT ( .MILLI., .METRE. ) );
#4026 = CARTESIAN_POINT ( 'NONE',  ( 6.798145403180804200, 4.510000000000000700, -2.137331373742805700 ) ) ;
#4027 = DIRECTION ( 'NONE',  ( -0.0000000000000000000, 1.000000000000000000, -0.0000000000000000000 ) ) ;
#4028 =( GEOMETRIC_REPRESENTATION_CONTEXT ( 3 ) GLOBAL_UNCERTAINTY_ASSIGNED_CONTEXT ( ( #3840 ) ) GLOBAL_UNIT_ASSIGNED_CONTEXT ( ( #7818, #2441, #3227 ) ) REPRESENTATION_CONTEXT ( 'NONE', 'WORKASPACE' ) );
#4029 = VERTEX_POINT ( 'NONE', #4718 ) ;
#4030 = EDGE_CURVE ( 'NONE', #2564, #2137, #9478, .T. ) ;
#4031 = CARTESIAN_POINT ( 'NONE',  ( 6.065984516788474500, 4.500000000000001800, -1.077106416611775000 ) ) ;
#4032 = ORIENTED_EDGE ( 'NONE', *, *, #714, .T. ) ;
#4033 = DIRECTION ( 'NONE',  ( 1.000000000000000000, -0.0000000000000000000, -0.0000000000000000000 ) ) ;
#4034 = CARTESIAN_POINT ( 'NONE',  ( 6.435409785245652400, 4.500000000000000000, -1.256123205043273100 ) ) ;
#4035 = AXIS2_PLACEMENT_3D ( 'NONE', #4570, #5439, #4633 ) ;
#4036 = CARTESIAN_POINT ( 'NONE',  ( 2.238227588017368800, 4.509999999999999800, -1.109844501748360500 ) ) ;
#4037 = ORIENTED_EDGE ( 'NONE', *, *, #3752, .F. ) ;
#4038 = CARTESIAN_POINT ( 'NONE',  ( 6.935468747816531600, 4.500000000000002700, -2.647855662113765000 ) ) ;
#4039 = PRODUCT_DEFINITION ( 'UNKNOWN', '', #3017, #4082 ) ;
#4040 =( NAMED_UNIT ( * ) PLANE_ANGLE_UNIT ( ) SI_UNIT ( $, .RADIAN. ) );
#4041 = CARTESIAN_POINT ( 'NONE',  ( 0.6853771391369045700, 4.509999999999999800, -1.033338221306048900 ) ) ;
#4042 = VERTEX_POINT ( 'NONE', #4681 ) ;
#4043 = EDGE_CURVE ( 'NONE', #8194, #577, #6394, .T. ) ;
#4044 =( NAMED_UNIT ( * ) PLANE_ANGLE_UNIT ( ) SI_UNIT ( $, .RADIAN. ) );
#4045 = CARTESIAN_POINT ( 'NONE',  ( 6.004910392410908800, 4.500000000000000900, -0.9179899795546515600 ) ) ;
#4046 = LINE ( 'NONE', #3382, #5449 ) ;
#4047 = CARTESIAN_POINT ( 'NONE',  ( 7.193877255147151000, 4.509999999999999800, -1.678252156637761700 ) ) ;
#4048 = CARTESIAN_POINT ( 'NONE',  ( 3.872862867834642000, 4.500000000000000900, -1.360453722440947000 ) ) ;
#4049 = FILL_AREA_STYLE ('',( #2243 ) ) ;
#4050 = B_SPLINE_SURFACE_WITH_KNOTS ( 'NONE', 3, 1, ( 
 ( #6584, #9695 ),
 ( #4364, #5731 ),
 ( #7359, #8135 ),
 ( #8801, #2767 ),
 ( #8864, #1168 ) ),
 .UNSPECIFIED., .F., .F., .F.,
 ( 4, 1, 4 ),
 ( 2, 2 ),
 ( 0.0000000000000000000, 0.4953241449958073500, 1.000000000000000000 ),
 ( 0.0000000000000000000, 1.000000000000000000 ),
 .UNSPECIFIED. ) ;
#4051 = VERTEX_POINT ( 'NONE', #6244 ) ;
#4052 = CARTESIAN_POINT ( 'NONE',  ( 5.303188522872054600, 4.499999999999999100, -2.473263217025896600 ) ) ;
#4053 = CARTESIAN_POINT ( 'NONE',  ( 6.658471389043898000, 4.509999999999999800, -2.272133038549352300 ) ) ;
#4054 = ORIENTED_EDGE ( 'NONE', *, *, #7334, .F. ) ;
#4055 = CARTESIAN_POINT ( 'NONE',  ( 0.6817237882693676400, 4.510000000000001600, -1.019569906025255000 ) ) ;
#4056 = CARTESIAN_POINT ( 'NONE',  ( 3.852404203869046900, 4.500000000000000900, -1.359379597329114500 ) ) ;
#4057 = PRESENTATION_STYLE_ASSIGNMENT (( #5694 ) ) ;
#4058 = CARTESIAN_POINT ( 'NONE',  ( 4.957744004306476000, 4.500000000000000000, -1.029296115152946500 ) ) ;
#4059 = LINE ( 'NONE', #1786, #2016 ) ;
#4060 = CARTESIAN_POINT ( 'NONE',  ( 7.269951230003719000, 4.509999999999999800, -1.380493111093995500 ) ) ;
#4061 = B_SPLINE_CURVE_WITH_KNOTS ( 'NONE', 3,
 ( #5964, #1439, #3751, #3780, #2159, #6781, #8972, #2189, #7566, #9066, #695 ),
 .UNSPECIFIED., .F., .F.,
 ( 4, 1, 1, 1, 1, 1, 1, 1, 4 ),
 ( 0.0000000000000000000, 0.1438452084224813300, 0.2744633483863630500, 0.3894294444927137700, 0.5015746808976548900, 0.6098445063685589100, 0.7259657379454791400, 0.8559693386118457600, 1.000000000000000000 ),
 .UNSPECIFIED. ) ;
#4062 = EDGE_CURVE ( 'NONE', #5649, #7463, #6147, .T. ) ;
#4063 = CARTESIAN_POINT ( 'NONE',  ( 1.732489020809842000, 4.509999999999998900, -2.567050285702841900 ) ) ;
#4064 = CARTESIAN_POINT ( 'NONE',  ( 1.684354623716710600, 4.500000000000000900, -2.555099354554651200 ) ) ;
#4065 = COLOUR_RGB ( '',0.2509803921568627400, 0.2509803921568627400, 0.2509803921568627400 ) ;
#4066 = B_SPLINE_CURVE_WITH_KNOTS ( 'NONE', 3,
 ( #757, #3068, #8406, #3848, #9151, #15, #3106 ),
 .UNSPECIFIED., .F., .F.,
 ( 4, 1, 1, 1, 4 ),
 ( 0.0000000000000000000, 0.2432027598354963600, 0.4864218073515730300, 0.7377376028668435300, 0.9999999999999998900 ),
 .UNSPECIFIED. ) ;
#4067 = PRESENTATION_STYLE_ASSIGNMENT (( #4301 ) ) ;
#4068 = CARTESIAN_POINT ( 'NONE',  ( 7.277357436592456700, 4.510000000000001600, -2.488779595997046000 ) ) ;
#4069 = SURFACE_STYLE_USAGE ( .BOTH. , #1091 ) ;
#4070 = CARTESIAN_POINT ( 'NONE',  ( 5.758423100107704900, 4.500000000000000900, -2.642539487240881600 ) ) ;
#4071 = ADVANCED_FACE ( 'NONE', ( #2204 ), #963, .F. ) ;
#4072 =( LENGTH_UNIT ( ) NAMED_UNIT ( * ) SI_UNIT ( .MILLI., .METRE. ) );
#4073 = COLOUR_RGB ( '',1.000000000000000000, 1.000000000000000000, 1.000000000000000000 ) ;
#4074 = STYLED_ITEM ( 'NONE', ( #9036 ), #2952 ) ;
#4075 = CARTESIAN_POINT ( 'NONE',  ( 4.029380930309680600, 4.509999999999999800, -1.014414131091090600 ) ) ;
#4076 = EDGE_CURVE ( 'NONE', #6206, #9172, #5070, .T. ) ;
#4077 = COLOUR_RGB ( '',1.000000000000000000, 1.000000000000000000, 1.000000000000000000 ) ;
#4078 = UNCERTAINTY_MEASURE_WITH_UNIT (LENGTH_MEASURE( 1.000000000000000100E-005 ), #9670, 'distance_accuracy_value', 'NONE');
#4079 = CARTESIAN_POINT ( 'NONE',  ( 7.314604881755164100, 4.500000000000000900, -2.313298064128821900 ) ) ;
#4080 = ORIENTED_EDGE ( 'NONE', *, *, #5944, .F. ) ;
#4081 = CARTESIAN_POINT ( 'NONE',  ( 6.053044789504038000, 4.500000000000000900, -0.9299409107028424600 ) ) ;
#4082 = PRODUCT_DEFINITION_CONTEXT ( 'detailed design', #3791, 'design' ) ;
#4083 =( LENGTH_UNIT ( ) NAMED_UNIT ( * ) SI_UNIT ( .MILLI., .METRE. ) );
#4084 =( NAMED_UNIT ( * ) PLANE_ANGLE_UNIT ( ) SI_UNIT ( $, .RADIAN. ) );
#4085 = CARTESIAN_POINT ( 'NONE',  ( 7.332629869282484900, 4.509999999999999800, -2.709577293894838100 ) ) ;
#4086 = CARTESIAN_POINT ( 'NONE',  ( 6.262593005952380700, 4.509999999999999800, -2.372828258043400100 ) ) ;
#4087 = COLOUR_RGB ( '',0.2509803921568627400, 0.2509803921568627400, 0.2509803921568627400 ) ;
#4088 =( GEOMETRIC_REPRESENTATION_CONTEXT ( 3 ) GLOBAL_UNCERTAINTY_ASSIGNED_CONTEXT ( ( #7639 ) ) GLOBAL_UNIT_ASSIGNED_CONTEXT ( ( #9039, #1412, #1531 ) ) REPRESENTATION_CONTEXT ( 'NONE', 'WORKASPACE' ) );
#4089 = CARTESIAN_POINT ( 'NONE',  ( 5.921337887269613600, 4.499999999999999100, -2.523427915377505700 ) ) ;
#4090 = SURFACE_SIDE_STYLE ('',( #9859 ) ) ;
#4091 = DIRECTION ( 'NONE',  ( -0.0000000000000000000, -0.0000000000000000000, -1.000000000000000000 ) ) ;
#4092 = MECHANICAL_DESIGN_GEOMETRIC_PRESENTATION_REPRESENTATION (  '', ( #300 ), #8813 ) ;
#4093 = ORIENTED_EDGE ( 'NONE', *, *, #8364, .F. ) ;
#4094 = PLANE ( 'NONE',  #6326 ) ;
#4095 = STYLED_ITEM ( 'NONE', ( #370 ), #1358 ) ;
#4096 = DIRECTION ( 'NONE',  ( -0.0000000000000000000, -0.0000000000000000000, -1.000000000000000000 ) ) ;
#4097 =( LENGTH_UNIT ( ) NAMED_UNIT ( * ) SI_UNIT ( .MILLI., .METRE. ) );
#4098 = CARTESIAN_POINT ( 'NONE',  ( 1.677306256975446000, 4.509999999999999800, -2.554729299710066600 ) ) ;
#4099 = ORIENTED_EDGE ( 'NONE', *, *, #8051, .T. ) ;
#4100 = MECHANICAL_DESIGN_GEOMETRIC_PRESENTATION_REPRESENTATION (  '', ( #507 ), #369 ) ;
#4101 = EDGE_CURVE ( 'NONE', #6423, #1288, #1622, .T. ) ;
#4102 = MECHANICAL_DESIGN_GEOMETRIC_PRESENTATION_REPRESENTATION (  '', ( #8386 ), #5113 ) ;
#4103 = SURFACE_SIDE_STYLE ('',( #1961 ) ) ;
#4104 = CARTESIAN_POINT ( 'NONE',  ( 6.802703164427086300, 4.500000000000003600, -2.516661002011852900 ) ) ;
#4105 = ORIENTED_EDGE ( 'NONE', *, *, #3846, .F. ) ;
#4106 = ORIENTED_EDGE ( 'NONE', *, *, #4513, .T. ) ;
#4107 = CARTESIAN_POINT ( 'NONE',  ( -1.009999999999997300, 4.500000000000000900, -1.000000000000015500 ) ) ;
#4108 = CARTESIAN_POINT ( 'NONE',  ( 2.795104399181546700, 4.509999999999999800, -1.463323049710066900 ) ) ;
#4109 = PRESENTATION_STYLE_ASSIGNMENT (( #1359 ) ) ;
#4110 = SURFACE_SIDE_STYLE ('',( #5543 ) ) ;
#4111 = CARTESIAN_POINT ( 'NONE',  ( 2.330193320603769700, 4.509999999999999800, -2.701927676949471600 ) ) ;
#4112 = CARTESIAN_POINT ( 'NONE',  ( 6.459098163391353800, 4.509999999999999800, -1.126649268933905600 ) ) ;
#4113 = ORIENTED_EDGE ( 'NONE', *, *, #8051, .F. ) ;
#4114 =( NAMED_UNIT ( * ) PLANE_ANGLE_UNIT ( ) SI_UNIT ( $, .RADIAN. ) );
#4115 = CARTESIAN_POINT ( 'NONE',  ( 0.6874002827342231600, 4.509999999999999800, -0.9727401325866915600 ) ) ;
#4116 = ORIENTED_EDGE ( 'NONE', *, *, #123, .F. ) ;
#4117 = CARTESIAN_POINT ( 'NONE',  ( 5.172699077772520600, 4.500000000000002700, -2.668068866232034400 ) ) ;
#4118 = CARTESIAN_POINT ( 'NONE',  ( 7.128653099423362800, 4.500000000000002700, -1.516918892343995800 ) ) ;
#4119 = CARTESIAN_POINT ( 'NONE',  ( 5.800033326487835900, 4.500000000000000900, -2.439531113327625200 ) ) ;
#4120 = CARTESIAN_POINT ( 'NONE',  ( 4.482561383928570300, 4.500000000000000900, -2.283095824542656200 ) ) ;
#4121 = CARTESIAN_POINT ( 'NONE',  ( 4.392016892206099100, 4.500000000000000900, -2.373640316265126100 ) ) ;
#4122 = SURFACE_STYLE_FILL_AREA ( #590 ) ;
#4123 = UNCERTAINTY_MEASURE_WITH_UNIT (LENGTH_MEASURE( 1.000000000000000100E-005 ), #7220, 'distance_accuracy_value', 'NONE');
#4124 = ADVANCED_FACE ( 'NONE', ( #6027 ), #713, .T. ) ;
#4125 = PRESENTATION_STYLE_ASSIGNMENT (( #8009 ) ) ;
#4126 = DIRECTION ( 'NONE',  ( -0.0000000000000000000, 1.000000000000000000, -0.0000000000000000000 ) ) ;
#4127 = ORIENTED_EDGE ( 'NONE', *, *, #3051, .T. ) ;
#4128 =( LENGTH_UNIT ( ) NAMED_UNIT ( * ) SI_UNIT ( .MILLI., .METRE. ) );
#4129 = CARTESIAN_POINT ( 'NONE',  ( 1.660253034319195900, 4.500000000000000900, -1.373590616209322800 ) ) ;
#4130 = VERTEX_POINT ( 'NONE', #1894 ) ;
#4131 =( GEOMETRIC_REPRESENTATION_CONTEXT ( 3 ) GLOBAL_UNCERTAINTY_ASSIGNED_CONTEXT ( ( #6709 ) ) GLOBAL_UNIT_ASSIGNED_CONTEXT ( ( #6862, #3054, #7736 ) ) REPRESENTATION_CONTEXT ( 'NONE', 'WORKASPACE' ) );
#4132 = CARTESIAN_POINT ( 'NONE',  ( 6.431501116071427900, 4.500000000000002700, -1.358567539107388400 ) ) ;
#4133 = ORIENTED_EDGE ( 'NONE', *, *, #2591, .F. ) ;
#4134 = EDGE_CURVE ( 'NONE', #2224, #8213, #9360, .T. ) ;
#4135 = VERTEX_POINT ( 'NONE', #7259 ) ;
#4136 = CARTESIAN_POINT ( 'NONE',  ( 0.0000000000000000000, 0.0000000000000000000, 5.799999999999983800 ) ) ;
#4137 = CARTESIAN_POINT ( 'NONE',  ( 5.788351004464285400, 4.509999999999999800, -2.429672333564233600 ) ) ;
#4138 = CARTESIAN_POINT ( 'NONE',  ( 6.867160949698917900, 4.509999999999999800, -2.589543332414306200 ) ) ;
#4139 = VECTOR ( 'NONE', #3174, 1000.000000000000000 ) ;
#4140 = CARTESIAN_POINT ( 'NONE',  ( 4.715816201116677300, 4.500000000000002700, -2.693440943449968600 ) ) ;
#4141 = CARTESIAN_POINT ( 'NONE',  ( 2.153578404017856500, 4.500000000000000900, -2.372828258043400100 ) ) ;
#4142 = VECTOR ( 'NONE', #7973, 1000.000000000000000 ) ;
#4143 = VECTOR ( 'NONE', #1504, 1000.000000000000000 ) ;
#4144 = CARTESIAN_POINT ( 'NONE',  ( -1.009999999999997100, 1.500000000000000400, -2.000000000000015500 ) ) ;
#4145 = PRESENTATION_LAYER_ASSIGNMENT (  '', '', ( #3644 ) ) ;
#4146 = ORIENTED_EDGE ( 'NONE', *, *, #4538, .T. ) ;
#4147 = AXIS2_PLACEMENT_3D ( 'NONE', #1172, #8907, #5031 ) ;
#4148 = CARTESIAN_POINT ( 'NONE',  ( 6.723842075892855900, 4.509999999999999800, -0.9176199247100669300 ) ) ;
#4149 = CARTESIAN_POINT ( 'NONE',  ( 3.920833815567017900, 4.500000000000000900, -1.381734156276819100 ) ) ;
#4150 =( GEOMETRIC_REPRESENTATION_CONTEXT ( 3 ) GLOBAL_UNCERTAINTY_ASSIGNED_CONTEXT ( ( #9294 ) ) GLOBAL_UNIT_ASSIGNED_CONTEXT ( ( #1106, #7779, #1646 ) ) REPRESENTATION_CONTEXT ( 'NONE', 'WORKASPACE' ) );
#4151 = CARTESIAN_POINT ( 'NONE',  ( 5.194773639625426900, 4.510000000000000700, -0.9299409107028432400 ) ) ;
#4152 = CARTESIAN_POINT ( 'NONE',  ( 3.250000000000003100, 2.990000000000000200, 1.999999999999984500 ) ) ;
#4153 = CARTESIAN_POINT ( 'NONE',  ( 2.153578404017856500, 4.500000000000000900, -2.372828258043400100 ) ) ;
#4154 = PLANE ( 'NONE',  #2892 ) ;
#4155 = CARTESIAN_POINT ( 'NONE',  ( 6.444759455547251800, 4.510000000000000700, -1.574620507926656400 ) ) ;
#4156 = CARTESIAN_POINT ( 'NONE',  ( 4.520338463158515700, 4.500000000000000900, -2.290491966352345500 ) ) ;
#4157 = SURFACE_STYLE_USAGE ( .BOTH. , #7913 ) ;
#4158 = VERTEX_POINT ( 'NONE', #7961 ) ;
#4159 = ORIENTED_EDGE ( 'NONE', *, *, #6020, .F. ) ;
#4160 =( NAMED_UNIT ( * ) PLANE_ANGLE_UNIT ( ) SI_UNIT ( $, .RADIAN. ) );
#4161 = CARTESIAN_POINT ( 'NONE',  ( 2.060378407145177200, 4.509999999999998900, -2.542062832497007800 ) ) ;
#4162 = STYLED_ITEM ( 'NONE', ( #4610 ), #9358 ) ;
#4163 = EDGE_CURVE ( 'NONE', #8624, #761, #9069, .T. ) ;
#4164 = CARTESIAN_POINT ( 'NONE',  ( 1.972439451180783700, 4.500000000000001800, -1.141498200491327000 ) ) ;
#4165 = AXIS2_PLACEMENT_3D ( 'NONE', #876, #7007, #1647 ) ;
#4166 = PRESENTATION_STYLE_ASSIGNMENT (( #7225 ) ) ;
#4167 = VERTEX_POINT ( 'NONE', #2602 ) ;
#4168 = VERTEX_POINT ( 'NONE', #4144 ) ;
#4169 = DIRECTION ( 'NONE',  ( 0.0000000000000000000, -1.000000000000000000, 0.0000000000000000000 ) ) ;
#4170 = SURFACE_STYLE_USAGE ( .BOTH. , #8724 ) ;
#4171 = ADVANCED_FACE ( 'NONE', ( #3286 ), #7357, .T. ) ;
#4172 = CARTESIAN_POINT ( 'NONE',  ( 5.116505883472482800, 4.500000000000001800, -2.287051556701787700 ) ) ;
#4173 = VECTOR ( 'NONE', #6353, 1000.000000000000000 ) ;
#4174 = DIRECTION ( 'NONE',  ( 0.0000000000000000000, -0.0000000000000000000, 1.000000000000000000 ) ) ;
#4175 = SURFACE_SIDE_STYLE ('',( #7555 ) ) ;
#4176 = EDGE_CURVE ( 'NONE', #9779, #5680, #7387, .T. ) ;
#4177 = VERTEX_POINT ( 'NONE', #1994 ) ;
#4178 = ORIENTED_EDGE ( 'NONE', *, *, #4016, .F. ) ;
#4179 = CARTESIAN_POINT ( 'NONE',  ( 4.887935644992379200, 4.510000000000000700, -0.9186940498218996200 ) ) ;
#4180 = CARTESIAN_POINT ( 'NONE',  ( 5.523141216656307000, 4.509999999999999800, -2.356176445992655700 ) ) ;
#4181 = CARTESIAN_POINT ( 'NONE',  ( 5.242908036718559700, 4.500000000000001800, -0.9179899795546520000 ) ) ;
#4182 = FILL_AREA_STYLE ('',( #6453 ) ) ;
#4183 = CARTESIAN_POINT ( 'NONE',  ( 1.767754159272205500, 4.510000000000000700, -2.652894624883067800 ) ) ;
#4184 = CARTESIAN_POINT ( 'NONE',  ( 6.444759455547251800, 4.500000000000000900, -1.574620507926656400 ) ) ;
#4185 = CARTESIAN_POINT ( 'NONE',  ( 2.637648961435606700, 4.509999999999999800, -2.535881738243079400 ) ) ;
#4186 = CARTESIAN_POINT ( 'NONE',  ( 2.507229759579612200, 4.500000000000000900, -1.284264211819442100 ) ) ;
#4187 =( NAMED_UNIT ( * ) PLANE_ANGLE_UNIT ( ) SI_UNIT ( $, .RADIAN. ) );
#4188 = CARTESIAN_POINT ( 'NONE',  ( 2.210000000000004000, 2.990000000000000200, 5.799999999999983800 ) ) ;
#4189 = B_SPLINE_CURVE_WITH_KNOTS ( 'NONE', 3,
 ( #3862, #6221, #6153, #2330, #8480, #7710, #4659, #8449, #9203, #4625, #6183 ),
 .UNSPECIFIED., .F., .F.,
 ( 4, 1, 1, 1, 1, 1, 1, 1, 4 ),
 ( 0.0000000000000000000, 0.1440306613881546200, 0.2740342620545201900, 0.3901554936314385900, 0.4984253191023463900, 0.6105705555072847800, 0.7255366516136364500, 0.8561547915775156200, 0.9999999999999998900 ),
 .UNSPECIFIED. ) ;
#4190 = CARTESIAN_POINT ( 'NONE',  ( 0.8556334375402664400, 4.500000000000000900, -0.9747833418026861100 ) ) ;
#4191 = EDGE_CURVE ( 'NONE', #8388, #5582, #5292, .T. ) ;
#4192 = COLOUR_RGB ( '',1.000000000000000000, 1.000000000000000000, 1.000000000000000000 ) ;
#4193 = ORIENTED_EDGE ( 'NONE', *, *, #5109, .T. ) ;
#4194 = PLANE ( 'NONE',  #2880 ) ;
#4195 = DIRECTION ( 'NONE',  ( 1.000000000000000000, 0.0000000000000000000, -0.0000000000000000000 ) ) ;
#4196 = AXIS2_PLACEMENT_3D ( 'NONE', #1300, #2794, #593 ) ;
#4197 = CARTESIAN_POINT ( 'NONE',  ( 1.762666279246469300, 4.500000000000000000, -2.685073250669276900 ) ) ;
#4198 = SURFACE_STYLE_FILL_AREA ( #4996 ) ;
#4199 = FILL_AREA_STYLE ('',( #6538 ) ) ;
#4200 = CARTESIAN_POINT ( 'NONE',  ( 5.562800722170431200, 4.509999999999999800, -2.298339766766987600 ) ) ;
#4201 = VERTEX_POINT ( 'NONE', #9598 ) ;
#4202 = SURFACE_SIDE_STYLE ('',( #6601 ) ) ;
#4203 = B_SPLINE_CURVE_WITH_KNOTS ( 'NONE', 3,
 ( #9448, #2210, #1362, #2991, #5174, #7517, #6013 ),
 .UNSPECIFIED., .F., .F.,
 ( 4, 1, 1, 1, 4 ),
 ( 0.0000000000000000000, 0.2424073438386442600, 0.4854388801437224400, 0.7355303737409665300, 1.000000000000000000 ),
 .UNSPECIFIED. ) ;
#4204 = DIRECTION ( 'NONE',  ( 0.0000000000000000000, 1.000000000000000000, 0.0000000000000000000 ) ) ;
#4205 = FACE_OUTER_BOUND ( 'NONE', #6370, .T. ) ;
#4206 = CARTESIAN_POINT ( 'NONE',  ( 4.874525347768050100, 4.510000000000000700, -0.9179899795546517800 ) ) ;
#4207 = VERTEX_POINT ( 'NONE', #3480 ) ;
#4208 = CARTESIAN_POINT ( 'NONE',  ( 3.859452570610312000, 4.509999999999999800, -1.359749652173699400 ) ) ;
#4209 = SURFACE_STYLE_USAGE ( .BOTH. , #7203 ) ;
#4210 = CARTESIAN_POINT ( 'NONE',  ( 5.050985280931635100, 4.509999999999998900, -2.726937923305110100 ) ) ;
#4211 = AXIS2_PLACEMENT_3D ( 'NONE', #3546, #7323, #8092 ) ;
#4212 = CARTESIAN_POINT ( 'NONE',  ( 2.402880278087797400, 4.500000000000000900, -0.9838026697807514800 ) ) ;
#4213 = CARTESIAN_POINT ( 'NONE',  ( 4.476565013582417800, 4.500000000000001800, -2.283363954505303700 ) ) ;
#4214 = CARTESIAN_POINT ( 'NONE',  ( 2.541797296214841400, 4.500000000000000000, -1.325912464700393900 ) ) ;
#4215 = FILL_AREA_STYLE ('',( #4830 ) ) ;
#4216 =( GEOMETRIC_REPRESENTATION_CONTEXT ( 3 ) GLOBAL_UNCERTAINTY_ASSIGNED_CONTEXT ( ( #5517 ) ) GLOBAL_UNIT_ASSIGNED_CONTEXT ( ( #5687, #9520, #9488 ) ) REPRESENTATION_CONTEXT ( 'NONE', 'WORKASPACE' ) );
#4217 = ADVANCED_FACE ( 'NONE', ( #909 ), #4050, .T. ) ;
#4218 =( GEOMETRIC_REPRESENTATION_CONTEXT ( 3 ) GLOBAL_UNCERTAINTY_ASSIGNED_CONTEXT ( ( #4580 ) ) GLOBAL_UNIT_ASSIGNED_CONTEXT ( ( #6348, #3274, #929 ) ) REPRESENTATION_CONTEXT ( 'NONE', 'WORKASPACE' ) );
#4219 = CARTESIAN_POINT ( 'NONE',  ( 2.153578404017856500, 4.509999999999999800, -2.372828258043400100 ) ) ;
#4220 = ORIENTED_EDGE ( 'NONE', *, *, #2426, .F. ) ;
#4221 = ORIENTED_EDGE ( 'NONE', *, *, #4413, .T. ) ;
#4222 = EDGE_CURVE ( 'NONE', #7446, #6194, #6780, .T. ) ;
#4223 = CARTESIAN_POINT ( 'NONE',  ( 6.949557276012961400, 4.509999999999998000, -1.204290560092105000 ) ) ;
#4224 =( NAMED_UNIT ( * ) PLANE_ANGLE_UNIT ( ) SI_UNIT ( $, .RADIAN. ) );
#4225 = FILL_AREA_STYLE_COLOUR ( '', #6705 ) ;
#4226 = CARTESIAN_POINT ( 'NONE',  ( 5.132207961309521900, 4.500000000000000900, -2.372828258043400100 ) ) ;
#4227 =( NAMED_UNIT ( * ) PLANE_ANGLE_UNIT ( ) SI_UNIT ( $, .RADIAN. ) );
#4228 = CARTESIAN_POINT ( 'NONE',  ( 7.246672220997245600, 4.509999999999998900, -1.850100844876178000 ) ) ;
#4229 = FILL_AREA_STYLE ('',( #457 ) ) ;
#4230 = CARTESIAN_POINT ( 'NONE',  ( 7.315020461309522700, 4.500000000000000900, -2.292840523203370400 ) ) ;
#4231 = EDGE_LOOP ( 'NONE', ( #3156, #100, #889, #3939 ) ) ;
#4232 = ORIENTED_EDGE ( 'NONE', *, *, #7415, .T. ) ;
#4233 = CARTESIAN_POINT ( 'NONE',  ( 6.262593005952380700, 4.500000000000000900, -2.372828258043400100 ) ) ;
#4234 = COLOUR_RGB ( '',1.000000000000000000, 1.000000000000000000, 1.000000000000000000 ) ;
#4235 = UNCERTAINTY_MEASURE_WITH_UNIT (LENGTH_MEASURE( 1.000000000000000100E-005 ), #9071, 'distance_accuracy_value', 'NONE');
#4236 = COLOUR_RGB ( '',1.000000000000000000, 1.000000000000000000, 1.000000000000000000 ) ;
#4237 = CARTESIAN_POINT ( 'NONE',  ( -1.009999999999997600, -0.01000000000000002600, -6.000000000000016000 ) ) ;
#4238 = CARTESIAN_POINT ( 'NONE',  ( 5.606950058225275600, 4.510000000000000700, -2.283363954505303700 ) ) ;
#4239 =( NAMED_UNIT ( * ) SI_UNIT ( $, .STERADIAN. ) SOLID_ANGLE_UNIT ( ) );
#4240 = ORIENTED_EDGE ( 'NONE', *, *, #9423, .T. ) ;
#4241 = CARTESIAN_POINT ( 'NONE',  ( 3.097020724034378300, 4.500000000000000900, -1.541151236593966100 ) ) ;
#4242 = CARTESIAN_POINT ( 'NONE',  ( 2.536774468158900400, 4.509999999999998900, -2.554442407199988300 ) ) ;
#4243 =( NAMED_UNIT ( * ) SI_UNIT ( $, .STERADIAN. ) SOLID_ANGLE_UNIT ( ) );
#4244 = EDGE_CURVE ( 'NONE', #670, #5111, #9255, .T. ) ;
#4245 = CARTESIAN_POINT ( 'NONE',  ( 6.140000000000004100, 2.490000000000000200, 5.999999999999976900 ) ) ;
#4246 = CARTESIAN_POINT ( 'NONE',  ( 4.867476981026784200, 4.500000000000000900, -0.9176199247100669300 ) ) ;
#4247 = UNCERTAINTY_MEASURE_WITH_UNIT (LENGTH_MEASURE( 1.000000000000000100E-005 ), #8401, 'distance_accuracy_value', 'NONE');
#4248 =( GEOMETRIC_REPRESENTATION_CONTEXT ( 3 ) GLOBAL_UNCERTAINTY_ASSIGNED_CONTEXT ( ( #1551 ) ) GLOBAL_UNIT_ASSIGNED_CONTEXT ( ( #8601, #3300, #4782 ) ) REPRESENTATION_CONTEXT ( 'NONE', 'WORKASPACE' ) );
#4249 = ORIENTED_EDGE ( 'NONE', *, *, #6207, .F. ) ;
#4250 = PRESENTATION_STYLE_ASSIGNMENT (( #4656 ) ) ;
#4251 = SURFACE_SIDE_STYLE ('',( #9697 ) ) ;
#4252 = EDGE_LOOP ( 'NONE', ( #9650, #8042, #3718, #9085 ) ) ;
#4253 = FILL_AREA_STYLE_COLOUR ( '', #4283 ) ;
#4254 =( GEOMETRIC_REPRESENTATION_CONTEXT ( 3 ) GLOBAL_UNCERTAINTY_ASSIGNED_CONTEXT ( ( #5393 ) ) GLOBAL_UNIT_ASSIGNED_CONTEXT ( ( #9269, #2430, #7777 ) ) REPRESENTATION_CONTEXT ( 'NONE', 'WORKASPACE' ) );
#4255 = EDGE_CURVE ( 'NONE', #4029, #3945, #8889, .T. ) ;
#4256 = DIRECTION ( 'NONE',  ( -0.0000000000000000000, -0.0000000000000000000, -1.000000000000000000 ) ) ;
#4257 = CARTESIAN_POINT ( 'NONE',  ( 6.994060967817847400, 4.509999999999998900, -1.263274262161944600 ) ) ;
#4258 = CARTESIAN_POINT ( 'NONE',  ( 2.378313867195774600, 4.509999999999999800, -0.9736139167874707800 ) ) ;
#4259 = CARTESIAN_POINT ( 'NONE',  ( 7.240717134021577000, 4.500000000000000900, -1.827125133043400000 ) ) ;
#4260 = VERTEX_POINT ( 'NONE', #3052 ) ;
#4261 = ORIENTED_EDGE ( 'NONE', *, *, #2811, .F. ) ;
#4262 = CARTESIAN_POINT ( 'NONE',  ( 1.922695378649717600, 4.509999999999997100, -2.350666682781039200 ) ) ;
#4263 = PRESENTATION_STYLE_ASSIGNMENT (( #9865 ) ) ;
#4264 = DIRECTION ( 'NONE',  ( -0.0000000000000000000, -0.0000000000000000000, -1.000000000000000000 ) ) ;
#4265 =( NAMED_UNIT ( * ) PLANE_ANGLE_UNIT ( ) SI_UNIT ( $, .RADIAN. ) );
#4266 = SURFACE_SIDE_STYLE ('',( #610 ) ) ;
#4267 = ORIENTED_EDGE ( 'NONE', *, *, #6625, .F. ) ;
#4268 = VECTOR ( 'NONE', #5301, 1000.000000000000000 ) ;
#4269 = CARTESIAN_POINT ( 'NONE',  ( 6.232295816023758500, 4.500000000000000000, -2.484585455516736400 ) ) ;
#4270 = AXIS2_PLACEMENT_3D ( 'NONE', #8166, #6654, #5896 ) ;
#4271 = PRESENTATION_STYLE_ASSIGNMENT (( #1290 ) ) ;
#4272 = ORIENTED_EDGE ( 'NONE', *, *, #861, .T. ) ;
#4273 =( GEOMETRIC_REPRESENTATION_CONTEXT ( 3 ) GLOBAL_UNCERTAINTY_ASSIGNED_CONTEXT ( ( #5648 ) ) GLOBAL_UNIT_ASSIGNED_CONTEXT ( ( #1866, #1137, #3415 ) ) REPRESENTATION_CONTEXT ( 'NONE', 'WORKASPACE' ) );
#4274 = CARTESIAN_POINT ( 'NONE',  ( 6.431501116071427900, 4.500000000000002700, -1.358567539107388400 ) ) ;
#4275 = CARTESIAN_POINT ( 'NONE',  ( 5.522650524279219700, 4.510000000000000700, -2.367767981338249100 ) ) ;
#4276 =( GEOMETRIC_REPRESENTATION_CONTEXT ( 3 ) GLOBAL_UNCERTAINTY_ASSIGNED_CONTEXT ( ( #5255 ) ) GLOBAL_UNIT_ASSIGNED_CONTEXT ( ( #4505, #9920, #3766 ) ) REPRESENTATION_CONTEXT ( 'NONE', 'WORKASPACE' ) );
#4277 = LINE ( 'NONE', #8126, #4504 ) ;
#4278 = CARTESIAN_POINT ( 'NONE',  ( 7.456928479739600500, 4.500000000000000900, -2.563452876185937900 ) ) ;
#4279 = CARTESIAN_POINT ( 'NONE',  ( 2.251070684648723800, 4.510000000000000700, -0.9328987841756117800 ) ) ;
#4280 = EDGE_LOOP ( 'NONE', ( #2371, #1659, #2003, #8754 ) ) ;
#4281 = FILL_AREA_STYLE_COLOUR ( '', #3470 ) ;
#4282 = CARTESIAN_POINT ( 'NONE',  ( 2.592279364538936400, 4.500000000000000900, -1.416090353273881100 ) ) ;
#4283 = COLOUR_RGB ( '',1.000000000000000000, 1.000000000000000000, 1.000000000000000000 ) ;
#4284 = SURFACE_SIDE_STYLE ('',( #1521 ) ) ;
#4285 = DIRECTION ( 'NONE',  ( -0.0000000000000000000, 0.0000000000000000000, 1.000000000000000000 ) ) ;
#4286 = LINE ( 'NONE', #7147, #213 ) ;
#4287 = CARTESIAN_POINT ( 'NONE',  ( 4.112522992075698300, 4.500000000000000900, -0.9179899795546515600 ) ) ;
#4288 = PRESENTATION_LAYER_ASSIGNMENT (  '', '', ( #1534 ) ) ;
#4289 = ORIENTED_EDGE ( 'NONE', *, *, #6020, .T. ) ;
#4290 = ORIENTED_EDGE ( 'NONE', *, *, #8652, .F. ) ;
#4291 = EDGE_CURVE ( 'NONE', #4464, #2759, #4712, .T. ) ;
#4292 = CARTESIAN_POINT ( 'NONE',  ( 4.946142783125631000, 4.500000000000000900, -0.9531179552905878500 ) ) ;
#4293 =( GEOMETRIC_REPRESENTATION_CONTEXT ( 3 ) GLOBAL_UNCERTAINTY_ASSIGNED_CONTEXT ( ( #5782 ) ) GLOBAL_UNIT_ASSIGNED_CONTEXT ( ( #7035, #3246, #2429 ) ) REPRESENTATION_CONTEXT ( 'NONE', 'WORKASPACE' ) );
#4294 = CARTESIAN_POINT ( 'NONE',  ( 7.290000000000004500, 2.490000000000000200, 5.799999999999983800 ) ) ;
#4295 = VECTOR ( 'NONE', #4096, 1000.000000000000000 ) ;
#4296 = DIRECTION ( 'NONE',  ( -0.0000000000000000000, 1.000000000000000000, -0.0000000000000000000 ) ) ;
#4297 = CARTESIAN_POINT ( 'NONE',  ( 1.756249807846668800, 4.500000000000001800, -2.701465446063502400 ) ) ;
#4298 = CARTESIAN_POINT ( 'NONE',  ( 7.083835634732184700, 4.509999999999999800, -1.420027323098118200 ) ) ;
#4299 = CARTESIAN_POINT ( 'NONE',  ( 0.6496465773809523300, 4.500000000000001800, -2.645679820543399800 ) ) ;
#4300 = UNCERTAINTY_MEASURE_WITH_UNIT (LENGTH_MEASURE( 1.000000000000000100E-005 ), #3565, 'distance_accuracy_value', 'NONE');
#4301 = SURFACE_STYLE_USAGE ( .BOTH. , #8123 ) ;
#4302 = SURFACE_STYLE_USAGE ( .BOTH. , #4202 ) ;
#4303 = FACE_BOUND ( 'NONE', #4571, .T. ) ;
#4304 = CARTESIAN_POINT ( 'NONE',  ( 7.240717134021577000, 4.500000000000000900, -1.827125133043400000 ) ) ;
#4305 = CARTESIAN_POINT ( 'NONE',  ( 0.7196258628506281300, 4.509999999999999800, -2.736254033173321200 ) ) ;
#4306 =( NAMED_UNIT ( * ) SI_UNIT ( $, .STERADIAN. ) SOLID_ANGLE_UNIT ( ) );
#4307 = CARTESIAN_POINT ( 'NONE',  ( 7.294474995601098600, 4.500000000000000000, -2.450918514583357900 ) ) ;
#4308 = EDGE_CURVE ( 'NONE', #1853, #1374, #2839, .T. ) ;
#4309 = LINE ( 'NONE', #192, #4414 ) ;
#4310 = CARTESIAN_POINT ( 'NONE',  ( 6.772565569196427000, 4.500000000000002700, -1.099520966376733600 ) ) ;
#4311 = CARTESIAN_POINT ( 'NONE',  ( 3.942815831633621900, 4.509999999999999800, -1.443261630863280900 ) ) ;
#4312 = CARTESIAN_POINT ( 'NONE',  ( 7.269951230003719000, 4.500000000000000900, -1.380493111093995500 ) ) ;
#4313 = UNCERTAINTY_MEASURE_WITH_UNIT (LENGTH_MEASURE( 1.000000000000000100E-005 ), #7985, 'distance_accuracy_value', 'NONE');
#4314 = CARTESIAN_POINT ( 'NONE',  ( 6.816861544370715900, 4.510000000000000700, -1.105646639397869900 ) ) ;
#4315 = SURFACE_STYLE_USAGE ( .BOTH. , #7370 ) ;
#4316 =( GEOMETRIC_REPRESENTATION_CONTEXT ( 3 ) GLOBAL_UNCERTAINTY_ASSIGNED_CONTEXT ( ( #2103 ) ) GLOBAL_UNIT_ASSIGNED_CONTEXT ( ( #5173, #9792, #6012 ) ) REPRESENTATION_CONTEXT ( 'NONE', 'WORKASPACE' ) );
#4317 = CARTESIAN_POINT ( 'NONE',  ( 9.010000000000001600, 1.500000000000000400, -2.000000000000017300 ) ) ;
#4318 = SURFACE_STYLE_USAGE ( .BOTH. , #3594 ) ;
#4319 = SURFACE_STYLE_USAGE ( .BOTH. , #4284 ) ;
#4320 = ADVANCED_FACE ( 'NONE', ( #9031 ), #5853, .T. ) ;
#4321 = ORIENTED_EDGE ( 'NONE', *, *, #6887, .F. ) ;
#4322 = CARTESIAN_POINT ( 'NONE',  ( 2.813910444751606600, 4.509999999999999800, -2.292204148927301500 ) ) ;
#4323 = CARTESIAN_POINT ( 'NONE',  ( 4.080182614901152900, 4.510000000000001600, -0.9223453044267371200 ) ) ;
#4324 = EDGE_CURVE ( 'NONE', #2444, #608, #4009, .T. ) ;
#4325 = FACE_OUTER_BOUND ( 'NONE', #9334, .T. ) ;
#4326 = CARTESIAN_POINT ( 'NONE',  ( 5.602098544412007700, 4.509999999999999800, -2.502542730447146400 ) ) ;
#4327 = ORIENTED_EDGE ( 'NONE', *, *, #254, .F. ) ;
#4328 = CARTESIAN_POINT ( 'NONE',  ( 1.660253034319195900, 4.509999999999999800, -1.373590616209322800 ) ) ;
#4329 = CARTESIAN_POINT ( 'NONE',  ( 8.000000000000000000, 1.000000000000000000, -13.00000000000000000 ) ) ;
#4330 = CARTESIAN_POINT ( 'NONE',  ( 7.061500226540987400, 4.509999999999999800, -1.375742957474572300 ) ) ;
#4331 = MECHANICAL_DESIGN_GEOMETRIC_PRESENTATION_REPRESENTATION (  '', ( #4954 ), #1711 ) ;
#4332 = EDGE_LOOP ( 'NONE', ( #4099, #5443, #9219, #4918 ) ) ;
#4333 = CARTESIAN_POINT ( 'NONE',  ( 2.928562718854897700, 4.500000000000000000, -2.517251409219648300 ) ) ;
#4334 = PLANE ( 'NONE',  #2606 ) ;
#4335 = MECHANICAL_DESIGN_GEOMETRIC_PRESENTATION_REPRESENTATION (  '', ( #4688 ), #3891 ) ;
#4336 = FILL_AREA_STYLE ('',( #5060 ) ) ;
#4337 = FACE_OUTER_BOUND ( 'NONE', #4873, .T. ) ;
#4338 = FILL_AREA_STYLE ('',( #2163 ) ) ;
#4339 = CARTESIAN_POINT ( 'NONE',  ( 7.469234750220874000, 4.500000000000000000, -2.526891249451697500 ) ) ;
#4340 = EDGE_LOOP ( 'NONE', ( #1411, #9038, #443, #4220 ) ) ;
#4341 = STYLED_ITEM ( 'NONE', ( #5959 ), #8914 ) ;
#4342 = CARTESIAN_POINT ( 'NONE',  ( 2.329126591666316400, 4.500000000000000000, -0.9532138264777859600 ) ) ;
#4343 = CARTESIAN_POINT ( 'NONE',  ( 2.425095526932421500, 4.509999999999998900, -1.203115286063851700 ) ) ;
#4344 = EDGE_CURVE ( 'NONE', #1781, #8521, #3270, .T. ) ;
#4345 = ORIENTED_EDGE ( 'NONE', *, *, #572, .F. ) ;
#4346 = VERTEX_POINT ( 'NONE', #1576 ) ;
#4347 = ADVANCED_FACE ( 'NONE', ( #9497 ), #9422, .T. ) ;
#4348 = CARTESIAN_POINT ( 'NONE',  ( 0.6811882773299058300, 4.500000000000001800, -1.000135495735446000 ) ) ;
#4349 = LINE ( 'NONE', #8894, #8298 ) ;
#4350 = CARTESIAN_POINT ( 'NONE',  ( 5.544327508835565700, 4.509999999999999800, -2.432514537340274800 ) ) ;
#4351 = CARTESIAN_POINT ( 'NONE',  ( 4.471713499769149900, 4.509999999999999800, -2.502542730447145500 ) ) ;
#4352 = CARTESIAN_POINT ( 'NONE',  ( 2.940056791759671800, 4.509999999999999800, -2.498291253300096900 ) ) ;
#4353 = PLANE ( 'NONE',  #3667 ) ;
#4354 = EDGE_CURVE ( 'NONE', #1288, #5424, #2336, .T. ) ;
#4355 = EDGE_LOOP ( 'NONE', ( #4054, #7657, #485, #4378 ) ) ;
#4356 = CARTESIAN_POINT ( 'NONE',  ( 5.303188522872054600, 4.509999999999998000, -2.473263217025896600 ) ) ;
#4357 = CARTESIAN_POINT ( 'NONE',  ( 6.140000000000004100, -2.259999999999997100, 6.749999999999984900 ) ) ;
#4358 = ADVANCED_FACE ( 'NONE', ( #6042 ), #9491, .T. ) ;
#4359 = CARTESIAN_POINT ( 'NONE',  ( 5.650723507801373600, 4.499999999999999100, -2.290491966352345500 ) ) ;
#4360 = UNCERTAINTY_MEASURE_WITH_UNIT (LENGTH_MEASURE( 1.000000000000000100E-005 ), #7840, 'distance_accuracy_value', 'NONE');
#4361 = PLANE ( 'NONE',  #4196 ) ;
#4362 = CARTESIAN_POINT ( 'NONE',  ( 4.906049746558777800, 4.509999999999999800, -2.554729299710066600 ) ) ;
#4363 = CARTESIAN_POINT ( 'NONE',  ( 5.522401936848959600, 4.510000000000000700, -2.373640316265126500 ) ) ;
#4364 = CARTESIAN_POINT ( 'NONE',  ( 3.001347839036961200, 4.510000000000000700, -2.266649751885832000 ) ) ;
#4365 = EDGE_LOOP ( 'NONE', ( #393, #3042, #9045, #5910 ) ) ;
#4366 = VECTOR ( 'NONE', #2535, 1000.000000000000200 ) ;
#4367 = CARTESIAN_POINT ( 'NONE',  ( 2.569799469359218300, 4.500000000000001800, -1.370576857338734200 ) ) ;
#4368 = B_SPLINE_CURVE_WITH_KNOTS ( 'NONE', 3,
 ( #7655, #8453, #3897, #1612, #9173, #5, #2303, #6118, #3834, #5336, #5369 ),
 .UNSPECIFIED., .F., .F.,
 ( 4, 1, 1, 1, 1, 1, 1, 1, 4 ),
 ( 0.0000000000000000000, 0.1505885433767799600, 0.2941289230733409900, 0.4300452503608139200, 0.5580969168575938800, 0.6786951376828387300, 0.7927822232048091800, 0.8994909854023783700, 1.000000000000000000 ),
 .UNSPECIFIED. ) ;
#4369 =( NAMED_UNIT ( * ) SI_UNIT ( $, .STERADIAN. ) SOLID_ANGLE_UNIT ( ) );
#4370 = COLOUR_RGB ( '',0.2509803921568627400, 0.2509803921568627400, 0.2509803921568627400 ) ;
#4371 = CARTESIAN_POINT ( 'NONE',  ( 2.940056791759671800, 4.509999999999999800, -2.498291253300096900 ) ) ;
#4372 = CARTESIAN_POINT ( 'NONE',  ( 1.660253034319195900, 4.509999999999999800, -1.373590616209322800 ) ) ;
#4373 = CARTESIAN_POINT ( 'NONE',  ( 2.238227588017368800, 4.509999999999999800, -1.109844501748360500 ) ) ;
#4374 = EDGE_CURVE ( 'NONE', #3041, #505, #5428, .T. ) ;
#4375 = LINE ( 'NONE', #809, #2700 ) ;
#4376 =( NAMED_UNIT ( * ) SI_UNIT ( $, .STERADIAN. ) SOLID_ANGLE_UNIT ( ) );
#4377 = ORIENTED_EDGE ( 'NONE', *, *, #572, .T. ) ;
#4378 = ORIENTED_EDGE ( 'NONE', *, *, #7830, .T. ) ;
#4379 = STYLED_ITEM ( 'NONE', ( #7422 ), #7041 ) ;
#4380 =( NAMED_UNIT ( * ) PLANE_ANGLE_UNIT ( ) SI_UNIT ( $, .RADIAN. ) );
#4381 = B_SPLINE_CURVE_WITH_KNOTS ( 'NONE', 3,
 ( #8098, #389, #8136, #5733, #9600, #5029, #1999, #1170, #5800, #6514, #1237 ),
 .UNSPECIFIED., .F., .F.,
 ( 4, 1, 1, 1, 1, 1, 1, 1, 4 ),
 ( 0.0000000000000000000, 0.1360833275515710700, 0.2658684718539822700, 0.3908202315191757800, 0.5123393213102001000, 0.6328010629825312500, 0.7531181277868023200, 0.8749153256703050600, 1.000000000000000000 ),
 .UNSPECIFIED. ) ;
#4382 = FACE_OUTER_BOUND ( 'NONE', #9673, .T. ) ;
#4383 = EDGE_LOOP ( 'NONE', ( #172, #855, #2115, #2706 ) ) ;
#4384 = VERTEX_POINT ( 'NONE', #6315 ) ;
#4385 = CARTESIAN_POINT ( 'NONE',  ( 2.968482767140934600, 4.510000000000000700, -2.446552390498969200 ) ) ;
#4386 = STYLED_ITEM ( 'NONE', ( #7720 ), #4024 ) ;
#4387 = EDGE_CURVE ( 'NONE', #4624, #6889, #3796, .T. ) ;
#4388 = SURFACE_STYLE_USAGE ( .BOTH. , #8925 ) ;
#4389 = EDGE_LOOP ( 'NONE', ( #8047, #3963, #4887, #3564, #8434, #6612, #185, #4113 ) ) ;
#4390 = CARTESIAN_POINT ( 'NONE',  ( 6.018320689635238800, 4.500000000000000900, -0.9186940498218998400 ) ) ;
#4391 = CARTESIAN_POINT ( 'NONE',  ( 2.906375223651199500, 4.500000000000000000, -2.553851000331666100 ) ) ;
#4392 = CARTESIAN_POINT ( 'NONE',  ( 5.020955984933034500, 4.509999999999999800, -2.138549461075394100 ) ) ;
#4393 = CARTESIAN_POINT ( 'NONE',  ( 4.878607218389062100, 4.500000000000000000, -2.553347343801442900 ) ) ;
#4394 = COLOUR_RGB ( '',0.09803921568627450800, 0.09803921568627450800, 0.09803921568627450800 ) ;
#4395 = ORIENTED_EDGE ( 'NONE', *, *, #3400, .F. ) ;
#4396 = ADVANCED_FACE ( 'NONE', ( #6892 ), #7770, .T. ) ;
#4397 = ORIENTED_EDGE ( 'NONE', *, *, #3767, .F. ) ;
#4398 =( LENGTH_UNIT ( ) NAMED_UNIT ( * ) SI_UNIT ( .MILLI., .METRE. ) );
#4399 = LINE ( 'NONE', #5921, #5947 ) ;
#4400 = AXIS2_PLACEMENT_3D ( 'NONE', #2022, #8156, #5886 ) ;
#4401 = STYLED_ITEM ( 'NONE', ( #500 ), #1253 ) ;
#4402 = CARTESIAN_POINT ( 'NONE',  ( 6.844660362302430000, 4.510000000000000700, -0.9332369150506474300 ) ) ;
#4403 = VECTOR ( 'NONE', #6427, 1000.000000000000000 ) ;
#4404 = FILL_AREA_STYLE ('',( #8168 ) ) ;
#4405 = FACE_OUTER_BOUND ( 'NONE', #8353, .T. ) ;
#4406 = ORIENTED_EDGE ( 'NONE', *, *, #773, .T. ) ;
#4407 = FILL_AREA_STYLE_COLOUR ( '', #8268 ) ;
#4408 = CARTESIAN_POINT ( 'NONE',  ( 2.238227588017368800, 4.500000000000000900, -1.109844501748360500 ) ) ;
#4409 = ORIENTED_EDGE ( 'NONE', *, *, #4076, .F. ) ;
#4410 = CARTESIAN_POINT ( 'NONE',  ( 2.600940628240816300, 4.509999999999999800, -2.546359093504663800 ) ) ;
#4411 = CARTESIAN_POINT ( 'NONE',  ( 4.080182614901152900, 4.500000000000002700, -0.9223453044267371200 ) ) ;
#4412 = PRESENTATION_STYLE_ASSIGNMENT (( #9273 ) ) ;
#4413 = EDGE_CURVE ( 'NONE', #8346, #5294, #2577, .T. ) ;
#4414 = VECTOR ( 'NONE', #9369, 1000.000000000000000 ) ;
#4415 = CARTESIAN_POINT ( 'NONE',  ( 6.805615138754688200, 4.509999999999999800, -2.154164726032777200 ) ) ;
#4416 =( NAMED_UNIT ( * ) SI_UNIT ( $, .STERADIAN. ) SOLID_ANGLE_UNIT ( ) );
#4417 = AXIS2_PLACEMENT_3D ( 'NONE', #2547, #5479, #2435 ) ;
#4418 = UNCERTAINTY_MEASURE_WITH_UNIT (LENGTH_MEASURE( 1.000000000000000100E-005 ), #6359, 'distance_accuracy_value', 'NONE');
#4419 = CARTESIAN_POINT ( 'NONE',  ( 0.6811744711754660300, 4.500000000000001800, -1.010217200702961900 ) ) ;
#4420 = SURFACE_STYLE_USAGE ( .BOTH. , #2180 ) ;
#4421 = COLOUR_RGB ( '',0.8470588235294117500, 0.8470588235294117500, 0.8470588235294117500 ) ;
#4422 = SURFACE_STYLE_USAGE ( .BOTH. , #8856 ) ;
#4423 = ORIENTED_EDGE ( 'NONE', *, *, #539, .F. ) ;
#4424 = CARTESIAN_POINT ( 'NONE',  ( 1.826674513549134200, 4.509999999999998900, -1.022090510178135700 ) ) ;
#4425 = FILL_AREA_STYLE_COLOUR ( '', #9529 ) ;
#4426 = DIRECTION ( 'NONE',  ( -0.9659480515032450300, 0.0000000000000000000, -0.2587360852240837000 ) ) ;
#4427 = PRESENTATION_STYLE_ASSIGNMENT (( #8113 ) ) ;
#4428 = SURFACE_STYLE_USAGE ( .BOTH. , #7498 ) ;
#4429 = LINE ( 'NONE', #3895, #2389 ) ;
#4430 = ORIENTED_EDGE ( 'NONE', *, *, #6274, .T. ) ;
#4431 = SURFACE_STYLE_USAGE ( .BOTH. , #3728 ) ;
#4432 = CARTESIAN_POINT ( 'NONE',  ( 1.668068974677331400, 4.509999999999999800, -1.449031366756792900 ) ) ;
#4433 = CARTESIAN_POINT ( 'NONE',  ( 7.288043588670111800, 4.500000000000000000, -1.420942306409518100 ) ) ;
#4434 = SURFACE_STYLE_FILL_AREA ( #1628 ) ;
#4435 = MECHANICAL_DESIGN_GEOMETRIC_PRESENTATION_REPRESENTATION (  '', ( #4379 ), #3758 ) ;
#4436 = CARTESIAN_POINT ( 'NONE',  ( 5.538037405380701500, 4.510000000000000700, -2.423362262216188300 ) ) ;
#4437 = SURFACE_STYLE_FILL_AREA ( #115 ) ;
#4438 = ORIENTED_EDGE ( 'NONE', *, *, #2765, .F. ) ;
#4439 = CARTESIAN_POINT ( 'NONE',  ( 7.479244435280844700, 4.500000000000001800, -2.486933688462568800 ) ) ;
#4440 = STYLED_ITEM ( 'NONE', ( #8901 ), #3424 ) ;
#4441 = ADVANCED_FACE ( 'NONE', ( #9246 ), #6035, .T. ) ;
#4442 = EDGE_CURVE ( 'NONE', #6318, #6149, #3139, .T. ) ;
#4443 = CARTESIAN_POINT ( 'NONE',  ( 3.083527346295568300, 4.509999999999998900, -1.540904330792368400 ) ) ;
#4444 = CARTESIAN_POINT ( 'NONE',  ( 6.911001601687651400, 4.509999999999999800, -2.356929423947745400 ) ) ;
#4445 = CARTESIAN_POINT ( 'NONE',  ( 0.6809108189174105700, 4.500000000000000900, -1.005728241767358500 ) ) ;
#4446 = ORIENTED_EDGE ( 'NONE', *, *, #5812, .F. ) ;
#4447 = FILL_AREA_STYLE ('',( #9857 ) ) ;
#4448 = VECTOR ( 'NONE', #5491, 1000.000000000000000 ) ;
#4449 =( LENGTH_UNIT ( ) NAMED_UNIT ( * ) SI_UNIT ( .MILLI., .METRE. ) );
#4450 = CARTESIAN_POINT ( 'NONE',  ( 4.955179268973211900, 4.500000000000000900, -2.736630341376733000 ) ) ;
#4451 = STYLED_ITEM ( 'NONE', ( #5570 ), #7989 ) ;
#4452 = PRESENTATION_LAYER_ASSIGNMENT (  '', '', ( #555 ) ) ;
#4453 = CARTESIAN_POINT ( 'NONE',  ( 4.482561383928570300, 4.509999999999999800, -2.283095824542656200 ) ) ;
#4454 = DIRECTION ( 'NONE',  ( 1.000000000000000000, -0.0000000000000000000, -0.0000000000000000000 ) ) ;
#4455 = CARTESIAN_POINT ( 'NONE',  ( -1.009999999999996900, 1.500000000000000400, -1.561251128379126400E-014 ) ) ;
#4456 = EDGE_LOOP ( 'NONE', ( #2125, #4395, #2928, #4 ) ) ;
#4457 =( GEOMETRIC_REPRESENTATION_CONTEXT ( 3 ) GLOBAL_UNCERTAINTY_ASSIGNED_CONTEXT ( ( #9863 ) ) GLOBAL_UNIT_ASSIGNED_CONTEXT ( ( #521, #4947, #382 ) ) REPRESENTATION_CONTEXT ( 'NONE', 'WORKASPACE' ) );
#4458 = ORIENTED_EDGE ( 'NONE', *, *, #4791, .T. ) ;
#4459 = B_SPLINE_SURFACE_WITH_KNOTS ( 'NONE', 3, 1, ( 
 ( #834, #6931 ),
 ( #4621, #5502 ),
 ( #2425, #9298 ),
 ( #3208, #1638 ),
 ( #6279, #60 ),
 ( #3959, #6997 ),
 ( #3172, #95 ) ),
 .UNSPECIFIED., .F., .F., .F.,
 ( 4, 1, 1, 1, 4 ),
 ( 2, 2 ),
 ( 0.0000000000000000000, 0.2424073438386442600, 0.4854388801437224400, 0.7355303737409665300, 1.000000000000000000 ),
 ( 0.0000000000000000000, 1.000000000000000000 ),
 .UNSPECIFIED. ) ;
#4460 = CARTESIAN_POINT ( 'NONE',  ( 2.733257287343320300, 4.510000000000000700, -2.704088957647500900 ) ) ;
#4461 = COLOUR_RGB ( '',1.000000000000000000, 1.000000000000000000, 1.000000000000000000 ) ;
#4462 = CARTESIAN_POINT ( 'NONE',  ( 7.125692834874560500, 4.499999999999999100, -1.136801199773875600 ) ) ;
#4463 = CARTESIAN_POINT ( 'NONE',  ( 7.483658129123965000, 4.500000000000001800, -2.078008495689835000 ) ) ;
#4464 = VERTEX_POINT ( 'NONE', #8674 ) ;
#4465 =( GEOMETRIC_REPRESENTATION_CONTEXT ( 3 ) GLOBAL_UNCERTAINTY_ASSIGNED_CONTEXT ( ( #7523 ) ) GLOBAL_UNIT_ASSIGNED_CONTEXT ( ( #5075, #2017, #3503 ) ) REPRESENTATION_CONTEXT ( 'NONE', 'WORKASPACE' ) );
#4466 = VERTEX_POINT ( 'NONE', #7906 ) ;
#4467 = CARTESIAN_POINT ( 'NONE',  ( 0.7100000000000031800, 2.490000000000000200, 5.799999999999983800 ) ) ;
#4468 = CARTESIAN_POINT ( 'NONE',  ( 5.312788819685980700, 4.500000000000001800, -2.330309223782979400 ) ) ;
#4469 = EDGE_CURVE ( 'NONE', #6715, #9637, #6406, .T. ) ;
#4470 = LINE ( 'NONE', #8599, #1255 ) ;
#4471 = PRESENTATION_LAYER_ASSIGNMENT (  '', '', ( #6144 ) ) ;
#4472 = CARTESIAN_POINT ( 'NONE',  ( 6.741635729450075100, 4.509999999999998900, -2.429656867502530300 ) ) ;
#4473 = COLOUR_RGB ( '',1.000000000000000000, 1.000000000000000000, 1.000000000000000000 ) ;
#4474 = COLOUR_RGB ( '',0.8980392156862745400, 0.8980392156862745400, 0.8980392156862745400 ) ;
#4475 = B_SPLINE_SURFACE_WITH_KNOTS ( 'NONE', 3, 1, ( 
 ( #7642, #3012 ),
 ( #3045, #5421 ),
 ( #5357, #5455 ),
 ( #7700, #859 ),
 ( #3954, #3202 ),
 ( #5494, #6989 ),
 ( #7728, #3854 ),
 ( #3918, #7669 ),
 ( #2420, #7796 ),
 ( #7763, #1598 ),
 ( #6175, #6215 ) ),
 .UNSPECIFIED., .F., .F., .F.,
 ( 4, 1, 1, 1, 1, 1, 1, 1, 4 ),
 ( 2, 2 ),
 ( 0.0000000000000000000, 0.1505885433767799600, 0.2941289230733409900, 0.4300452503608139200, 0.5580969168575938800, 0.6786951376828387300, 0.7927822232048091800, 0.8994909854023783700, 1.000000000000000000 ),
 ( 0.0000000000000000000, 1.000000000000000000 ),
 .UNSPECIFIED. ) ;
#4476 = COLOUR_RGB ( '',0.2509803921568627400, 0.2509803921568627400, 0.2509803921568627400 ) ;
#4477 = CARTESIAN_POINT ( 'NONE',  ( 5.264573451450891300, 4.500000000000000900, -2.560413707262149800 ) ) ;
#4478 = VERTEX_POINT ( 'NONE', #1076 ) ;
#4479 = CARTESIAN_POINT ( 'NONE',  ( 6.992953778051470300, 4.500000000000000900, -1.005982915782471100 ) ) ;
#4480 = COLOUR_RGB ( '',1.000000000000000000, 1.000000000000000000, 1.000000000000000000 ) ;
#4481 = UNCERTAINTY_MEASURE_WITH_UNIT (LENGTH_MEASURE( 1.000000000000000100E-005 ), #1500, 'distance_accuracy_value', 'NONE');
#4482 = DIRECTION ( 'NONE',  ( 1.000000000000000000, 0.0000000000000000000, -0.0000000000000000000 ) ) ;
#4483 = EDGE_CURVE ( 'NONE', #2860, #3833, #9618, .T. ) ;
#4484 = CARTESIAN_POINT ( 'NONE',  ( 2.235286077546879500, 4.509999999999999800, -2.452624973298953600 ) ) ;
#4485 = LINE ( 'NONE', #7711, #6530 ) ;
#4486 = ORIENTED_EDGE ( 'NONE', *, *, #345, .T. ) ;
#4487 =( NAMED_UNIT ( * ) SI_UNIT ( $, .STERADIAN. ) SOLID_ANGLE_UNIT ( ) );
#4488 = VECTOR ( 'NONE', #5092, 1000.000000000000000 ) ;
#4489 = B_SPLINE_SURFACE_WITH_KNOTS ( 'NONE', 3, 1, ( 
 ( #8729, #7257 ),
 ( #1131, #8831 ),
 ( #8128, #5057 ),
 ( #4984, #5727 ),
 ( #489, #4920 ),
 ( #2733, #1269 ),
 ( #9562, #7287 ),
 ( #1233, #6615 ),
 ( #6581, #6506 ),
 ( #1991, #417 ),
 ( #5761, #7993 ) ),
 .UNSPECIFIED., .F., .F., .F.,
 ( 4, 1, 1, 1, 1, 1, 1, 1, 4 ),
 ( 2, 2 ),
 ( 0.0000000000000000000, 0.1248154729750253900, 0.2463760982100626800, 0.3730516168699031800, 0.5066592497815123300, 0.6377103175682895500, 0.7621235914106475600, 0.8809388892513659900, 1.000000000000000000 ),
 ( 0.0000000000000000000, 1.000000000000000000 ),
 .UNSPECIFIED. ) ;
#4490 = LINE ( 'NONE', #975, #5562 ) ;
#4491 = CARTESIAN_POINT ( 'NONE',  ( 3.250000000000003100, 2.990000000000000200, 1.999999999999984500 ) ) ;
#4492 = AXIS2_PLACEMENT_3D ( 'NONE', #5400, #7651, #6896 ) ;
#4493 = ORIENTED_EDGE ( 'NONE', *, *, #8172, .T. ) ;
#4494 = ORIENTED_EDGE ( 'NONE', *, *, #8582, .T. ) ;
#4495 = FILL_AREA_STYLE_COLOUR ( '', #3010 ) ;
#4496 = CARTESIAN_POINT ( 'NONE',  ( 7.261036749208714400, 4.500000000000000000, -1.361739353471121100 ) ) ;
#4497 = CARTESIAN_POINT ( 'NONE',  ( 7.496921502976190000, 4.510000000000000700, -2.294464639646823100 ) ) ;
#4498 = CARTESIAN_POINT ( 'NONE',  ( 5.222717329497317700, 4.509999999999999800, -2.100932883778873900 ) ) ;
#4499 = CARTESIAN_POINT ( 'NONE',  ( 5.272110812670158400, 4.500000000000000900, -2.546374660400778600 ) ) ;
#4500 = EDGE_CURVE ( 'NONE', #1089, #8656, #7013, .T. ) ;
#4501 = CARTESIAN_POINT ( 'NONE',  ( 6.741635729450075100, 4.500000000000000000, -2.429656867502530300 ) ) ;
#4502 = ORIENTED_EDGE ( 'NONE', *, *, #6051, .T. ) ;
#4503 = CARTESIAN_POINT ( 'NONE',  ( 7.456928479739600500, 4.509999999999999800, -2.563452876185937900 ) ) ;
#4504 = VECTOR ( 'NONE', #9664, 1000.000000000000000 ) ;
#4505 =( LENGTH_UNIT ( ) NAMED_UNIT ( * ) SI_UNIT ( .MILLI., .METRE. ) );
#4506 = B_SPLINE_SURFACE_WITH_KNOTS ( 'NONE', 3, 1, ( 
 ( #6643, #7428 ),
 ( #8966, #2835 ),
 ( #4424, #1267 ),
 ( #2092, #7464 ),
 ( #9728, #5181 ),
 ( #623, #1990 ),
 ( #7354, #7808 ),
 ( #3418, #9501 ),
 ( #9820, #6686 ),
 ( #2187, #9030 ),
 ( #8997, #5154 ) ),
 .UNSPECIFIED., .F., .F., .F.,
 ( 4, 1, 1, 1, 1, 1, 1, 1, 4 ),
 ( 2, 2 ),
 ( 0.0000000000000000000, 0.1253434740732163300, 0.2504062021334362800, 0.3768539347714575100, 0.5055492802377468100, 0.6331412470134534200, 0.7573770054876959300, 0.8788643074405833000, 1.000000000000000000 ),
 ( 0.0000000000000000000, 1.000000000000000000 ),
 .UNSPECIFIED. ) ;
#4507 = EDGE_LOOP ( 'NONE', ( #2600, #5938, #9852, #7509 ) ) ;
#4508 = SURFACE_SIDE_STYLE ('',( #7021 ) ) ;
#4509 = DIRECTION ( 'NONE',  ( -0.7406277770440007300, 0.0000000000000000000, -0.6719155422155839200 ) ) ;
#4510 = FACE_OUTER_BOUND ( 'NONE', #276, .T. ) ;
#4511 = FILL_AREA_STYLE_COLOUR ( '', #1167 ) ;
#4512 = PRESENTATION_LAYER_ASSIGNMENT (  '', '', ( #6770 ) ) ;
#4513 = EDGE_CURVE ( 'NONE', #5111, #1231, #7626, .T. ) ;
#4514 = VECTOR ( 'NONE', #3953, 1000.000000000000000 ) ;
#4515 = DIRECTION ( 'NONE',  ( 0.0000000000000000000, -0.0000000000000000000, 1.000000000000000000 ) ) ;
#4516 = ORIENTED_EDGE ( 'NONE', *, *, #310, .F. ) ;
#4518 = ORIENTED_EDGE ( 'NONE', *, *, #933, .F. ) ;
#4517 = CARTESIAN_POINT ( 'NONE',  ( 2.421146576958719300, 4.509999999999998900, -2.544354378052030400 ) ) ;
#4519 = VECTOR ( 'NONE', #9383, 1000.000000000000000 ) ;
#4520 = B_SPLINE_SURFACE_WITH_KNOTS ( 'NONE', 3, 1, ( 
 ( #9245, #9388 ),
 ( #113, #2515 ),
 ( #6980, #3261 ),
 ( #5551, #7819 ),
 ( #7891, #8622 ),
 ( #5444, #884 ),
 ( #2376, #1655 ),
 ( #9281, #7121 ),
 ( #3942, #3193 ),
 ( #2409, #4064 ),
 ( #1620, #3972 ) ),
 .UNSPECIFIED., .F., .F., .F.,
 ( 4, 1, 1, 1, 1, 1, 1, 1, 4 ),
 ( 2, 2 ),
 ( 0.0000000000000000000, 0.1438452084224813300, 0.2744633483863630500, 0.3894294444927137700, 0.5015746808976548900, 0.6098445063685589100, 0.7259657379454791400, 0.8559693386118457600, 1.000000000000000000 ),
 ( 0.0000000000000000000, 1.000000000000000000 ),
 .UNSPECIFIED. ) ;
#4521 = DIRECTION ( 'NONE',  ( 1.000000000000000000, 0.0000000000000000000, -0.0000000000000000000 ) ) ;
#4522 =( GEOMETRIC_REPRESENTATION_CONTEXT ( 3 ) GLOBAL_UNCERTAINTY_ASSIGNED_CONTEXT ( ( #5711 ) ) GLOBAL_UNIT_ASSIGNED_CONTEXT ( ( #4555, #5285, #6104 ) ) REPRESENTATION_CONTEXT ( 'NONE', 'WORKASPACE' ) );
#4523 = SURFACE_STYLE_FILL_AREA ( #4182 ) ;
#4524 = CARTESIAN_POINT ( 'NONE',  ( 6.417512328857923400, 4.500000000000002700, -2.518405064466795000 ) ) ;
#4525 = AXIS2_PLACEMENT_3D ( 'NONE', #5239, #2249, #3676 ) ;
#4526 = CARTESIAN_POINT ( 'NONE',  ( 7.094356497515223100, 4.500000000000003600, -1.098375856260236100 ) ) ;
#4527 = SURFACE_STYLE_FILL_AREA ( #8302 ) ;
#4528 =( NAMED_UNIT ( * ) SI_UNIT ( $, .STERADIAN. ) SOLID_ANGLE_UNIT ( ) );
#4529 = CARTESIAN_POINT ( 'NONE',  ( 5.523141216656307000, 4.500000000000000900, -2.356176445992655700 ) ) ;
#4530 = VECTOR ( 'NONE', #6332, 1000.000000000000000 ) ;
#4531 = UNCERTAINTY_MEASURE_WITH_UNIT (LENGTH_MEASURE( 1.000000000000000100E-005 ), #870, 'distance_accuracy_value', 'NONE');
#4532 = CARTESIAN_POINT ( 'NONE',  ( 2.795395540845475100, 4.500000000000000900, -2.389232321399279400 ) ) ;
#4533 = CARTESIAN_POINT ( 'NONE',  ( 7.496667453254678600, 4.500000000000000900, -2.312334736949660700 ) ) ;
#4534 = SURFACE_STYLE_FILL_AREA ( #122 ) ;
#4535 = CARTESIAN_POINT ( 'NONE',  ( 4.406631173858847300, 4.510000000000000700, -2.323851074555162800 ) ) ;
#4536 = CARTESIAN_POINT ( 'NONE',  ( 2.166846216603341500, 4.500000000000000000, -2.387305477473979000 ) ) ;
#4537 = PRESENTATION_STYLE_ASSIGNMENT (( #6598 ) ) ;
#4538 = EDGE_CURVE ( 'NONE', #2282, #6232, #1621, .T. ) ;
#4539 = CARTESIAN_POINT ( 'NONE',  ( 3.025426750449514500, 4.509999999999999800, -1.394877627909635100 ) ) ;
#4540 = ORIENTED_EDGE ( 'NONE', *, *, #830, .T. ) ;
#4541 = FILL_AREA_STYLE ('',( #8413 ) ) ;
#4542 = CARTESIAN_POINT ( 'NONE',  ( 4.029413241663991800, 4.509999999999998900, -0.9880149556987065700 ) ) ;
#4543 = PLANE ( 'NONE',  #5684 ) ;
#4544 = UNCERTAINTY_MEASURE_WITH_UNIT (LENGTH_MEASURE( 1.000000000000000100E-005 ), #8653, 'distance_accuracy_value', 'NONE');
#4545 = ORIENTED_EDGE ( 'NONE', *, *, #508, .F. ) ;
#4546 = CARTESIAN_POINT ( 'NONE',  ( 5.790000000000003600, 2.990000000000000200, 5.799999999999983800 ) ) ;
#4547 =( NAMED_UNIT ( * ) SI_UNIT ( $, .STERADIAN. ) SOLID_ANGLE_UNIT ( ) );
#4548 = CARTESIAN_POINT ( 'NONE',  ( 6.687705485026040900, 4.509999999999999800, -1.827125133043400000 ) ) ;
#4549 = EDGE_CURVE ( 'NONE', #6602, #9680, #9811, .T. ) ;
#4550 = CARTESIAN_POINT ( 'NONE',  ( 6.181370325574492100, 4.509999999999998000, -2.726937923305110500 ) ) ;
#4551 = CARTESIAN_POINT ( 'NONE',  ( 3.001773216610862200, 4.500000000000000900, -2.281877737210066900 ) ) ;
#4552 = ORIENTED_EDGE ( 'NONE', *, *, #2492, .T. ) ;
#4553 = SURFACE_SIDE_STYLE ('',( #5114 ) ) ;
#4554 = MECHANICAL_DESIGN_GEOMETRIC_PRESENTATION_REPRESENTATION (  '', ( #2013 ), #4248 ) ;
#4555 =( LENGTH_UNIT ( ) NAMED_UNIT ( * ) SI_UNIT ( .MILLI., .METRE. ) );
#4556 = CARTESIAN_POINT ( 'NONE',  ( 5.522650524279219700, 4.500000000000001800, -2.367767981338249100 ) ) ;
#4557 = FACE_OUTER_BOUND ( 'NONE', #1957, .T. ) ;
#4558 = CARTESIAN_POINT ( 'NONE',  ( 4.029380930309680600, 4.500000000000000900, -1.014414131091090600 ) ) ;
#4559 = PRESENTATION_LAYER_ASSIGNMENT (  '', '', ( #2724 ) ) ;
#4560 = ORIENTED_EDGE ( 'NONE', *, *, #7515, .F. ) ;
#4561 = CARTESIAN_POINT ( 'NONE',  ( 6.432252031425963200, 4.500000000000002700, -1.306145360566012000 ) ) ;
#4562 = EDGE_CURVE ( 'NONE', #1745, #815, #5948, .T. ) ;
#4563 = CARTESIAN_POINT ( 'NONE',  ( 3.013934435395391600, 4.500000000000001800, -1.429774628317754100 ) ) ;
#4564 = COLOUR_RGB ( '',1.000000000000000000, 1.000000000000000000, 1.000000000000000000 ) ;
#4565 = CARTESIAN_POINT ( 'NONE',  ( 3.001773216610862200, 4.509999999999999800, -2.281877737210066900 ) ) ;
#4566 = CARTESIAN_POINT ( 'NONE',  ( 1.278585670107886800, 4.509999999999999800, -2.554729299710066600 ) ) ;
#4567 = VECTOR ( 'NONE', #874, 1000.000000000000000 ) ;
#4568 = CARTESIAN_POINT ( 'NONE',  ( 4.029159731052386600, 4.509999999999999800, -1.001501958244233300 ) ) ;
#4569 = VERTEX_POINT ( 'NONE', #4312 ) ;
#4570 = CARTESIAN_POINT ( 'NONE',  ( 9.009999999999999800, 1.500000000000000400, -1.000000000000015500 ) ) ;
#4571 = EDGE_LOOP ( 'NONE', ( #5044, #7095, #3323, #5518, #7468, #2964, #3705, #9756, #9578, #774, #4540, #3271 ) ) ;
#4572 = VECTOR ( 'NONE', #8086, 1000.000000000000000 ) ;
#4573 = CARTESIAN_POINT ( 'NONE',  ( 5.314109002976188400, 4.500000000000001800, -2.376888549152031100 ) ) ;
#4574 = CARTESIAN_POINT ( 'NONE',  ( 5.679941231863838700, 4.509999999999999800, -2.315984182522566700 ) ) ;
#4575 = CARTESIAN_POINT ( 'NONE',  ( 6.260732252002033400, 4.510000000000001600, -2.414232400811928200 ) ) ;
#4576 = MECHANICAL_DESIGN_GEOMETRIC_PRESENTATION_REPRESENTATION (  '', ( #114 ), #9322 ) ;
#4577 = VECTOR ( 'NONE', #6217, 1000.000000000000000 ) ;
#4578 = CARTESIAN_POINT ( 'NONE',  ( 6.816861544370715900, 4.500000000000001800, -1.105646639397869900 ) ) ;
#4579 = EDGE_LOOP ( 'NONE', ( #1066, #8084, #4613, #3969 ) ) ;
#4580 = UNCERTAINTY_MEASURE_WITH_UNIT (LENGTH_MEASURE( 1.000000000000000100E-005 ), #6348, 'distance_accuracy_value', 'NONE');
#4581 = CARTESIAN_POINT ( 'NONE',  ( 6.444494047619048000, 4.500000000000000900, -2.376888549152031100 ) ) ;
#4582 = CARTESIAN_POINT ( 'NONE',  ( 6.134444948831757400, 4.510000000000000700, -2.734953802264013400 ) ) ;
#4583 =( GEOMETRIC_REPRESENTATION_CONTEXT ( 3 ) GLOBAL_UNCERTAINTY_ASSIGNED_CONTEXT ( ( #6019 ) ) GLOBAL_UNIT_ASSIGNED_CONTEXT ( ( #3805, #2335, #7586 ) ) REPRESENTATION_CONTEXT ( 'NONE', 'WORKASPACE' ) );
#4584 = CARTESIAN_POINT ( 'NONE',  ( 1.878752068428788600, 4.510000000000000700, -1.240568788840435500 ) ) ;
#4585 = CARTESIAN_POINT ( 'NONE',  ( 5.313420327162423200, 4.500000000000001800, -2.393300428662839900 ) ) ;
#4586 = EDGE_CURVE ( 'NONE', #8388, #4478, #58, .T. ) ;
#4587 = EDGE_LOOP ( 'NONE', ( #5840, #6983, #8820, #9597 ) ) ;
#4588 = AXIS2_PLACEMENT_3D ( 'NONE', #7108, #7839, #7876 ) ;
#4589 = CARTESIAN_POINT ( 'NONE',  ( 2.814187767392112500, 4.509999999999999800, -2.279035533434024900 ) ) ;
#4590 = SURFACE_STYLE_USAGE ( .BOTH. , #6959 ) ;
#4591 = UNCERTAINTY_MEASURE_WITH_UNIT (LENGTH_MEASURE( 1.000000000000000100E-005 ), #2760, 'distance_accuracy_value', 'NONE');
#4592 = B_SPLINE_SURFACE_WITH_KNOTS ( 'NONE', 3, 1, ( 
 ( #3990, #6383 ),
 ( #8007, #3454 ),
 ( #2678, #7934 ),
 ( #4155, #4184 ),
 ( #264, #1108 ),
 ( #1810, #3420 ),
 ( #4928, #1934 ),
 ( #2613, #6523 ),
 ( #1081, #8775 ),
 ( #3352, #6419 ),
 ( #5641, #394 ) ),
 .UNSPECIFIED., .F., .F., .F.,
 ( 4, 1, 1, 1, 1, 1, 1, 1, 4 ),
 ( 2, 2 ),
 ( 0.0000000000000000000, 0.1122198580049697700, 0.2270545223838667800, 0.3454250782392461200, 0.4672590083171835900, 0.5933319973373585300, 0.7240966600079041800, 0.8594777282766368200, 1.000000000000000000 ),
 ( 0.0000000000000000000, 1.000000000000000000 ),
 .UNSPECIFIED. ) ;
#4593 = CIRCLE ( 'NONE', #9329, 2.000000000000000000 ) ;
#4594 = CARTESIAN_POINT ( 'NONE',  ( 3.104092552548363100, 4.500000000000001800, -1.541280638995781400 ) ) ;
#4595 = DIRECTION ( 'NONE',  ( -0.0000000000000000000, -0.0000000000000000000, -1.000000000000000000 ) ) ;
#4596 = CARTESIAN_POINT ( 'NONE',  ( 3.600000000000003600, 2.990000000000000200, 5.999999999999976900 ) ) ;
#4597 = VERTEX_POINT ( 'NONE', #8837 ) ;
#4598 = CARTESIAN_POINT ( 'NONE',  ( 4.549556187220980900, 4.500000000000000900, -2.315984182522566700 ) ) ;
#4599 =( LENGTH_UNIT ( ) NAMED_UNIT ( * ) SI_UNIT ( .MILLI., .METRE. ) );
#4600 = VECTOR ( 'NONE', #4868, 1000.000000000000000 ) ;
#4601 = ORIENTED_EDGE ( 'NONE', *, *, #7850, .F. ) ;
#4602 = CARTESIAN_POINT ( 'NONE',  ( 2.544940948114683600, 4.500000000000000000, -2.735885049807424100 ) ) ;
#4603 = ORIENTED_EDGE ( 'NONE', *, *, #4971, .F. ) ;
#4604 = CARTESIAN_POINT ( 'NONE',  ( 6.687705485026040900, 4.509999999999999800, -1.827125133043400000 ) ) ;
#4605 = DIRECTION ( 'NONE',  ( -0.0000000000000000000, -1.000000000000000000, -0.0000000000000000000 ) ) ;
#4606 = VECTOR ( 'NONE', #2967, 1000.000000000000000 ) ;
#4607 = UNCERTAINTY_MEASURE_WITH_UNIT (LENGTH_MEASURE( 1.000000000000000100E-005 ), #4128, 'distance_accuracy_value', 'NONE');
#4608 = CARTESIAN_POINT ( 'NONE',  ( 7.045270938289092100, 4.509999999999998900, -2.514009616099471600 ) ) ;
#4609 = STYLED_ITEM ( 'NONE', ( #1570 ), #6271 ) ;
#4610 = PRESENTATION_STYLE_ASSIGNMENT (( #7153 ) ) ;
#4611 = CARTESIAN_POINT ( 'NONE',  ( 6.181370325574492100, 4.509999999999998000, -2.726937923305110500 ) ) ;
#4612 = CARTESIAN_POINT ( 'NONE',  ( 7.140463307198511500, 4.500000000000001800, -1.544729814492051400 ) ) ;
#4613 = ORIENTED_EDGE ( 'NONE', *, *, #1801, .F. ) ;
#4614 = CARTESIAN_POINT ( 'NONE',  ( 2.592279364538936400, 4.509999999999999800, -1.416090353273881100 ) ) ;
#4615 = CARTESIAN_POINT ( 'NONE',  ( 1.846620396205356500, 4.509999999999999800, -1.375214732652775300 ) ) ;
#4616 = EDGE_CURVE ( 'NONE', #4466, #5294, #6268, .T. ) ;
#4617 = ORIENTED_EDGE ( 'NONE', *, *, #8765, .F. ) ;
#4618 = PRESENTATION_STYLE_ASSIGNMENT (( #9903 ) ) ;
#4619 = CARTESIAN_POINT ( 'NONE',  ( 2.813910444751606600, 4.509999999999999800, -2.292204148927301500 ) ) ;
#4620 = CARTESIAN_POINT ( 'NONE',  ( 4.392265479636359200, 4.509999999999999800, -2.367767981338248200 ) ) ;
#4621 = CARTESIAN_POINT ( 'NONE',  ( 2.068099228592611600, 4.509999999999999800, -0.9185061111007342100 ) ) ;
#4622 = VECTOR ( 'NONE', #9813, 1000.000000000000000 ) ;
#4623 = CARTESIAN_POINT ( 'NONE',  ( 4.530518339621141700, 4.500000000000000900, -2.564085325910711700 ) ) ;
#4624 = VERTEX_POINT ( 'NONE', #6588 ) ;
#4625 = CARTESIAN_POINT ( 'NONE',  ( 5.159544775695245300, 4.500000000000000000, -1.001501958244233300 ) ) ;
#4626 = CARTESIAN_POINT ( 'NONE',  ( 1.060000000000003600, 2.490000000000000200, 5.799999999999983800 ) ) ;
#4627 = EDGE_LOOP ( 'NONE', ( #315, #2667, #5899, #5703 ) ) ;
#4628 = MECHANICAL_DESIGN_GEOMETRIC_PRESENTATION_REPRESENTATION (  '', ( #7482 ), #3704 ) ;
#4629 = CARTESIAN_POINT ( 'NONE',  ( 5.159411911737351800, 4.509999999999999800, -1.008570445543400100 ) ) ;
#4630 = SURFACE_STYLE_FILL_AREA ( #9729 ) ;
#4631 = CARTESIAN_POINT ( 'NONE',  ( 2.928562718854897700, 4.509999999999998900, -2.517251409219648300 ) ) ;
#4632 =( GEOMETRIC_REPRESENTATION_CONTEXT ( 3 ) GLOBAL_UNCERTAINTY_ASSIGNED_CONTEXT ( ( #3078 ) ) GLOBAL_UNIT_ASSIGNED_CONTEXT ( ( #2011, #6665, #6629 ) ) REPRESENTATION_CONTEXT ( 'NONE', 'WORKASPACE' ) );
#4633 = DIRECTION ( 'NONE',  ( 0.0000000000000000000, 0.0000000000000000000, 1.000000000000000000 ) ) ;
#4634 = PRESENTATION_STYLE_ASSIGNMENT (( #3098 ) ) ;
#4635 = CARTESIAN_POINT ( 'NONE',  ( 0.6546258531004134400, 4.500000000000002700, -2.606462916124225900 ) ) ;
#4636 =( NAMED_UNIT ( * ) SI_UNIT ( $, .STERADIAN. ) SOLID_ANGLE_UNIT ( ) );
#4637 = CARTESIAN_POINT ( 'NONE',  ( -1.000000000000000700, 0.0000000000000000000, -12.00000000000000000 ) ) ;
#4638 =( NAMED_UNIT ( * ) PLANE_ANGLE_UNIT ( ) SI_UNIT ( $, .RADIAN. ) );
#4639 = ORIENTED_EDGE ( 'NONE', *, *, #1317, .F. ) ;
#4640 = VECTOR ( 'NONE', #2808, 1000.000000000000000 ) ;
#4641 = CARTESIAN_POINT ( 'NONE',  ( 5.159798286306853200, 4.509999999999999800, -0.9880149556987065700 ) ) ;
#4642 = STYLED_ITEM ( 'NONE', ( #3302 ), #9804 ) ;
#4643 = ORIENTED_EDGE ( 'NONE', *, *, #5423, .T. ) ;
#4644 = CARTESIAN_POINT ( 'NONE',  ( 6.443173864328841200, 4.500000000000000900, -2.330309223782979400 ) ) ;
#4645 = MECHANICAL_DESIGN_GEOMETRIC_PRESENTATION_REPRESENTATION (  '', ( #3132 ), #5165 ) ;
#4646 = B_SPLINE_CURVE_WITH_KNOTS ( 'NONE', 3,
 ( #727, #2293, #5387, #6139, #8472, #3164, #1630, #121, #1597, #5454, #2317 ),
 .UNSPECIFIED., .F., .F.,
 ( 4, 1, 1, 1, 1, 1, 1, 1, 4 ),
 ( 0.0000000000000000000, 0.1222901245750763600, 0.2422663009996972300, 0.3605965623801642400, 0.4807243483635030300, 0.6033117811621422400, 0.7298445207452363100, 0.8616749098214445700, 1.000000000000000000 ),
 .UNSPECIFIED. ) ;
#4647 = CARTESIAN_POINT ( 'NONE',  ( 0.7100000000000031800, 2.490000000000000200, 5.799999999999983800 ) ) ;
#4648 = VECTOR ( 'NONE', #987, 1000.000000000000000 ) ;
#4649 = CARTESIAN_POINT ( 'NONE',  ( 1.060000000000003600, 2.990000000000000200, 5.999999999999976900 ) ) ;
#4650 = CARTESIAN_POINT ( 'NONE',  ( 1.851415929348306300, 4.509999999999999800, -1.317435936529247600 ) ) ;
#4651 = FACE_OUTER_BOUND ( 'NONE', #4587, .T. ) ;
#4652 = CARTESIAN_POINT ( 'NONE',  ( 6.444494047619048000, 4.509999999999999800, -2.376888549152031100 ) ) ;
#4653 = EDGE_LOOP ( 'NONE', ( #2652, #9460, #8974, #8109 ) ) ;
#4654 = FILL_AREA_STYLE_COLOUR ( '', #6107 ) ;
#4655 = CARTESIAN_POINT ( 'NONE',  ( 3.999999999999999100, 0.0000000000000000000, -10.00000000000000200 ) ) ;
#4656 = SURFACE_STYLE_USAGE ( .BOTH. , #9229 ) ;
#4657 = CARTESIAN_POINT ( 'NONE',  ( 5.116505883472482800, 4.510000000000000700, -2.287051556701787700 ) ) ;
#4658 = EDGE_CURVE ( 'NONE', #2242, #7356, #1979, .T. ) ;
#4659 = CARTESIAN_POINT ( 'NONE',  ( 5.171290601360973400, 4.500000000000000000, -0.9531179552905876300 ) ) ;
#4660 =( NAMED_UNIT ( * ) SI_UNIT ( $, .STERADIAN. ) SOLID_ANGLE_UNIT ( ) );
#4661 = CARTESIAN_POINT ( 'NONE',  ( 7.133693609701246900, 4.500000000000001800, -2.553769246868733900 ) ) ;
#4662 = CARTESIAN_POINT ( 'NONE',  ( 4.599465004506847700, 4.500000000000001800, -2.376767648900806500 ) ) ;
#4663 = CARTESIAN_POINT ( 'NONE',  ( 5.182555571056547600, 4.509999999999999800, -1.070692899505453900 ) ) ;
#4664 = VERTEX_POINT ( 'NONE', #566 ) ;
#4665 = CARTESIAN_POINT ( 'NONE',  ( 3.001773216610862200, 4.509999999999999800, -2.281877737210066900 ) ) ;
#4666 = CARTESIAN_POINT ( 'NONE',  ( 6.462727554227070600, 4.500000000000000900, -1.685479915746322900 ) ) ;
#4667 = CARTESIAN_POINT ( 'NONE',  ( 0.7730794270833332100, 4.500000000000000900, -0.9176199247100669300 ) ) ;
#4668 = CARTESIAN_POINT ( 'NONE',  ( 2.573006475539434000, 4.509999999999999800, -2.736630341376733000 ) ) ;
#4669 = DIRECTION ( 'NONE',  ( 0.2587360852240837600, 0.0000000000000000000, -0.9659480515032450300 ) ) ;
#4670 = CARTESIAN_POINT ( 'NONE',  ( 9.000000000000000000, 1.000000000000000000, -12.00000000000000000 ) ) ;
#4671 = VERTEX_POINT ( 'NONE', #9641 ) ;
#4672 = EDGE_CURVE ( 'NONE', #8922, #4863, #9131, .T. ) ;
#4673 = CARTESIAN_POINT ( 'NONE',  ( 2.187454461912925000, 4.509999999999999800, -1.101142754699390400 ) ) ;
#4674 = CARTESIAN_POINT ( 'NONE',  ( 6.702256512749479500, 4.500000000000000000, -1.114376713829946700 ) ) ;
#4675 = CARTESIAN_POINT ( 'NONE',  ( 4.790952842626757600, 4.510000000000000700, -2.523427915377506500 ) ) ;
#4676 = ORIENTED_EDGE ( 'NONE', *, *, #6142, .F. ) ;
#4677 = ORIENTED_EDGE ( 'NONE', *, *, #806, .F. ) ;
#4678 = CARTESIAN_POINT ( 'NONE',  ( 6.088273653434218800, 4.510000000000000700, -1.001501958244233500 ) ) ;
#4679 = STYLED_ITEM ( 'NONE', ( #3307 ), #7433 ) ;
#4680 = CARTESIAN_POINT ( 'NONE',  ( 5.525794794994700600, 4.500000000000000900, -2.405548924280863000 ) ) ;
#4681 = CARTESIAN_POINT ( 'NONE',  ( 5.790000000000003600, 2.490000000000000200, 5.799999999999983800 ) ) ;
#4682 = CARTESIAN_POINT ( 'NONE',  ( 6.036434791201636500, 4.500000000000000000, -2.554729299710066600 ) ) ;
#4683 = VECTOR ( 'NONE', #9805, 1000.000000000000000 ) ;
#4684 = AXIS2_PLACEMENT_3D ( 'NONE', #1633, #8576, #9295 ) ;
#4685 = CARTESIAN_POINT ( 'NONE',  ( 5.151697358630950200, 4.500000000000000900, -2.011868378486108400 ) ) ;
#4686 = B_SPLINE_SURFACE_WITH_KNOTS ( 'NONE', 3, 1, ( 
 ( #3820, #2525 ),
 ( #4075, #1067 ),
 ( #1733, #5630 ),
 ( #186, #3341 ),
 ( #7062, #5525 ),
 ( #5493, #6407 ),
 ( #925, #8664 ) ),
 .UNSPECIFIED., .F., .F., .F.,
 ( 4, 1, 1, 1, 4 ),
 ( 2, 2 ),
 ( 0.0000000000000000000, 0.2589140960132656500, 0.5002977096673241200, 0.7469838535467533400, 1.000000000000000000 ),
 ( 0.0000000000000000000, 1.000000000000000000 ),
 .UNSPECIFIED. ) ;
#4687 =( LENGTH_UNIT ( ) NAMED_UNIT ( * ) SI_UNIT ( .MILLI., .METRE. ) );
#4688 = STYLED_ITEM ( 'NONE', ( #475 ), #301 ) ;
#4689 =( LENGTH_UNIT ( ) NAMED_UNIT ( * ) SI_UNIT ( .MILLI., .METRE. ) );
#4690 = EDGE_LOOP ( 'NONE', ( #4093, #4423, #4734, #8574, #6179, #559, #6785, #7224 ) ) ;
#4691 = CARTESIAN_POINT ( 'NONE',  ( 7.424776931981678100, 4.509999999999999800, -2.626113007801862000 ) ) ;
#4692 = CARTESIAN_POINT ( 'NONE',  ( 0.0000000000000000000, -0.01000000000000002600, -6.000000000000016000 ) ) ;
#4693 = CARTESIAN_POINT ( 'NONE',  ( 6.978459109115545000, 4.500000000000000900, -2.449962969077415000 ) ) ;
#4694 = PRESENTATION_STYLE_ASSIGNMENT (( #6501 ) ) ;
#4695 = DIRECTION ( 'NONE',  ( -1.355252715606880300E-016, 0.0000000000000000000, -1.000000000000000000 ) ) ;
#4696 = ADVANCED_FACE ( 'NONE', ( #6165 ), #9186, .T. ) ;
#4697 = ORIENTED_EDGE ( 'NONE', *, *, #4500, .F. ) ;
#4698 = CARTESIAN_POINT ( 'NONE',  ( 4.957924883323542500, 4.500000000000000900, -1.015785249883067500 ) ) ;
#4699 = CARTESIAN_POINT ( 'NONE',  ( 6.519419555907915300, 4.500000000000000000, -1.914122934850322400 ) ) ;
#4700 = FACE_OUTER_BOUND ( 'NONE', #1034, .T. ) ;
#4701 = PLANE ( 'NONE',  #4417 ) ;
#4702 = AXIS2_PLACEMENT_3D ( 'NONE', #3512, #4454, #2873 ) ;
#4703 = EDGE_LOOP ( 'NONE', ( #126, #3803, #4458, #3755 ) ) ;
#4704 = UNCERTAINTY_MEASURE_WITH_UNIT (LENGTH_MEASURE( 1.000000000000000100E-005 ), #3702, 'distance_accuracy_value', 'NONE');
#4705 = PRESENTATION_LAYER_ASSIGNMENT (  '', '', ( #3588 ) ) ;
#4706 = CARTESIAN_POINT ( 'NONE',  ( 6.004933854183627200, 4.500000000000002700, -1.099391563974918600 ) ) ;
#4707 = SURFACE_STYLE_USAGE ( .BOTH. , #7012 ) ;
#4708 = VECTOR ( 'NONE', #8318, 1000.000000000000000 ) ;
#4709 = EDGE_LOOP ( 'NONE', ( #4012, #1582, #7123, #402 ) ) ;
#4710 = FILL_AREA_STYLE ('',( #6366 ) ) ;
#4711 = FILL_AREA_STYLE_COLOUR ( '', #1822 ) ;
#4712 = LINE ( 'NONE', #2299, #5923 ) ;
#4713 = ORIENTED_EDGE ( 'NONE', *, *, #7274, .F. ) ;
#4714 = B_SPLINE_CURVE_WITH_KNOTS ( 'NONE', 3,
 ( #3971, #7087, #5550, #9280, #5411, #3260, #3192, #7718, #4001, #8494, #6295 ),
 .UNSPECIFIED., .F., .F.,
 ( 4, 1, 1, 1, 1, 1, 1, 1, 4 ),
 ( 0.0000000000000000000, 0.1509398342856066400, 0.2930091889939349700, 0.4272146947976588900, 0.5525714633560071500, 0.6714016893043988100, 0.7851944250067204300, 0.8941901696829237500, 1.000000000000000000 ),
 .UNSPECIFIED. ) ;
#4715 = SURFACE_SIDE_STYLE ('',( #84 ) ) ;
#4716 = CARTESIAN_POINT ( 'NONE',  ( 5.544327508835565700, 4.500000000000000900, -2.432514537340274800 ) ) ;
#4717 = EDGE_CURVE ( 'NONE', #8792, #4158, #8779, .T. ) ;
#4718 = CARTESIAN_POINT ( 'NONE',  ( 4.413942464192707000, 4.500000000000000900, -2.432514537340274800 ) ) ;
#4719 = ORIENTED_EDGE ( 'NONE', *, *, #9018, .F. ) ;
#4720 = EDGE_LOOP ( 'NONE', ( #3140, #7416, #1814, #6746 ) ) ;
#4721 = CARTESIAN_POINT ( 'NONE',  ( 7.303974557397587800, 4.500000000000001800, -2.722075963672473200 ) ) ;
#4722 =( LENGTH_UNIT ( ) NAMED_UNIT ( * ) SI_UNIT ( .MILLI., .METRE. ) );
#4723 = CARTESIAN_POINT ( 'NONE',  ( 5.020955984933034500, 4.500000000000003600, -2.138549461075394100 ) ) ;
#4724 = DIRECTION ( 'NONE',  ( -0.0000000000000000000, -1.000000000000000000, -0.0000000000000000000 ) ) ;
#4725 = CARTESIAN_POINT ( 'NONE',  ( 6.262295226800813600, 4.509999999999999800, -2.363467509424859600 ) ) ;
#4726 = CARTESIAN_POINT ( 'NONE',  ( 7.089472794064652900, 4.500000000000000900, -2.540400938040191700 ) ) ;
#4727 = CARTESIAN_POINT ( 'NONE',  ( 1.060000000000003600, 1.739999999999988900, 7.249999999999984000 ) ) ;
#4728 = SURFACE_SIDE_STYLE ('',( #2234 ) ) ;
#4729 = ORIENTED_EDGE ( 'NONE', *, *, #345, .F. ) ;
#4730 = CARTESIAN_POINT ( 'NONE',  ( 3.001347839036961200, 4.510000000000000700, -2.266649751885832000 ) ) ;
#4731 = LINE ( 'NONE', #1953, #6304 ) ;
#4732 = CARTESIAN_POINT ( 'NONE',  ( 2.238227588017368800, 4.500000000000000900, -1.109844501748360500 ) ) ;
#4733 = CARTESIAN_POINT ( 'NONE',  ( 4.119571358816963300, 4.509999999999999800, -0.9176199247100669300 ) ) ;
#4734 = ORIENTED_EDGE ( 'NONE', *, *, #9018, .T. ) ;
#4735 = CARTESIAN_POINT ( 'NONE',  ( 3.600000000000003600, -2.260000000000004200, 7.249999999999985800 ) ) ;
#4736 = LINE ( 'NONE', #8459, #5343 ) ;
#4737 = EDGE_CURVE ( 'NONE', #3662, #1252, #2813, .T. ) ;
#4738 = CARTESIAN_POINT ( 'NONE',  ( 8.000000000000000000, -0.01000000000000002600, -6.000000000000008900 ) ) ;
#4739 = CARTESIAN_POINT ( 'NONE',  ( 1.865703764415921800, 4.500000000000000900, -2.190927216376733700 ) ) ;
#4740 = CARTESIAN_POINT ( 'NONE',  ( 6.545050908320552800, 4.500000000000001800, -0.9793495519313747400 ) ) ;
#4741 = ORIENTED_EDGE ( 'NONE', *, *, #7895, .T. ) ;
#4742 = STYLED_ITEM ( 'NONE', ( #6923 ), #7142 ) ;
#4743 = ORIENTED_EDGE ( 'NONE', *, *, #788, .T. ) ;
#4744 = CARTESIAN_POINT ( 'NONE',  ( 2.507229759579612200, 4.509999999999999800, -1.284264211819442100 ) ) ;
#4745 = CARTESIAN_POINT ( 'NONE',  ( 3.250000000000003100, 2.490000000000000200, 5.799999999999983800 ) ) ;
#4746 = ADVANCED_FACE ( 'NONE', ( #6156 ), #9339, .T. ) ;
#4747 = CARTESIAN_POINT ( 'NONE',  ( 5.856628567385527600, 4.500000000000000900, -2.484191714886017500 ) ) ;
#4748 = VECTOR ( 'NONE', #8648, 1000.000000000000000 ) ;
#4749 = STYLED_ITEM ( 'NONE', ( #3690 ), #2914 ) ;
#4750 = CARTESIAN_POINT ( 'NONE',  ( 3.852404203869046900, 4.509999999999999800, -1.541280638995781200 ) ) ;
#4751 =( NAMED_UNIT ( * ) PLANE_ANGLE_UNIT ( ) SI_UNIT ( $, .RADIAN. ) );
#4752 = EDGE_CURVE ( 'NONE', #1634, #5828, #3886, .T. ) ;
#4753 = VECTOR ( 'NONE', #430, 1000.000000000000000 ) ;
#4754 = CARTESIAN_POINT ( 'NONE',  ( 6.687705485026040900, 4.500000000000000900, -1.827125133043400000 ) ) ;
#4755 = CARTESIAN_POINT ( 'NONE',  ( 7.272756622941297900, 4.509999999999997100, -2.730358528582027800 ) ) ;
#4756 = CARTESIAN_POINT ( 'NONE',  ( 6.088273653434218800, 4.500000000000001800, -1.001501958244233500 ) ) ;
#4757 = CARTESIAN_POINT ( 'NONE',  ( 3.600000000000003600, 2.990000000000000200, 5.999999999999976900 ) ) ;
#4758 =( LENGTH_UNIT ( ) NAMED_UNIT ( * ) SI_UNIT ( .MILLI., .METRE. ) );
#4759 = LINE ( 'NONE', #1488, #1323 ) ;
#4760 = CARTESIAN_POINT ( 'NONE',  ( 6.200156465330890900, 4.500000000000001800, -2.198146564422811500 ) ) ;
#4761 =( GEOMETRIC_REPRESENTATION_CONTEXT ( 3 ) GLOBAL_UNCERTAINTY_ASSIGNED_CONTEXT ( ( #5821 ) ) GLOBAL_UNIT_ASSIGNED_CONTEXT ( ( #8349, #9067, #48 ) ) REPRESENTATION_CONTEXT ( 'NONE', 'WORKASPACE' ) );
#4762 = FILL_AREA_STYLE_COLOUR ( '', #3900 ) ;
#4763 = STYLED_ITEM ( 'NONE', ( #7382 ), #4441 ) ;
#4764 = CARTESIAN_POINT ( 'NONE',  ( 0.6500329519504529600, 4.510000000000000700, -2.625124330698707100 ) ) ;
#4765 = MECHANICAL_DESIGN_GEOMETRIC_PRESENTATION_REPRESENTATION (  '', ( #3120 ), #3652 ) ;
#4766 = DIRECTION ( 'NONE',  ( 1.000000000000000000, 0.0000000000000000000, 0.0000000000000000000 ) ) ;
#4767 =( NAMED_UNIT ( * ) PLANE_ANGLE_UNIT ( ) SI_UNIT ( $, .RADIAN. ) );
#4768 = CARTESIAN_POINT ( 'NONE',  ( 2.402880278087797400, 4.509999999999999800, -0.9838026697807514800 ) ) ;
#4769 = VECTOR ( 'NONE', #9800, 1000.000000000000000 ) ;
#4770 = ORIENTED_EDGE ( 'NONE', *, *, #9365, .T. ) ;
#4771 = CARTESIAN_POINT ( 'NONE',  ( 6.088129048949335600, 4.510000000000000700, -1.029296115152946500 ) ) ;
#4772 = CARTESIAN_POINT ( 'NONE',  ( 1.873980736087519100, 4.500000000000000000, -2.218847581896561800 ) ) ;
#4773 = UNCERTAINTY_MEASURE_WITH_UNIT (LENGTH_MEASURE( 1.000000000000000100E-005 ), #1888, 'distance_accuracy_value', 'NONE');
#4774 = PRESENTATION_LAYER_ASSIGNMENT (  '', '', ( #7755 ) ) ;
#4775 = CYLINDRICAL_SURFACE ( 'NONE', #4904, 1.000000000000000000 ) ;
#4776 = EDGE_CURVE ( 'NONE', #8177, #2311, #4819, .T. ) ;
#4777 = CARTESIAN_POINT ( 'NONE',  ( 6.320258939247803000, 4.500000000000000000, -2.055531216110068700 ) ) ;
#4778 = MECHANICAL_DESIGN_GEOMETRIC_PRESENTATION_REPRESENTATION (  '', ( #1728 ), #3266 ) ;
#4779 =( NAMED_UNIT ( * ) PLANE_ANGLE_UNIT ( ) SI_UNIT ( $, .RADIAN. ) );
#4780 = VERTEX_POINT ( 'NONE', #6750 ) ;
#4781 = CARTESIAN_POINT ( 'NONE',  ( 6.771589172394356200, 4.500000000000003600, -2.475079375362222200 ) ) ;
#4782 =( NAMED_UNIT ( * ) SI_UNIT ( $, .STERADIAN. ) SOLID_ANGLE_UNIT ( ) );
#4783 = DIRECTION ( 'NONE',  ( -0.2576144997974650400, 0.0000000000000000000, 0.9662477785196206300 ) ) ;
#4784 = CARTESIAN_POINT ( 'NONE',  ( 7.359332956214194300, 4.509999999999999800, -2.694242634794588500 ) ) ;
#4785 = SURFACE_STYLE_USAGE ( .BOTH. , #3306 ) ;
#4786 = CARTESIAN_POINT ( 'NONE',  ( 2.812805324596880000, 4.510000000000000700, -2.234689310910893000 ) ) ;
#4787 = ORIENTED_EDGE ( 'NONE', *, *, #4808, .F. ) ;
#4788 = CARTESIAN_POINT ( 'NONE',  ( 5.544327508835565700, 4.509999999999999800, -2.432514537340274800 ) ) ;
#4789 = CARTESIAN_POINT ( 'NONE',  ( 3.942815831633621900, 4.500000000000000900, -1.443261630863280900 ) ) ;
#4790 =( NAMED_UNIT ( * ) SI_UNIT ( $, .STERADIAN. ) SOLID_ANGLE_UNIT ( ) );
#4791 = EDGE_CURVE ( 'NONE', #7739, #8442, #4906, .T. ) ;
#4792 = CARTESIAN_POINT ( 'NONE',  ( 5.182555571056547600, 4.509999999999999800, -1.070692899505453900 ) ) ;
#4793 = CARTESIAN_POINT ( 'NONE',  ( 6.888779430108173500, 4.500000000000000900, -2.319159550889543700 ) ) ;
#4794 = CARTESIAN_POINT ( 'NONE',  ( 5.159411911737351800, 4.500000000000000900, -1.008570445543400100 ) ) ;
#4795 = FILL_AREA_STYLE_COLOUR ( '', #4959 ) ;
#4796 = ADVANCED_FACE ( 'NONE', ( #6879 ), #6171, .T. ) ;
#4797 = ORIENTED_EDGE ( 'NONE', *, *, #5904, .F. ) ;
#4798 = FILL_AREA_STYLE ('',( #8616 ) ) ;
#4799 = CARTESIAN_POINT ( 'NONE',  ( 3.999999999999999100, 0.0000000000000000000, -8.000000000000001800 ) ) ;
#4800 = ORIENTED_EDGE ( 'NONE', *, *, #9613, .T. ) ;
#4801 = CARTESIAN_POINT ( 'NONE',  ( 6.694216960315421800, 4.500000000000000900, -1.851023680273757400 ) ) ;
#4802 = CARTESIAN_POINT ( 'NONE',  ( 9.010000000000001600, 4.500000000000000900, 1.999999999999984500 ) ) ;
#4803 = VECTOR ( 'NONE', #6704, 1000.000000000000000 ) ;
#4804 = SURFACE_SIDE_STYLE ('',( #5335 ) ) ;
#4805 = FILL_AREA_STYLE ('',( #847 ) ) ;
#4806 = VERTEX_POINT ( 'NONE', #7696 ) ;
#4807 = ORIENTED_EDGE ( 'NONE', *, *, #2671, .T. ) ;
#4808 = EDGE_CURVE ( 'NONE', #5674, #5920, #6642, .T. ) ;
#4809 = VECTOR ( 'NONE', #6301, 1000.000000000000000 ) ;
#4810 = FILL_AREA_STYLE_COLOUR ( '', #5874 ) ;
#4811 = FILL_AREA_STYLE_COLOUR ( '', #164 ) ;
#4812 =( NAMED_UNIT ( * ) SI_UNIT ( $, .STERADIAN. ) SOLID_ANGLE_UNIT ( ) );
#4813 = LINE ( 'NONE', #8505, #280 ) ;
#4814 = CARTESIAN_POINT ( 'NONE',  ( 3.942671227148741000, 4.510000000000001600, -1.471055787771994700 ) ) ;
#4815 = PLANE ( 'NONE',  #755 ) ;
#4816 = ORIENTED_EDGE ( 'NONE', *, *, #6625, .T. ) ;
#4817 = ORIENTED_EDGE ( 'NONE', *, *, #8448, .T. ) ;
#4818 = CARTESIAN_POINT ( 'NONE',  ( 2.256303769066220000, 4.509999999999999800, -2.671665683638638100 ) ) ;
#4819 = CIRCLE ( 'NONE', #7040, 1.250000000000000200 ) ;
#4820 = PRESENTATION_LAYER_ASSIGNMENT (  '', '', ( #4763 ) ) ;
#4821 = FILL_AREA_STYLE_COLOUR ( '', #5437 ) ;
#4822 = CARTESIAN_POINT ( 'NONE',  ( 5.229497739494229700, 4.510000000000000700, -0.9186940498218999500 ) ) ;
#4823 = CARTESIAN_POINT ( 'NONE',  ( 7.204580543154761200, 4.509999999999999800, -2.736630341376733000 ) ) ;
#4824 = CARTESIAN_POINT ( 'NONE',  ( 2.671671549479165600, 4.500000000000000900, -2.518998737954114100 ) ) ;
#4825 = LINE ( 'NONE', #6901, #9016 ) ;
#4826 = ORIENTED_EDGE ( 'NONE', *, *, #9714, .T. ) ;
#4827 = CARTESIAN_POINT ( 'NONE',  ( 6.036434791201636500, 4.509999999999999800, -2.554729299710066600 ) ) ;
#4828 =( NAMED_UNIT ( * ) SI_UNIT ( $, .STERADIAN. ) SOLID_ANGLE_UNIT ( ) );
#4829 = UNCERTAINTY_MEASURE_WITH_UNIT (LENGTH_MEASURE( 1.000000000000000100E-005 ), #8930, 'distance_accuracy_value', 'NONE');
#4830 = FILL_AREA_STYLE_COLOUR ( '', #2111 ) ;
#4831 = PRESENTATION_STYLE_ASSIGNMENT (( #9265 ) ) ;
#4832 = ORIENTED_EDGE ( 'NONE', *, *, #3741, .F. ) ;
#4833 = CARTESIAN_POINT ( 'NONE',  ( 4.906049746558777800, 4.500000000000000900, -2.554729299710066600 ) ) ;
#4834 = CARTESIAN_POINT ( 'NONE',  ( 9.010000000000001600, 1.500000000000000400, -1.409462824231155800E-014 ) ) ;
#4835 = UNCERTAINTY_MEASURE_WITH_UNIT (LENGTH_MEASURE( 1.000000000000000100E-005 ), #1580, 'distance_accuracy_value', 'NONE');
#4836 = CARTESIAN_POINT ( 'NONE',  ( 7.190887899038131100, 4.509999999999999800, -2.736396512413260800 ) ) ;
#4837 = MECHANICAL_DESIGN_GEOMETRIC_PRESENTATION_REPRESENTATION (  '', ( #45 ), #3524 ) ;
#4838 = LINE ( 'NONE', #8384, #789 ) ;
#4839 = VERTEX_POINT ( 'NONE', #2314 ) ;
#4840 = CARTESIAN_POINT ( 'NONE',  ( 5.612946428571428100, 4.500000000000001800, -2.283095824542656200 ) ) ;
#4841 = B_SPLINE_CURVE_WITH_KNOTS ( 'NONE', 3,
 ( #2926, #9053, #6769, #2959, #2054 ),
 .UNSPECIFIED., .F., .F.,
 ( 4, 1, 4 ),
 ( 0.0000000000000000000, 0.5115628037216395400, 1.000000000000000000 ),
 .UNSPECIFIED. ) ;
#4842 = PRESENTATION_STYLE_ASSIGNMENT (( #7713 ) ) ;
#4843 = VECTOR ( 'NONE', #6626, 1000.000000000000000 ) ;
#4844 = CARTESIAN_POINT ( 'NONE',  ( 1.684378085489430600, 4.500000000000001800, -2.736500938974917800 ) ) ;
#4845 = SURFACE_STYLE_USAGE ( .BOTH. , #892 ) ;
#4846 = PRESENTATION_STYLE_ASSIGNMENT (( #2245 ) ) ;
#4847 = ADVANCED_FACE ( 'NONE', ( #7854 ), #2290, .T. ) ;
#4848 = ORIENTED_EDGE ( 'NONE', *, *, #2312, .F. ) ;
#4849 = CARTESIAN_POINT ( 'NONE',  ( 5.255720308103192900, 4.509999999999999800, -2.574465331221079500 ) ) ;
#4850 = DIRECTION ( 'NONE',  ( -0.0000000000000000000, 0.0000000000000000000, 1.000000000000000000 ) ) ;
#4851 = FILL_AREA_STYLE_COLOUR ( '', #8828 ) ;
#4852 = EDGE_CURVE ( 'NONE', #505, #6363, #2969, .T. ) ;
#4853 = LINE ( 'NONE', #5009, #1053 ) ;
#4854 = CARTESIAN_POINT ( 'NONE',  ( 2.795104399181546700, 4.509999999999999800, -1.463323049710066900 ) ) ;
#4855 = CARTESIAN_POINT ( 'NONE',  ( 6.624447984014675100, 4.500000000000003600, -0.9321742583578789300 ) ) ;
#4856 = DIRECTION ( 'NONE',  ( -4.057995580834073000E-016, 0.0000000000000000000, 1.000000000000000000 ) ) ;
#4857 = UNCERTAINTY_MEASURE_WITH_UNIT (LENGTH_MEASURE( 1.000000000000000100E-005 ), #2373, 'distance_accuracy_value', 'NONE');
#4858 = CARTESIAN_POINT ( 'NONE',  ( 5.159798286306853200, 4.500000000000000000, -0.9880149556987065700 ) ) ;
#4859 =( NAMED_UNIT ( * ) SI_UNIT ( $, .STERADIAN. ) SOLID_ANGLE_UNIT ( ) );
#4860 = ORIENTED_EDGE ( 'NONE', *, *, #4374, .F. ) ;
#4861 = CARTESIAN_POINT ( 'NONE',  ( 5.135689214581688600, 4.509999999999998000, -2.693998988631577200 ) ) ;
#4862 = CARTESIAN_POINT ( 'NONE',  ( 2.256303769066220000, 4.509999999999999800, -2.671665683638638100 ) ) ;
#4863 = VERTEX_POINT ( 'NONE', #7093 ) ;
#4864 =( NAMED_UNIT ( * ) PLANE_ANGLE_UNIT ( ) SI_UNIT ( $, .RADIAN. ) );
#4865 = CARTESIAN_POINT ( 'NONE',  ( 2.671671549479165600, 4.509999999999999800, -2.518998737954114100 ) ) ;
#4866 = CARTESIAN_POINT ( 'NONE',  ( 2.518932364735110500, 4.500000000000000000, -1.298363945451759300 ) ) ;
#4867 = VECTOR ( 'NONE', #174, 1000.000000000000000 ) ;
#4868 = DIRECTION ( 'NONE',  ( 0.2587360852240837600, 0.0000000000000000000, -0.9659480515032450300 ) ) ;
#4869 = DIRECTION ( 'NONE',  ( 0.0000000000000000000, 0.0000000000000000000, -1.000000000000000000 ) ) ;
#4870 = DIRECTION ( 'NONE',  ( -0.0000000000000000000, -1.000000000000000000, -0.0000000000000000000 ) ) ;
#4871 = CARTESIAN_POINT ( 'NONE',  ( 7.123348014990757100, 4.510000000000000700, -2.729779553492670500 ) ) ;
#4872 = EDGE_CURVE ( 'NONE', #1600, #4965, #3782, .T. ) ;
#4873 = EDGE_LOOP ( 'NONE', ( #4446, #5866, #4643, #3793 ) ) ;
#4874 = CARTESIAN_POINT ( 'NONE',  ( 3.931070005967894700, 4.509999999999998900, -1.394877627909634900 ) ) ;
#4875 = AXIS2_PLACEMENT_3D ( 'NONE', #959, #4850, #1695 ) ;
#4876 = CARTESIAN_POINT ( 'NONE',  ( 6.140000000000004100, 2.990000000000000200, 5.999999999999976900 ) ) ;
#4877 = CARTESIAN_POINT ( 'NONE',  ( 1.889641331271527200, 4.509999999999999800, -0.9770401771116777900 ) ) ;
#4878 = CARTESIAN_POINT ( 'NONE',  ( 5.889514544386944600, 4.510000000000000700, -2.505895107314503700 ) ) ;
#4879 = CARTESIAN_POINT ( 'NONE',  ( 7.204580543154761200, 4.500000000000003600, -2.736630341376733000 ) ) ;
#4880 = STYLED_ITEM ( 'NONE', ( #1037 ), #4358 ) ;
#4881 = DIRECTION ( 'NONE',  ( 1.000000000000000000, 0.0000000000000000000, -0.0000000000000000000 ) ) ;
#4882 = CARTESIAN_POINT ( 'NONE',  ( 2.115985771840882100, 4.509999999999999800, -1.100382758263419100 ) ) ;
#4883 = AXIS2_PLACEMENT_3D ( 'NONE', #8127, #5019, #1268 ) ;
#4884 = PRESENTATION_STYLE_ASSIGNMENT (( #7009 ) ) ;
#4885 = B_SPLINE_CURVE_WITH_KNOTS ( 'NONE', 3,
 ( #8878, #4322, #3598, #6637, #2864, #447, #8959, #8891, #5883, #5917, #2083 ),
 .UNSPECIFIED., .F., .F.,
 ( 4, 1, 1, 1, 1, 1, 1, 1, 4 ),
 ( 0.0000000000000000000, 0.1338493299633962100, 0.2600679311281535700, 0.3816578514843824200, 0.5006029093445409900, 0.6194840869327136200, 0.7403769867696852200, 0.8669261610274477900, 1.000000000000000000 ),
 .UNSPECIFIED. ) ;
#4886 = CARTESIAN_POINT ( 'NONE',  ( 4.906865724942597300, 4.509999999999999800, -0.9223453044267369000 ) ) ;
#4887 = ORIENTED_EDGE ( 'NONE', *, *, #8020, .T. ) ;
#4888 = CARTESIAN_POINT ( 'NONE',  ( 6.624447984014675100, 4.509999999999999800, -0.9321742583578789300 ) ) ;
#4889 = FACE_OUTER_BOUND ( 'NONE', #4579, .T. ) ;
#4890 = CARTESIAN_POINT ( 'NONE',  ( 0.0000000000000000000, -0.01000000000000002600, 0.0000000000000000000 ) ) ;
#4891 = CARTESIAN_POINT ( 'NONE',  ( 0.7556089410004299700, 4.510000000000000700, -0.9183460849257125700 ) ) ;
#4892 = SURFACE_STYLE_USAGE ( .BOTH. , #8267 ) ;
#4893 = DIRECTION ( 'NONE',  ( -0.0000000000000000000, -0.0000000000000000000, -1.000000000000000000 ) ) ;
#4894 = DIRECTION ( 'NONE',  ( -0.2582330317988721400, 0.0000000000000000000, 0.9660826575857588400 ) ) ;
#4895 = PRESENTATION_LAYER_ASSIGNMENT (  '', '', ( #2030 ) ) ;
#4896 = CARTESIAN_POINT ( 'NONE',  ( 5.921337887269613600, 4.509999999999998000, -2.523427915377505700 ) ) ;
#4897 = CARTESIAN_POINT ( 'NONE',  ( 4.406631173858847300, 4.500000000000001800, -2.323851074555162800 ) ) ;
#4898 = CARTESIAN_POINT ( 'NONE',  ( 4.501951989180579300, 4.500000000000001800, -2.284214916070034500 ) ) ;
#4899 = LINE ( 'NONE', #7107, #2893 ) ;
#4900 = CARTESIAN_POINT ( 'NONE',  ( 4.536507867071308400, 4.500000000000000900, -2.301346730429791900 ) ) ;
#4901 =( GEOMETRIC_REPRESENTATION_CONTEXT ( 3 ) GLOBAL_UNCERTAINTY_ASSIGNED_CONTEXT ( ( #1377 ) ) GLOBAL_UNIT_ASSIGNED_CONTEXT ( ( #665, #6789, #3695 ) ) REPRESENTATION_CONTEXT ( 'NONE', 'WORKASPACE' ) );
#4902 = ADVANCED_FACE ( 'NONE', ( #1970 ), #2583, .T. ) ;
#4903 = ORIENTED_EDGE ( 'NONE', *, *, #1431, .F. ) ;
#4904 = AXIS2_PLACEMENT_3D ( 'NONE', #2392, #1543, #2494 ) ;
#4905 = DIRECTION ( 'NONE',  ( -0.0000000000000000000, -1.000000000000000000, -0.0000000000000000000 ) ) ;
#4906 = B_SPLINE_CURVE_WITH_KNOTS ( 'NONE', 3,
 ( #1442, #82, #4582, #4611, #3915, #3948, #759, #6099, #8498, #9253, #16 ),
 .UNSPECIFIED., .F., .F.,
 ( 4, 1, 1, 1, 1, 1, 1, 1, 4 ),
 ( 0.0000000000000000000, 0.1325868731187113100, 0.2592339736334616800, 0.3800147170249490400, 0.4999003229990281500, 0.6193728004511975800, 0.7408338946043848700, 0.8669920532972605900, 1.000000000000000000 ),
 .UNSPECIFIED. ) ;
#4907 = SURFACE_STYLE_FILL_AREA ( #219 ) ;
#4908 = CARTESIAN_POINT ( 'NONE',  ( 2.184616777118092700, 4.509999999999998900, -2.636704016607504600 ) ) ;
#4909 = CARTESIAN_POINT ( 'NONE',  ( 2.022636044890848700, 4.500000000000000000, -1.117325397685895700 ) ) ;
#4910 = ORIENTED_EDGE ( 'NONE', *, *, #1155, .F. ) ;
#4911 = EDGE_CURVE ( 'NONE', #3819, #577, #4470, .T. ) ;
#4912 = CARTESIAN_POINT ( 'NONE',  ( 4.906660869137597000, 4.509999999999998900, -1.094507485193339400 ) ) ;
#4913 =( GEOMETRIC_REPRESENTATION_CONTEXT ( 3 ) GLOBAL_UNCERTAINTY_ASSIGNED_CONTEXT ( ( #5477 ) ) GLOBAL_UNIT_ASSIGNED_CONTEXT ( ( #8844, #4160, #1910 ) ) REPRESENTATION_CONTEXT ( 'NONE', 'WORKASPACE' ) );
#4914 = CARTESIAN_POINT ( 'NONE',  ( 2.329126591666316400, 4.500000000000000000, -0.9532138264777859600 ) ) ;
#4915 = PRESENTATION_STYLE_ASSIGNMENT (( #2823 ) ) ;
#4916 =( LENGTH_UNIT ( ) NAMED_UNIT ( * ) SI_UNIT ( .MILLI., .METRE. ) );
#4917 = DIRECTION ( 'NONE',  ( -0.6714571773835017500, 0.0000000000000000000, 0.7410433583402394900 ) ) ;
#4918 = ORIENTED_EDGE ( 'NONE', *, *, #4030, .F. ) ;
#4919 = ORIENTED_EDGE ( 'NONE', *, *, #1254, .F. ) ;
#4920 = CARTESIAN_POINT ( 'NONE',  ( 0.7228797673759661500, 4.500000000000002700, -0.9321896942347625000 ) ) ;
#4921 = VECTOR ( 'NONE', #3673, 1000.000000000000000 ) ;
#4922 = CARTESIAN_POINT ( 'NONE',  ( 4.935906592724755600, 4.510000000000000700, -0.9399744836577721400 ) ) ;
#4923 = ORIENTED_EDGE ( 'NONE', *, *, #3277, .F. ) ;
#4924 = CARTESIAN_POINT ( 'NONE',  ( 2.053695242745535500, 4.510000000000000700, -2.190927216376733700 ) ) ;
#4925 = CARTESIAN_POINT ( 'NONE',  ( 5.132207961309522800, 4.510000000000000700, -2.372828258043400600 ) ) ;
#4926 = ORIENTED_EDGE ( 'NONE', *, *, #7959, .F. ) ;
#4927 = DIRECTION ( 'NONE',  ( 0.0000000000000000000, -1.000000000000000000, 4.336808689942025100E-016 ) ) ;
#4928 = CARTESIAN_POINT ( 'NONE',  ( 6.519419555907915300, 4.509999999999998900, -1.914122934850322400 ) ) ;
#4929 = CARTESIAN_POINT ( 'NONE',  ( 2.518932364735110500, 4.509999999999998900, -1.298363945451759300 ) ) ;
#4930 = CARTESIAN_POINT ( 'NONE',  ( 3.931347754740268700, 4.509999999999998900, -1.506115743682548300 ) ) ;
#4931 = VECTOR ( 'NONE', #2099, 1000.000000000000000 ) ;
#4932 = CARTESIAN_POINT ( 'NONE',  ( 6.786260351770802200, 4.510000000000002500, -2.109548439480166200 ) ) ;
#4933 = COLOUR_RGB ( '',0.8470588235294117500, 0.8470588235294117500, 0.8470588235294117500 ) ;
#4934 = ORIENTED_EDGE ( 'NONE', *, *, #4191, .F. ) ;
#4935 = PRESENTATION_LAYER_ASSIGNMENT (  '', '', ( #4742 ) ) ;
#4936 = CARTESIAN_POINT ( 'NONE',  ( 3.104092552548362700, 4.500000000000000900, -1.359379597329114500 ) ) ;
#4937 = AXIS2_PLACEMENT_3D ( 'NONE', #5432, #1841, #8816 ) ;
#4938 = EDGE_CURVE ( 'NONE', #3595, #4346, #5765, .T. ) ;
#4939 = VERTEX_POINT ( 'NONE', #9325 ) ;
#4940 = CARTESIAN_POINT ( 'NONE',  ( 4.957924883323542500, 4.509999999999999800, -1.015785249883067500 ) ) ;
#4941 = CARTESIAN_POINT ( 'NONE',  ( 6.402495857313018000, 4.510000000000000700, -2.546374660400778600 ) ) ;
#4942 = CARTESIAN_POINT ( 'NONE',  ( 5.921337887269613600, 4.509999999999998000, -2.523427915377505700 ) ) ;
#4943 = ADVANCED_FACE ( 'NONE', ( #6871 ), #4007, .T. ) ;
#4944 = CARTESIAN_POINT ( 'NONE',  ( 2.184616777118092700, 4.509999999999998900, -2.636704016607504600 ) ) ;
#4945 = SURFACE_STYLE_FILL_AREA ( #1240 ) ;
#4946 = CARTESIAN_POINT ( 'NONE',  ( 4.791616254407958100, 4.500000000000001800, -2.718016784549997400 ) ) ;
#4947 =( NAMED_UNIT ( * ) PLANE_ANGLE_UNIT ( ) SI_UNIT ( $, .RADIAN. ) );
#4948 = CARTESIAN_POINT ( 'NONE',  ( 7.226440978368795100, 4.510000000000001600, -2.540106020674010700 ) ) ;
#4949 = VECTOR ( 'NONE', #8512, 1000.000000000000000 ) ;
#4950 = CARTESIAN_POINT ( 'NONE',  ( 2.786928875798800200, 4.500000000000000000, -1.435359174371566800 ) ) ;
#4951 = ORIENTED_EDGE ( 'NONE', *, *, #9035, .F. ) ;
#4952 = LINE ( 'NONE', #7947, #791 ) ;
#4953 = B_SPLINE_CURVE_WITH_KNOTS ( 'NONE', 3,
 ( #6414, #4789, #7963, #3349, #1836, #4149, #7835, #3244, #4048, #229, #1000 ),
 .UNSPECIFIED., .F., .F.,
 ( 4, 1, 1, 1, 1, 1, 1, 1, 4 ),
 ( 0.0000000000000000000, 0.1438452084224843800, 0.2744633483863634900, 0.3894294444927150500, 0.5015746808976534500, 0.6098445063685621300, 0.7259657379454798100, 0.8559693386118454300, 1.000000000000000000 ),
 .UNSPECIFIED. ) ;
#4954 = STYLED_ITEM ( 'NONE', ( #5558 ), #4696 ) ;
#4955 = CARTESIAN_POINT ( 'NONE',  ( 3.891792947784858300, 4.509999999999998900, -1.364104977045784300 ) ) ;
#4956 = FILL_AREA_STYLE ('',( #6379 ) ) ;
#4957 = CARTESIAN_POINT ( 'NONE',  ( 5.132207961309522800, 4.500000000000000900, -2.372828258043400600 ) ) ;
#4958 = CARTESIAN_POINT ( 'NONE',  ( 5.094633847982404300, 4.510000000000000700, -2.712692906538341800 ) ) ;
#4959 = COLOUR_RGB ( '',1.000000000000000000, 1.000000000000000000, 1.000000000000000000 ) ;
#4960 =( NAMED_UNIT ( * ) SI_UNIT ( $, .STERADIAN. ) SOLID_ANGLE_UNIT ( ) );
#4961 = CARTESIAN_POINT ( 'NONE',  ( 6.614387802055207800, 4.509999999999998900, -1.302538187416436600 ) ) ;
#4962 =( LENGTH_UNIT ( ) NAMED_UNIT ( * ) SI_UNIT ( .MILLI., .METRE. ) );
#4963 = CARTESIAN_POINT ( 'NONE',  ( 4.501951989180579300, 4.510000000000000700, -2.284214916070034500 ) ) ;
#4964 = EDGE_LOOP ( 'NONE', ( #8441, #8802, #422, #3459 ) ) ;
#4965 = VERTEX_POINT ( 'NONE', #3197 ) ;
#4966 = DIRECTION ( 'NONE',  ( -0.0000000000000000000, -1.000000000000000000, -0.0000000000000000000 ) ) ;
#4967 = FILL_AREA_STYLE ('',( #2748 ) ) ;
#4968 = B_SPLINE_CURVE_WITH_KNOTS ( 'NONE', 3,
 ( #907, #2372, #2432, #7742, #6227, #131, #4663 ),
 .UNSPECIFIED., .F., .F.,
 ( 4, 1, 1, 1, 4 ),
 ( 0.0000000000000000000, 0.2589140960132628700, 0.5002977096673197900, 0.7469838535467474600, 1.000000000000000000 ),
 .UNSPECIFIED. ) ;
#4969 = PRESENTATION_LAYER_ASSIGNMENT (  '', '', ( #698 ) ) ;
#4970 = SURFACE_STYLE_FILL_AREA ( #3864 ) ;
#4971 = EDGE_CURVE ( 'NONE', #1185, #6602, #9727, .T. ) ;
#4972 =( GEOMETRIC_REPRESENTATION_CONTEXT ( 3 ) GLOBAL_UNCERTAINTY_ASSIGNED_CONTEXT ( ( #9640 ) ) GLOBAL_UNIT_ASSIGNED_CONTEXT ( ( #4097, #136, #9314 ) ) REPRESENTATION_CONTEXT ( 'NONE', 'WORKASPACE' ) );
#4973 = LINE ( 'NONE', #5110, #6910 ) ;
#4974 = ORIENTED_EDGE ( 'NONE', *, *, #9194, .F. ) ;
#4975 = CARTESIAN_POINT ( 'NONE',  ( 1.718218433241836900, 4.509999999999999800, -1.157282587250104500 ) ) ;
#4976 = FILL_AREA_STYLE_COLOUR ( '', #3479 ) ;
#4977 = CARTESIAN_POINT ( 'NONE',  ( 0.8287444651761659600, 4.509999999999999800, -0.9350284447347777500 ) ) ;
#4978 = VERTEX_POINT ( 'NONE', #8570 ) ;
#4979 = CARTESIAN_POINT ( 'NONE',  ( 2.251070684648723800, 4.510000000000000700, -0.9328987841756117800 ) ) ;
#4980 = CARTESIAN_POINT ( 'NONE',  ( 6.036434791201636500, 4.509999999999999800, -2.554729299710066600 ) ) ;
#4981 = CARTESIAN_POINT ( 'NONE',  ( 2.008013488620570700, 4.500000000000003600, -2.484815779787112400 ) ) ;
#4982 = SURFACE_STYLE_USAGE ( .BOTH. , #5018 ) ;
#4983 = DIRECTION ( 'NONE',  ( -1.000000000000000000, 0.0000000000000000000, 0.0000000000000000000 ) ) ;
#4984 = CARTESIAN_POINT ( 'NONE',  ( 0.7390209806954239900, 4.509999999999999800, -0.9243359989920172400 ) ) ;
#4985 = PRESENTATION_STYLE_ASSIGNMENT (( #7861 ) ) ;
#4986 = EDGE_CURVE ( 'NONE', #5649, #3453, #7842, .T. ) ;
#4987 = VERTEX_POINT ( 'NONE', #7825 ) ;
#4988 = VERTEX_POINT ( 'NONE', #183 ) ;
#4989 = CARTESIAN_POINT ( 'NONE',  ( 6.036434791201636500, 4.500000000000000900, -2.554729299710066600 ) ) ;
#4990 = ORIENTED_EDGE ( 'NONE', *, *, #1099, .T. ) ;
#4991 = VECTOR ( 'NONE', #6547, 999.9999999999998900 ) ;
#4992 = CARTESIAN_POINT ( 'NONE',  ( 6.759997647807654000, 4.510000000000000700, -1.100200526269885100 ) ) ;
#4993 = CARTESIAN_POINT ( 'NONE',  ( 3.852404203869047400, 4.500000000000001800, -1.359379597329114700 ) ) ;
#4994 = CARTESIAN_POINT ( 'NONE',  ( 2.518932364735110500, 4.500000000000000000, -1.298363945451759300 ) ) ;
#4995 = LINE ( 'NONE', #4834, #106 ) ;
#4996 = FILL_AREA_STYLE ('',( #5767 ) ) ;
#4997 = VECTOR ( 'NONE', #8763, 1000.000000000000000 ) ;
#4998 = CARTESIAN_POINT ( 'NONE',  ( 3.104092552548363100, 4.510000000000000700, -1.541280638995781400 ) ) ;
#4999 =( GEOMETRIC_REPRESENTATION_CONTEXT ( 3 ) GLOBAL_UNCERTAINTY_ASSIGNED_CONTEXT ( ( #8821 ) ) GLOBAL_UNIT_ASSIGNED_CONTEXT ( ( #3226, #111, #1654 ) ) REPRESENTATION_CONTEXT ( 'NONE', 'WORKASPACE' ) );
#5000 = CARTESIAN_POINT ( 'NONE',  ( 4.393126860956336100, 4.500000000000001800, -2.384079172309085900 ) ) ;
#5001 = FILL_AREA_STYLE ('',( #3493 ) ) ;
#5002 = ADVANCED_FACE ( 'NONE', ( #7724 ), #8628, .T. ) ;
#5003 = LINE ( 'NONE', #7956, #7067 ) ;
#5004 = CARTESIAN_POINT ( 'NONE',  ( 6.733823308387620400, 4.509999999999998000, -1.975998945285116800 ) ) ;
#5005 = CARTESIAN_POINT ( 'NONE',  ( 5.255720308103192900, 4.509999999999999800, -2.574465331221079500 ) ) ;
#5006 = EDGE_CURVE ( 'NONE', #8530, #7279, #9599, .T. ) ;
#5007 = EDGE_LOOP ( 'NONE', ( #3809, #2738, #8669, #7647, #368, #9512 ) ) ;
#5008 =( NAMED_UNIT ( * ) PLANE_ANGLE_UNIT ( ) SI_UNIT ( $, .RADIAN. ) );
#5009 = CARTESIAN_POINT ( 'NONE',  ( 2.989592343284969400, 4.509999999999999800, -2.190927216376733300 ) ) ;
#5010 = SURFACE_SIDE_STYLE ('',( #2378 ) ) ;
#5011 = CARTESIAN_POINT ( 'NONE',  ( 7.016541613392837100, 4.500000000000000900, -1.297455294126004500 ) ) ;
#5012 = CARTESIAN_POINT ( 'NONE',  ( 0.6720685779845899700, 4.509999999999999800, -2.714215791611775500 ) ) ;
#5013 = B_SPLINE_CURVE_WITH_KNOTS ( 'NONE', 3,
 ( #5207, #9798, #2962, #9024, #654, #2929, #5986, #1433, #589, #6773, #5954 ),
 .UNSPECIFIED., .F., .F.,
 ( 4, 1, 1, 1, 1, 1, 1, 1, 4 ),
 ( 0.0000000000000000000, 0.1291105823789963100, 0.2450588575812230300, 0.3531069179282673200, 0.4605420137297475700, 0.5744332052480215500, 0.6984684015256525900, 0.8392786984694942100, 1.000000000000000000 ),
 .UNSPECIFIED. ) ;
#5014 = CARTESIAN_POINT ( 'NONE',  ( 5.951661532622963200, 4.510000000000001600, -2.537391382096842600 ) ) ;
#5015 = VERTEX_POINT ( 'NONE', #1920 ) ;
#5016 = CARTESIAN_POINT ( 'NONE',  ( 2.232178680845924700, 4.500000000000001800, -2.659899904680231900 ) ) ;
#5017 = MECHANICAL_DESIGN_GEOMETRIC_PRESENTATION_REPRESENTATION (  '', ( #2994 ), #1828 ) ;
#5018 = SURFACE_SIDE_STYLE ('',( #3091 ) ) ;
#5019 = DIRECTION ( 'NONE',  ( 0.0000000000000000000, 1.000000000000000000, 0.0000000000000000000 ) ) ;
#5020 = FILL_AREA_STYLE ('',( #1926 ) ) ;
#5021 = CARTESIAN_POINT ( 'NONE',  ( 7.155857049851190000, 4.509999999999999800, -2.554729299710066600 ) ) ;
#5022 = COLOUR_RGB ( '',1.000000000000000000, 1.000000000000000000, 1.000000000000000000 ) ;
#5023 = EDGE_CURVE ( 'NONE', #9098, #7614, #445, .T. ) ;
#5024 = FACE_BOUND ( 'NONE', #7010, .T. ) ;
#5025 = SURFACE_STYLE_USAGE ( .BOTH. , #2736 ) ;
#5026 = LINE ( 'NONE', #3155, #3014 ) ;
#5027 = ORIENTED_EDGE ( 'NONE', *, *, #4586, .T. ) ;
#5028 = B_SPLINE_SURFACE_WITH_KNOTS ( 'NONE', 3, 1, ( 
 ( #711, #1552 ),
 ( #6938, #8336 ),
 ( #742, #2247 ),
 ( #7684, #8369 ),
 ( #9207, #6050 ),
 ( #6902, #2212 ),
 ( #2304, #9174 ),
 ( #3090, #3118 ),
 ( #5370, #9856 ),
 ( #4631, #2993 ),
 ( #3025, #71 ) ),
 .UNSPECIFIED., .F., .F., .F.,
 ( 4, 1, 1, 1, 1, 1, 1, 1, 4 ),
 ( 2, 2 ),
 ( 0.0000000000000000000, 0.1219780729151987700, 0.2401332559370389600, 0.3567875635310757700, 0.4744148235189550300, 0.5947232046834967100, 0.7213330141841428600, 0.8556385647990115700, 1.000000000000000000 ),
 ( 0.0000000000000000000, 1.000000000000000000 ),
 .UNSPECIFIED. ) ;
#5029 = CARTESIAN_POINT ( 'NONE',  ( 2.651951591901908800, 4.500000000000001800, -1.169746037949487500 ) ) ;
#5030 = SURFACE_SIDE_STYLE ('',( #544 ) ) ;
#5031 = DIRECTION ( 'NONE',  ( 0.0000000000000000000, 0.0000000000000000000, -1.000000000000000000 ) ) ;
#5032 = B_SPLINE_CURVE_WITH_KNOTS ( 'NONE', 3,
 ( #4008, #5598, #5629, #6405, #1732, #6440, #9327, #4747, #5523, #957, #8600 ),
 .UNSPECIFIED., .F., .F.,
 ( 4, 1, 1, 1, 1, 1, 1, 1, 4 ),
 ( 0.0000000000000000000, 0.09486978756470546000, 0.1957836342065310300, 0.3032057033568426000, 0.4212345528262024800, 0.5488960780012359700, 0.6876390831323600000, 0.8381370387901755400, 1.000000000000000000 ),
 .UNSPECIFIED. ) ;
#5033 = CARTESIAN_POINT ( 'NONE',  ( 7.106507417487521600, 4.509999999999998000, -1.467244278231397000 ) ) ;
#5034 = MECHANICAL_DESIGN_GEOMETRIC_PRESENTATION_REPRESENTATION (  '', ( #3003 ), #3726 ) ;
#5035 = CARTESIAN_POINT ( 'NONE',  ( 3.013548060825892400, 4.509999999999999800, -1.450330118162447700 ) ) ;
#5036 = CARTESIAN_POINT ( 'NONE',  ( 2.813910444751606600, 4.500000000000000900, -2.292204148927301500 ) ) ;
#5037 =( NAMED_UNIT ( * ) SI_UNIT ( $, .STERADIAN. ) SOLID_ANGLE_UNIT ( ) );
#5038 = MECHANICAL_DESIGN_GEOMETRIC_PRESENTATION_REPRESENTATION (  '', ( #9121 ), #3007 ) ;
#5039 = ORIENTED_EDGE ( 'NONE', *, *, #9671, .T. ) ;
#5040 = CARTESIAN_POINT ( 'NONE',  ( 4.029026867094492200, 4.500000000000000900, -1.008570445543400100 ) ) ;
#5041 = ADVANCED_FACE ( 'NONE', ( #7003 ), #5872, .T. ) ;
#5042 = CARTESIAN_POINT ( 'NONE',  ( 4.906865724942597300, 4.509999999999999800, -0.9223453044267369000 ) ) ;
#5043 = FILL_AREA_STYLE_COLOUR ( '', #6123 ) ;
#5044 = ORIENTED_EDGE ( 'NONE', *, *, #3529, .T. ) ;
#5045 =( GEOMETRIC_REPRESENTATION_CONTEXT ( 3 ) GLOBAL_UNCERTAINTY_ASSIGNED_CONTEXT ( ( #9564 ) ) GLOBAL_UNIT_ASSIGNED_CONTEXT ( ( #9647, #5875, #5037 ) ) REPRESENTATION_CONTEXT ( 'NONE', 'WORKASPACE' ) );
#5046 = ORIENTED_EDGE ( 'NONE', *, *, #4043, .F. ) ;
#5047 = CARTESIAN_POINT ( 'NONE',  ( 2.385244779468082100E-015, -0.01000000000000002600, -5.999999999999998200 ) ) ;
#5048 = EDGE_CURVE ( 'NONE', #1017, #8067, #7484, .T. ) ;
#5049 = CIRCLE ( 'NONE', #8012, 1.250000000000000200 ) ;
#5050 = CARTESIAN_POINT ( 'NONE',  ( 7.106507417487521600, 4.499999999999998200, -1.467244278231397000 ) ) ;
#5051 =( NAMED_UNIT ( * ) PLANE_ANGLE_UNIT ( ) SI_UNIT ( $, .RADIAN. ) );
#5052 = CARTESIAN_POINT ( 'NONE',  ( 5.606950058225275600, 4.510000000000000700, -2.283363954505303700 ) ) ;
#5053 = ADVANCED_FACE ( 'NONE', ( #2080 ), #7252, .F. ) ;
#5054 = CARTESIAN_POINT ( 'NONE',  ( 6.088406517392113100, 4.509999999999999800, -1.008570445543400100 ) ) ;
#5055 = DIRECTION ( 'NONE',  ( -0.0000000000000000000, -1.000000000000000000, -0.0000000000000000000 ) ) ;
#5056 = SURFACE_SIDE_STYLE ('',( #2502 ) ) ;
#5057 = CARTESIAN_POINT ( 'NONE',  ( 0.7556089410004299700, 4.500000000000002700, -0.9183460849257125700 ) ) ;
#5058 = CARTESIAN_POINT ( 'NONE',  ( 2.091249369694339500, 4.509999999999999800, -2.286035237384255800 ) ) ;
#5059 = ORIENTED_EDGE ( 'NONE', *, *, #2312, .T. ) ;
#5060 = FILL_AREA_STYLE_COLOUR ( '', #2110 ) ;
#5061 = SURFACE_STYLE_FILL_AREA ( #1143 ) ;
#5062 = CARTESIAN_POINT ( 'NONE',  ( 3.907586967703442900, 4.510000000000000700, -1.371700583321890500 ) ) ;
#5063 = CARTESIAN_POINT ( 'NONE',  ( 7.272756622941297900, 4.499999999999998200, -2.730358528582027800 ) ) ;
#5064 = CARTESIAN_POINT ( 'NONE',  ( 6.838953157297615000, 4.509999999999999800, -1.113845281449732400 ) ) ;
#5065 = EDGE_LOOP ( 'NONE', ( #7834, #7481, #660, #2584 ) ) ;
#5066 = CARTESIAN_POINT ( 'NONE',  ( 2.114653012706989400, 4.500000000000000900, -0.9183319625429866600 ) ) ;
#5067 =( NAMED_UNIT ( * ) PLANE_ANGLE_UNIT ( ) SI_UNIT ( $, .RADIAN. ) );
#5068 = EDGE_CURVE ( 'NONE', #8442, #6206, #7320, .T. ) ;
#5069 = CARTESIAN_POINT ( 'NONE',  ( 5.768794885638572000, 4.509999999999999800, -2.411986976220042300 ) ) ;
#5070 = B_SPLINE_CURVE_WITH_KNOTS ( 'NONE', 3,
 ( #4652, #7065, #7766, #155, #6276, #7027, #3167, #7798, #9258, #2456, #5564 ),
 .UNSPECIFIED., .F., .F.,
 ( 4, 1, 1, 1, 1, 1, 1, 1, 4 ),
 ( 0.0000000000000000000, 0.1133694469408671300, 0.2281438269136123500, 0.3445097344601001400, 0.4649364957487214200, 0.5892915729664018900, 0.7190871373224769800, 0.8555500035966808700, 0.9999999999999998900 ),
 .UNSPECIFIED. ) ;
#5071 = STYLED_ITEM ( 'NONE', ( #4166 ), #7242 ) ;
#5072 = ORIENTED_EDGE ( 'NONE', *, *, #4911, .F. ) ;
#5073 = DIRECTION ( 'NONE',  ( -1.734723475976807100E-015, -1.414962237524463600E-014, 1.000000000000000000 ) ) ;
#5074 =( NAMED_UNIT ( * ) PLANE_ANGLE_UNIT ( ) SI_UNIT ( $, .RADIAN. ) );
#5075 =( LENGTH_UNIT ( ) NAMED_UNIT ( * ) SI_UNIT ( .MILLI., .METRE. ) );
#5076 = MECHANICAL_DESIGN_GEOMETRIC_PRESENTATION_REPRESENTATION (  '', ( #2724 ), #8536 ) ;
#5077 = EDGE_CURVE ( 'NONE', #6206, #9081, #1845, .T. ) ;
#5078 = FILL_AREA_STYLE_COLOUR ( '', #239 ) ;
#5079 = B_SPLINE_CURVE_WITH_KNOTS ( 'NONE', 3,
 ( #5895, #8347, #8221, #626, #3654 ),
 .UNSPECIFIED., .F., .F.,
 ( 4, 1, 4 ),
 ( 0.0000000000000000000, 0.4862122328046493700, 1.000000000000000000 ),
 .UNSPECIFIED. ) ;
#5080 = CARTESIAN_POINT ( 'NONE',  ( 7.083835634732184700, 4.500000000000000000, -1.420027323098118200 ) ) ;
#5081 = CARTESIAN_POINT ( 'NONE',  ( 0.7331192405894378900, 4.509999999999999800, -2.736500938974917800 ) ) ;
#5082 = ORIENTED_EDGE ( 'NONE', *, *, #8854, .T. ) ;
#5083 = SURFACE_STYLE_USAGE ( .BOTH. , #6094 ) ;
#5084 = VECTOR ( 'NONE', #1702, 1000.000000000000000 ) ;
#5085 = B_SPLINE_CURVE_WITH_KNOTS ( 'NONE', 3,
 ( #4936, #407, #3469, #5749, #1782, #6225, #3933, #3280, #1643, #6354, #972 ),
 .UNSPECIFIED., .F., .F.,
 ( 4, 1, 1, 1, 1, 1, 1, 1, 4 ),
 ( 0.0000000000000000000, 0.1440306613881541500, 0.2740342620545223600, 0.3901554936314398100, 0.4984253191023458300, 0.6105705555072857800, 0.7255366516136370100, 0.8561547915775158400, 1.000000000000000000 ),
 .UNSPECIFIED. ) ;
#5086 = SURFACE_SIDE_STYLE ('',( #6812 ) ) ;
#5087 = CARTESIAN_POINT ( 'NONE',  ( 4.029026867094492200, 4.509999999999999800, -1.008570445543400100 ) ) ;
#5088 = CARTESIAN_POINT ( 'NONE',  ( 7.192557655426415200, 4.500000000000000900, -2.552658852900199400 ) ) ;
#5089 = VECTOR ( 'NONE', #1607, 1000.000000000000000 ) ;
#5090 = VERTEX_POINT ( 'NONE', #7425 ) ;
#5091 = ADVANCED_FACE ( 'NONE', ( #9716 ), #9204, .T. ) ;
#5092 = DIRECTION ( 'NONE',  ( 1.000000000000000000, 0.0000000000000000000, 0.0000000000000000000 ) ) ;
#5093 = VERTEX_POINT ( 'NONE', #7351 ) ;
#5094 = PRESENTATION_LAYER_ASSIGNMENT (  '', '', ( #818 ) ) ;
#5095 = VERTEX_POINT ( 'NONE', #2756 ) ;
#5096 = CARTESIAN_POINT ( 'NONE',  ( 6.036434791201636500, 4.509999999999999800, -2.554729299710066600 ) ) ;
#5097 = CARTESIAN_POINT ( 'NONE',  ( 2.541797296214841400, 4.500000000000000000, -1.325912464700393900 ) ) ;
#5098 = SURFACE_SIDE_STYLE ('',( #5601 ) ) ;
#5099 = CARTESIAN_POINT ( 'NONE',  ( 3.999999999999999100, 1.000000000000000000, -12.00000000000000200 ) ) ;
#5100 = CARTESIAN_POINT ( 'NONE',  ( 2.467770560209669100, 4.500000000000000900, -1.240869370691671400 ) ) ;
#5101 = DIRECTION ( 'NONE',  ( -0.0000000000000000000, -0.0000000000000000000, -1.000000000000000000 ) ) ;
#5102 = ADVANCED_FACE ( 'NONE', ( #1720 ), #8524, .F. ) ;
#5103 = CARTESIAN_POINT ( 'NONE',  ( 7.369872250218883800, 4.500000000000000900, -1.620372117880663800 ) ) ;
#5104 = VECTOR ( 'NONE', #5931, 1000.000000000000000 ) ;
#5105 = AXIS2_PLACEMENT_3D ( 'NONE', #2471, #7112, #203 ) ;
#5106 = ORIENTED_EDGE ( 'NONE', *, *, #7400, .T. ) ;
#5107 = ORIENTED_EDGE ( 'NONE', *, *, #1743, .T. ) ;
#5108 = CARTESIAN_POINT ( 'NONE',  ( 3.018732530277337100, 4.509999999999998900, -1.489723548288325800 ) ) ;
#5109 = EDGE_CURVE ( 'NONE', #7641, #314, #4349, .T. ) ;
#5110 = CARTESIAN_POINT ( 'NONE',  ( 9.010000000000001600, -0.01000000000000002600, 1.999999999999984500 ) ) ;
#5111 = VERTEX_POINT ( 'NONE', #518 ) ;
#5112 = B_SPLINE_CURVE_WITH_KNOTS ( 'NONE', 3,
 ( #4818, #966, #4111, #1737, #1035, #7929, #3347 ),
 .UNSPECIFIED., .F., .F.,
 ( 4, 1, 1, 1, 4 ),
 ( 0.0000000000000000000, 0.2443466422217146800, 0.4905701214781019700, 0.7415482340492825000, 1.000000000000000000 ),
 .UNSPECIFIED. ) ;
#5113 =( GEOMETRIC_REPRESENTATION_CONTEXT ( 3 ) GLOBAL_UNCERTAINTY_ASSIGNED_CONTEXT ( ( #648 ) ) GLOBAL_UNIT_ASSIGNED_CONTEXT ( ( #3185, #4767, #1718 ) ) REPRESENTATION_CONTEXT ( 'NONE', 'WORKASPACE' ) );
#5114 = SURFACE_STYLE_FILL_AREA ( #9192 ) ;
#5115 = CARTESIAN_POINT ( 'NONE',  ( 6.444494047619048000, 4.500000000000000900, -2.376888549152031100 ) ) ;
#5116 = SURFACE_STYLE_FILL_AREA ( #9690 ) ;
#5117 = CARTESIAN_POINT ( 'NONE',  ( 5.314109002976188400, 4.509999999999999800, -2.376888549152031100 ) ) ;
#5119 = ORIENTED_EDGE ( 'NONE', *, *, #4513, .F. ) ;
#5118 =( NAMED_UNIT ( * ) PLANE_ANGLE_UNIT ( ) SI_UNIT ( $, .RADIAN. ) );
#5120 = CARTESIAN_POINT ( 'NONE',  ( 7.121154595448858900, 4.500000000000001800, -1.500099121680148300 ) ) ;
#5121 = LINE ( 'NONE', #3372, #9794 ) ;
#5122 =( NAMED_UNIT ( * ) SI_UNIT ( $, .STERADIAN. ) SOLID_ANGLE_UNIT ( ) );
#5123 =( NAMED_UNIT ( * ) PLANE_ANGLE_UNIT ( ) SI_UNIT ( $, .RADIAN. ) );
#5124 =( NAMED_UNIT ( * ) SI_UNIT ( $, .STERADIAN. ) SOLID_ANGLE_UNIT ( ) );
#5125 = CARTESIAN_POINT ( 'NONE',  ( 4.398640456104886600, 4.509999999999999800, -2.339670029120749700 ) ) ;
#5126 = SURFACE_STYLE_USAGE ( .BOTH. , #7401 ) ;
#5127 =( NAMED_UNIT ( * ) PLANE_ANGLE_UNIT ( ) SI_UNIT ( $, .RADIAN. ) );
#5128 = CARTESIAN_POINT ( 'NONE',  ( 7.424776931981678100, 4.500000000000000900, -2.626113007801862000 ) ) ;
#5129 = CARTESIAN_POINT ( 'NONE',  ( 2.805662209501913500, 4.510000000000000700, -2.205740874638906200 ) ) ;
#5130 = CARTESIAN_POINT ( 'NONE',  ( 2.378313867195774600, 4.500000000000000900, -0.9736139167874707800 ) ) ;
#5131 = MECHANICAL_DESIGN_GEOMETRIC_PRESENTATION_REPRESENTATION (  '', ( #4609 ), #395 ) ;
#5132 = CARTESIAN_POINT ( 'NONE',  ( 6.140000000000004100, 1.739999999999996000, 6.749999999999983100 ) ) ;
#5133 = CARTESIAN_POINT ( 'NONE',  ( 5.544327508835565700, 4.500000000000000900, -2.432514537340274800 ) ) ;
#5134 = VERTEX_POINT ( 'NONE', #4357 ) ;
#5135 = CARTESIAN_POINT ( 'NONE',  ( 7.409007091627089800, 4.500000000000000900, -1.738095816926704000 ) ) ;
#5136 = VECTOR ( 'NONE', #1177, 1000.000000000000000 ) ;
#5137 = EDGE_CURVE ( 'NONE', #373, #5015, #6385, .T. ) ;
#5138 = VECTOR ( 'NONE', #5587, 1000.000000000000000 ) ;
#5139 = SURFACE_SIDE_STYLE ('',( #974 ) ) ;
#5140 = CARTESIAN_POINT ( 'NONE',  ( 4.958021472749254400, 4.509999999999999800, -1.008570445543400100 ) ) ;
#5141 = CIRCLE ( 'NONE', #4492, 1.000000000000000000 ) ;
#5142 = B_SPLINE_CURVE_WITH_KNOTS ( 'NONE', 3,
 ( #3207, #3171, #7135, #4047, #8578, #4014, #9371 ),
 .UNSPECIFIED., .F., .F.,
 ( 4, 1, 1, 1, 4 ),
 ( 0.0000000000000000000, 0.2745796463717087300, 0.5327121943159380800, 0.7742643125489788700, 1.000000000000000000 ),
 .UNSPECIFIED. ) ;
#5143 = EDGE_LOOP ( 'NONE', ( #7151, #8564, #4232, #3880 ) ) ;
#5144 = CARTESIAN_POINT ( 'NONE',  ( 2.999876632421623900, 4.510000000000000700, -2.337151110932627500 ) ) ;
#5145 = PLANE ( 'NONE',  #8950 ) ;
#5146 = DIRECTION ( 'NONE',  ( -0.0000000000000000000, -1.000000000000000000, -0.0000000000000000000 ) ) ;
#5147 = CARTESIAN_POINT ( 'NONE',  ( 4.051141747118993700, 4.500000000000001800, -0.9399744836577723600 ) ) ;
#5148 = MECHANICAL_DESIGN_GEOMETRIC_PRESENTATION_REPRESENTATION (  '', ( #3644 ), #6186 ) ;
#5149 = ADVANCED_FACE ( 'NONE', ( #2190 ), #6141, .T. ) ;
#5150 = STYLED_ITEM ( 'NONE', ( #535 ), #4847 ) ;
#5151 = ORIENTED_EDGE ( 'NONE', *, *, #1235, .F. ) ;
#5152 = CARTESIAN_POINT ( 'NONE',  ( 2.591746407299643500, 4.500000000000001800, -2.735993456962030100 ) ) ;
#5153 =( NAMED_UNIT ( * ) PLANE_ANGLE_UNIT ( ) SI_UNIT ( $, .RADIAN. ) );
#5154 = CARTESIAN_POINT ( 'NONE',  ( 1.660253034319195900, 4.499999999999999100, -1.373590616209322800 ) ) ;
#5155 = STYLED_ITEM ( 'NONE', ( #1903 ), #399 ) ;
#5156 = CARTESIAN_POINT ( 'NONE',  ( 5.777388218470981900, 4.509999999999999800, -2.655424519204114400 ) ) ;
#5157 = ORIENTED_EDGE ( 'NONE', *, *, #2799, .F. ) ;
#5158 = CARTESIAN_POINT ( 'NONE',  ( 5.455407133556547300, 4.509999999999999800, -1.099520966376733600 ) ) ;
#5159 = CARTESIAN_POINT ( 'NONE',  ( 6.920878707365749200, 4.500000000000000900, -0.9622905474261734800 ) ) ;
#5160 = ORIENTED_EDGE ( 'NONE', *, *, #9035, .T. ) ;
#5161 = PRESENTATION_LAYER_ASSIGNMENT (  '', '', ( #4642 ) ) ;
#5162 = CARTESIAN_POINT ( 'NONE',  ( 6.957486358611070900, 4.509999999999999800, -0.9821685688963428500 ) ) ;
#5163 = VECTOR ( 'NONE', #8226, 1000.000000000000000 ) ;
#5164 = EDGE_CURVE ( 'NONE', #6138, #1829, #6130, .T. ) ;
#5165 =( GEOMETRIC_REPRESENTATION_CONTEXT ( 3 ) GLOBAL_UNCERTAINTY_ASSIGNED_CONTEXT ( ( #8018 ) ) GLOBAL_UNIT_ASSIGNED_CONTEXT ( ( #1182, #8072, #8744 ) ) REPRESENTATION_CONTEXT ( 'NONE', 'WORKASPACE' ) );
#5166 = VECTOR ( 'NONE', #1739, 1000.000000000000100 ) ;
#5167 = CARTESIAN_POINT ( 'NONE',  ( 6.713030195373701000, 4.509999999999998900, -2.380389325689974200 ) ) ;
#5168 = DIRECTION ( 'NONE',  ( 0.0000000000000000000, -0.0000000000000000000, 1.000000000000000000 ) ) ;
#5169 = EDGE_LOOP ( 'NONE', ( #7152, #4677, #8333, #2132, #3781, #6893, #2780, #4345 ) ) ;
#5170 = B_SPLINE_CURVE_WITH_KNOTS ( 'NONE', 3,
 ( #3866, #6906, #9209, #3092, #4666, #8426, #4699, #5476, #6939, #9175, #1616 ),
 .UNSPECIFIED., .F., .F.,
 ( 4, 1, 1, 1, 1, 1, 1, 1, 4 ),
 ( 0.0000000000000000000, 0.1122198580049697700, 0.2270545223838667800, 0.3454250782392461200, 0.4672590083171835900, 0.5933319973373585300, 0.7240966600079041800, 0.8594777282766368200, 1.000000000000000000 ),
 .UNSPECIFIED. ) ;
#5171 = ORIENTED_EDGE ( 'NONE', *, *, #9249, .T. ) ;
#5172 = CARTESIAN_POINT ( 'NONE',  ( 6.431501116071427900, 4.509999999999999800, -1.358567539107388400 ) ) ;
#5173 =( LENGTH_UNIT ( ) NAMED_UNIT ( * ) SI_UNIT ( .MILLI., .METRE. ) );
#5174 = CARTESIAN_POINT ( 'NONE',  ( 1.922785347974640800, 4.500000000000000900, -0.9559830000762953300 ) ) ;
#5175 = PRESENTATION_STYLE_ASSIGNMENT (( #3109 ) ) ;
#5176 = CARTESIAN_POINT ( 'NONE',  ( 7.313825665703833900, 4.509999999999999800, -2.351656169316176400 ) ) ;
#5177 = FILL_AREA_STYLE_COLOUR ( '', #5844 ) ;
#5178 = EDGE_CURVE ( 'NONE', #2224, #8158, #5332, .T. ) ;
#5179 = ORIENTED_EDGE ( 'NONE', *, *, #7289, .F. ) ;
#5180 = CARTESIAN_POINT ( 'NONE',  ( 4.669940337544708200, 4.500000000000002700, -2.668096377734473300 ) ) ;
#5181 = CARTESIAN_POINT ( 'NONE',  ( 1.749783225320938000, 4.499999999999999100, -1.108138787319686200 ) ) ;
#5182 = CARTESIAN_POINT ( 'NONE',  ( 0.7401910691034224700, 4.509999999999999800, -2.736630341376733000 ) ) ;
#5183 = CARTESIAN_POINT ( 'NONE',  ( 4.759129499744084100, 4.500000000000000000, -2.505895107314502400 ) ) ;
#5184 = VECTOR ( 'NONE', #8377, 1000.000000000000000 ) ;
#5185 = ADVANCED_FACE ( 'NONE', ( #9102 ), #2153, .F. ) ;
#5186 = VERTEX_POINT ( 'NONE', #2143 ) ;
#5187 = CARTESIAN_POINT ( 'NONE',  ( 3.250000000000003100, 2.490000000000000200, 5.799999999999983800 ) ) ;
#5188 =( NAMED_UNIT ( * ) SI_UNIT ( $, .STERADIAN. ) SOLID_ANGLE_UNIT ( ) );
#5189 = CARTESIAN_POINT ( 'NONE',  ( 3.859476032383031700, 4.500000000000001800, -1.541151236593965900 ) ) ;
#5190 = CARTESIAN_POINT ( 'NONE',  ( 2.940056791759671800, 4.500000000000000900, -2.498291253300096900 ) ) ;
#5191 = CARTESIAN_POINT ( 'NONE',  ( 6.140000000000004100, 1.740000000000000000, 5.999999999999984000 ) ) ;
#5192 = EDGE_CURVE ( 'NONE', #3833, #5998, #9465, .T. ) ;
#5193 = ORIENTED_EDGE ( 'NONE', *, *, #7188, .F. ) ;
#5194 = LINE ( 'NONE', #2395, #2834 ) ;
#5195 = CARTESIAN_POINT ( 'NONE',  ( 7.487459807072171200, 4.500000000000001800, -2.443708560545272000 ) ) ;
#5196 = SURFACE_SIDE_STYLE ('',( #5280 ) ) ;
#5197 = AXIS2_PLACEMENT_3D ( 'NONE', #3000, #5273, #42 ) ;
#5198 = DIRECTION ( 'NONE',  ( 0.0000000000000000000, 1.000000000000000000, 0.0000000000000000000 ) ) ;
#5199 = ORIENTED_EDGE ( 'NONE', *, *, #22, .F. ) ;
#5200 = ORIENTED_EDGE ( 'NONE', *, *, #7922, .T. ) ;
#5201 = B_SPLINE_CURVE_WITH_KNOTS ( 'NONE', 3,
 ( #6281, #232, #8584, #5573, #5611, #6381, #6352 ),
 .UNSPECIFIED., .F., .F.,
 ( 4, 1, 1, 1, 4 ),
 ( 0.0000000000000000000, 0.2562600947496391800, 0.5024194315356107500, 0.7465536571045217100, 1.000000000000000000 ),
 .UNSPECIFIED. ) ;
#5202 = FILL_AREA_STYLE ('',( #7421 ) ) ;
#5203 = MECHANICAL_DESIGN_GEOMETRIC_PRESENTATION_REPRESENTATION (  '', ( #2328 ), #4457 ) ;
#5204 = FILL_AREA_STYLE_COLOUR ( '', #9544 ) ;
#5205 = ORIENTED_EDGE ( 'NONE', *, *, #2725, .F. ) ;
#5206 = VECTOR ( 'NONE', #7457, 1000.000000000000000 ) ;
#5207 = CARTESIAN_POINT ( 'NONE',  ( 5.132207961309521900, 4.509999999999999800, -2.372828258043400100 ) ) ;
#5208 = FILL_AREA_STYLE_COLOUR ( '', #8748 ) ;
#5209 = PRESENTATION_STYLE_ASSIGNMENT (( #1015 ) ) ;
#5210 = ORIENTED_EDGE ( 'NONE', *, *, #3328, .T. ) ;
#5211 = CARTESIAN_POINT ( 'NONE',  ( 6.218958963697073900, 4.510000000000000700, -2.228284837589487500 ) ) ;
#5212 = DIRECTION ( 'NONE',  ( 0.0000000000000000000, 0.0000000000000000000, 1.000000000000000000 ) ) ;
#5213 = CARTESIAN_POINT ( 'NONE',  ( 4.669648281844977200, 4.500000000000000900, -2.439531113327624700 ) ) ;
#5214 = ORIENTED_EDGE ( 'NONE', *, *, #7070, .T. ) ;
#5215 = CARTESIAN_POINT ( 'NONE',  ( 2.781151243762039800, 4.510000000000000700, -2.677835472748986100 ) ) ;
#5216 =( GEOMETRIC_REPRESENTATION_CONTEXT ( 3 ) GLOBAL_UNCERTAINTY_ASSIGNED_CONTEXT ( ( #135 ) ) GLOBAL_UNIT_ASSIGNED_CONTEXT ( ( #7466, #5153, #8162 ) ) REPRESENTATION_CONTEXT ( 'NONE', 'WORKASPACE' ) );
#5217 = VECTOR ( 'NONE', #8308, 1000.000000000000000 ) ;
#5218 =( GEOMETRIC_REPRESENTATION_CONTEXT ( 3 ) GLOBAL_UNCERTAINTY_ASSIGNED_CONTEXT ( ( #8761 ) ) GLOBAL_UNIT_ASSIGNED_CONTEXT ( ( #2049, #4380, #7552 ) ) REPRESENTATION_CONTEXT ( 'NONE', 'WORKASPACE' ) );
#5219 = DIRECTION ( 'NONE',  ( -0.7071067811865474600, 0.0000000000000000000, -0.7071067811865474600 ) ) ;
#5220 = PRESENTATION_LAYER_ASSIGNMENT (  '', '', ( #3194 ) ) ;
#5221 = CARTESIAN_POINT ( 'NONE',  ( 7.094356497515223100, 4.510000000000002500, -1.098375856260236100 ) ) ;
#5222 = ORIENTED_EDGE ( 'NONE', *, *, #123, .T. ) ;
#5223 = SURFACE_SIDE_STYLE ('',( #7349 ) ) ;
#5224 = ORIENTED_EDGE ( 'NONE', *, *, #4101, .T. ) ;
#5225 = CARTESIAN_POINT ( 'NONE',  ( 4.922659744861180200, 4.500000000000000900, -0.9299409107028423500 ) ) ;
#5226 =( NAMED_UNIT ( * ) PLANE_ANGLE_UNIT ( ) SI_UNIT ( $, .RADIAN. ) );
#5227 = CARTESIAN_POINT ( 'NONE',  ( 3.104092552548362700, 4.509999999999999800, -1.359379597329114500 ) ) ;
#5228 = ORIENTED_EDGE ( 'NONE', *, *, #138, .F. ) ;
#5229 = FILL_AREA_STYLE_COLOUR ( '', #612 ) ;
#5230 = VECTOR ( 'NONE', #1049, 1000.000000000000000 ) ;
#5231 = PRESENTATION_STYLE_ASSIGNMENT (( #101 ) ) ;
#5232 = DIRECTION ( 'NONE',  ( 0.0000000000000000000, -1.000000000000000000, 0.0000000000000000000 ) ) ;
#5233 = EDGE_CURVE ( 'NONE', #2438, #179, #3873, .T. ) ;
#5234 = CARTESIAN_POINT ( 'NONE',  ( 7.125692834874560500, 4.499999999999999100, -1.136801199773875600 ) ) ;
#5235 = PLANE ( 'NONE',  #5784 ) ;
#5236 = EDGE_LOOP ( 'NONE', ( #4800, #6999, #285, #5368, #330, #1410, #2685, #8555 ) ) ;
#5237 = LINE ( 'NONE', #3342, #710 ) ;
#5238 = CARTESIAN_POINT ( 'NONE',  ( 6.140000000000004100, 2.990000000000000200, 5.999999999999976900 ) ) ;
#5239 = CARTESIAN_POINT ( 'NONE',  ( 5.151697358630950200, 4.509999999999999800, -2.011868378486108400 ) ) ;
#5240 = CARTESIAN_POINT ( 'NONE',  ( 2.372272589001337600, 4.510000000000001600, -2.529973084293389600 ) ) ;
#5241 = ORIENTED_EDGE ( 'NONE', *, *, #8385, .F. ) ;
#5242 =( LENGTH_UNIT ( ) NAMED_UNIT ( * ) SI_UNIT ( .MILLI., .METRE. ) );
#5243 = CARTESIAN_POINT ( 'NONE',  ( 6.798145403180804200, 4.510000000000000700, -2.137331373742805700 ) ) ;
#5244 = CARTESIAN_POINT ( 'NONE',  ( 2.607112920851933700, 4.509999999999999800, -1.463323049710066900 ) ) ;
#5245 = FILL_AREA_STYLE_COLOUR ( '', #6519 ) ;
#5246 = EDGE_CURVE ( 'NONE', #5015, #4464, #7119, .T. ) ;
#5247 = ORIENTED_EDGE ( 'NONE', *, *, #9816, .T. ) ;
#5248 = CARTESIAN_POINT ( 'NONE',  ( 6.940000000000003100, 2.490000000000000200, 5.999999999999976900 ) ) ;
#5249 = FILL_AREA_STYLE ('',( #5320 ) ) ;
#5250 = CARTESIAN_POINT ( 'NONE',  ( 7.125692834874560500, 4.509999999999998000, -1.136801199773875600 ) ) ;
#5251 =( GEOMETRIC_REPRESENTATION_CONTEXT ( 3 ) GLOBAL_UNCERTAINTY_ASSIGNED_CONTEXT ( ( #5698 ) ) GLOBAL_UNIT_ASSIGNED_CONTEXT ( ( #8740, #4864, #7911 ) ) REPRESENTATION_CONTEXT ( 'NONE', 'WORKASPACE' ) );
#5252 = DIRECTION ( 'NONE',  ( 1.000000000000000000, -0.0000000000000000000, -0.0000000000000000000 ) ) ;
#5253 =( NAMED_UNIT ( * ) SI_UNIT ( $, .STERADIAN. ) SOLID_ANGLE_UNIT ( ) );
#5254 = UNCERTAINTY_MEASURE_WITH_UNIT (LENGTH_MEASURE( 1.000000000000000100E-005 ), #5534, 'distance_accuracy_value', 'NONE');
#5255 = UNCERTAINTY_MEASURE_WITH_UNIT (LENGTH_MEASURE( 1.000000000000000100E-005 ), #4505, 'distance_accuracy_value', 'NONE');
#5256 = CARTESIAN_POINT ( 'NONE',  ( 6.970921810634038700, 4.500000000000002700, -2.671709991107279200 ) ) ;
#5257 = VERTEX_POINT ( 'NONE', #3602 ) ;
#5258 =( LENGTH_UNIT ( ) NAMED_UNIT ( * ) SI_UNIT ( .MILLI., .METRE. ) );
#5259 = MECHANICAL_DESIGN_GEOMETRIC_PRESENTATION_REPRESENTATION (  '', ( #6635 ), #3952 ) ;
#5260 = DIRECTION ( 'NONE',  ( 0.0000000000000000000, -1.000000000000000000, 0.0000000000000000000 ) ) ;
#5261 = EDGE_CURVE ( 'NONE', #7761, #6899, #3272, .T. ) ;
#5262 = CARTESIAN_POINT ( 'NONE',  ( 1.668068974677331400, 4.500000000000000900, -1.449031366756792900 ) ) ;
#5263 = CARTESIAN_POINT ( 'NONE',  ( 6.934007784893021900, 4.509999999999998900, -2.390852232573268400 ) ) ;
#5264 = CARTESIAN_POINT ( 'NONE',  ( 6.394958496093749100, 4.499999999999999100, -2.560413707262149800 ) ) ;
#5265 = SURFACE_STYLE_FILL_AREA ( #619 ) ;
#5266 = DIRECTION ( 'NONE',  ( 0.0000000000000000000, -0.0000000000000000000, 1.000000000000000000 ) ) ;
#5267 = EDGE_LOOP ( 'NONE', ( #8492, #2973, #9527, #270 ) ) ;
#5268 = SURFACE_STYLE_USAGE ( .BOTH. , #1460 ) ;
#5269 = MECHANICAL_DESIGN_GEOMETRIC_PRESENTATION_REPRESENTATION (  '', ( #4451 ), #1842 ) ;
#5270 = MECHANICAL_DESIGN_GEOMETRIC_PRESENTATION_REPRESENTATION (  '', ( #4763 ), #4273 ) ;
#5271 = CARTESIAN_POINT ( 'NONE',  ( 6.151341029575892300, 4.509999999999999800, -2.138549461075394100 ) ) ;
#5272 = CARTESIAN_POINT ( 'NONE',  ( 7.023224145289559000, 4.509999999999999800, -2.495667312210589500 ) ) ;
#5273 = DIRECTION ( 'NONE',  ( 0.0000000000000000000, 4.336808689942025600E-016, 1.000000000000000000 ) ) ;
#5274 =( GEOMETRIC_REPRESENTATION_CONTEXT ( 3 ) GLOBAL_UNCERTAINTY_ASSIGNED_CONTEXT ( ( #4704 ) ) GLOBAL_UNIT_ASSIGNED_CONTEXT ( ( #3702, #7548, #5940 ) ) REPRESENTATION_CONTEXT ( 'NONE', 'WORKASPACE' ) );
#5275 =( NAMED_UNIT ( * ) SI_UNIT ( $, .STERADIAN. ) SOLID_ANGLE_UNIT ( ) );
#5276 = ORIENTED_EDGE ( 'NONE', *, *, #7334, .T. ) ;
#5277 = CARTESIAN_POINT ( 'NONE',  ( 2.053695242745535100, 4.500000000000000900, -2.190927216376734200 ) ) ;
#5278 = PRESENTATION_STYLE_ASSIGNMENT (( #6751 ) ) ;
#5279 =( LENGTH_UNIT ( ) NAMED_UNIT ( * ) SI_UNIT ( .MILLI., .METRE. ) );
#5280 = SURFACE_STYLE_FILL_AREA ( #9014 ) ;
#5281 = CARTESIAN_POINT ( 'NONE',  ( 7.269951230003719000, 4.500000000000000000, -1.380493111093995500 ) ) ;
#5282 = AXIS2_PLACEMENT_3D ( 'NONE', #873, #3250, #7778 ) ;
#5283 = ORIENTED_EDGE ( 'NONE', *, *, #3277, .T. ) ;
#5284 = DIRECTION ( 'NONE',  ( -1.000000000000000000, -0.0000000000000000000, -0.0000000000000000000 ) ) ;
#5285 =( NAMED_UNIT ( * ) PLANE_ANGLE_UNIT ( ) SI_UNIT ( $, .RADIAN. ) );
#5286 = CARTESIAN_POINT ( 'NONE',  ( 4.034006142813955100, 4.500000000000000900, -0.9693535411242261100 ) ) ;
#5287 = EDGE_CURVE ( 'NONE', #8507, #2076, #1116, .T. ) ;
#5288 = STYLED_ITEM ( 'NONE', ( #1409 ), #2906 ) ;
#5289 = CARTESIAN_POINT ( 'NONE',  ( 2.704894396522657300, 4.510000000000001600, -2.499356146188890000 ) ) ;
#5290 = CARTESIAN_POINT ( 'NONE',  ( 7.469234750220874000, 4.500000000000000000, -2.526891249451697500 ) ) ;
#5291 = COLOUR_RGB ( '',1.000000000000000000, 1.000000000000000000, 1.000000000000000000 ) ;
#5292 = LINE ( 'NONE', #2801, #7611 ) ;
#5293 = CARTESIAN_POINT ( 'NONE',  ( 4.398640456104886600, 4.500000000000000900, -2.339670029120749700 ) ) ;
#5294 = VERTEX_POINT ( 'NONE', #2079 ) ;
#5295 = CARTESIAN_POINT ( 'NONE',  ( 2.506112298412682000, 4.510000000000000700, -2.554192164498474400 ) ) ;
#5296 = VERTEX_POINT ( 'NONE', #5943 ) ;
#5297 = CARTESIAN_POINT ( 'NONE',  ( 5.846201245759537800, 4.510000000000001600, -2.693440943449968600 ) ) ;
#5298 = FILL_AREA_STYLE_COLOUR ( '', #6177 ) ;
#5299 = CARTESIAN_POINT ( 'NONE',  ( 4.119571358816963300, 4.500000000000000900, -0.9176199247100669300 ) ) ;
#5300 = SURFACE_STYLE_FILL_AREA ( #1472 ) ;
#5301 = DIRECTION ( 'NONE',  ( 0.0000000000000000000, -1.000000000000000000, 0.0000000000000000000 ) ) ;
#5302 = DIRECTION ( 'NONE',  ( -0.0000000000000000000, -1.000000000000000000, -0.0000000000000000000 ) ) ;
#5303 = EDGE_CURVE ( 'NONE', #8701, #5186, #8181, .T. ) ;
#5304 = ORIENTED_EDGE ( 'NONE', *, *, #6395, .T. ) ;
#5305 = LINE ( 'NONE', #2000, #8904 ) ;
#5306 = CARTESIAN_POINT ( 'NONE',  ( 5.164661820305040500, 4.500000000000000900, -2.026695946533231000 ) ) ;
#5307 = CARTESIAN_POINT ( 'NONE',  ( 7.000728847914305500, 4.509999999999999800, -2.474482064471007700 ) ) ;
#5308 = CARTESIAN_POINT ( 'NONE',  ( 6.054201625773535200, 4.510000000000000700, -2.554258305700128200 ) ) ;
#5309 = VECTOR ( 'NONE', #6517, 1000.000000000000200 ) ;
#5310 = CARTESIAN_POINT ( 'NONE',  ( 5.612946428571428100, 4.500000000000000900, -2.283095824542656200 ) ) ;
#5311 = CARTESIAN_POINT ( 'NONE',  ( 5.455407133556547300, 4.509999999999999800, -1.099520966376733600 ) ) ;
#5312 =( GEOMETRIC_REPRESENTATION_CONTEXT ( 3 ) GLOBAL_UNCERTAINTY_ASSIGNED_CONTEXT ( ( #9110 ) ) GLOBAL_UNIT_ASSIGNED_CONTEXT ( ( #8772, #8068, #4239 ) ) REPRESENTATION_CONTEXT ( 'NONE', 'WORKASPACE' ) );
#5313 = VECTOR ( 'NONE', #99, 1000.000000000000000 ) ;
#5314 = UNCERTAINTY_MEASURE_WITH_UNIT (LENGTH_MEASURE( 1.000000000000000100E-005 ), #1719, 'distance_accuracy_value', 'NONE');
#5315 = ORIENTED_EDGE ( 'NONE', *, *, #3874, .F. ) ;
#5316 = VERTEX_POINT ( 'NONE', #8179 ) ;
#5317 = CARTESIAN_POINT ( 'NONE',  ( 6.386105352746052500, 4.500000000000001800, -2.574465331221079900 ) ) ;
#5318 = FACE_OUTER_BOUND ( 'NONE', #4964, .T. ) ;
#5319 = CARTESIAN_POINT ( 'NONE',  ( 6.759997647807654000, 4.500000000000001800, -1.100200526269885100 ) ) ;
#5320 = FILL_AREA_STYLE_COLOUR ( '', #2536 ) ;
#5321 = FACE_OUTER_BOUND ( 'NONE', #2868, .T. ) ;
#5322 =( LENGTH_UNIT ( ) NAMED_UNIT ( * ) SI_UNIT ( .MILLI., .METRE. ) );
#5323 = CARTESIAN_POINT ( 'NONE',  ( 5.314109002976188400, 4.500000000000000900, -2.376888549152031100 ) ) ;
#5324 = CARTESIAN_POINT ( 'NONE',  ( 5.303188522872054600, 4.509999999999998000, -2.473263217025896600 ) ) ;
#5325 = EDGE_CURVE ( 'NONE', #9109, #1272, #9349, .T. ) ;
#5326 = LINE ( 'NONE', #1812, #4600 ) ;
#5327 = CARTESIAN_POINT ( 'NONE',  ( 2.671671549479165600, 4.500000000000000900, -2.518998737954114100 ) ) ;
#5328 = ORIENTED_EDGE ( 'NONE', *, *, #1943, .F. ) ;
#5329 = ORIENTED_EDGE ( 'NONE', *, *, #9784, .F. ) ;
#5330 = SURFACE_STYLE_USAGE ( .BOTH. , #6928 ) ;
#5331 = LINE ( 'NONE', #2095, #4606 ) ;
#5332 = B_SPLINE_CURVE_WITH_KNOTS ( 'NONE', 3,
 ( #5955, #9084, #7558, #4517, #5240, #1398, #3748, #4484, #9762, #6742, #6806 ),
 .UNSPECIFIED., .F., .F.,
 ( 4, 1, 1, 1, 1, 1, 1, 1, 4 ),
 ( 0.0000000000000000000, 0.1222901245750763600, 0.2422663009996972300, 0.3605965623801642400, 0.4807243483635030300, 0.6033117811621422400, 0.7298445207452363100, 0.8616749098214445700, 1.000000000000000000 ),
 .UNSPECIFIED. ) ;
#5333 = CARTESIAN_POINT ( 'NONE',  ( 4.647003173828124100, 4.500000000000001800, -2.655424519204114800 ) ) ;
#5334 = CARTESIAN_POINT ( 'NONE',  ( 2.235286077546879500, 4.509999999999999800, -2.452624973298953600 ) ) ;
#5335 = SURFACE_STYLE_FILL_AREA ( #7920 ) ;
#5336 = CARTESIAN_POINT ( 'NONE',  ( 6.613693479778741700, 4.500000000000000000, -1.377248336182649500 ) ) ;
#5337 = CARTESIAN_POINT ( 'NONE',  ( -1.009999999999997600, -0.01000000000000002600, -6.000000000000016000 ) ) ;
#5338 =( GEOMETRIC_REPRESENTATION_CONTEXT ( 3 ) GLOBAL_UNCERTAINTY_ASSIGNED_CONTEXT ( ( #4481 ) ) GLOBAL_UNIT_ASSIGNED_CONTEXT ( ( #1500, #6850, #8470 ) ) REPRESENTATION_CONTEXT ( 'NONE', 'WORKASPACE' ) );
#5339 = PRESENTATION_LAYER_ASSIGNMENT (  '', '', ( #1583 ) ) ;
#5340 = FILL_AREA_STYLE_COLOUR ( '', #8019 ) ;
#5341 = ORIENTED_EDGE ( 'NONE', *, *, #479, .F. ) ;
#5342 = ORIENTED_EDGE ( 'NONE', *, *, #8153, .T. ) ;
#5343 = VECTOR ( 'NONE', #4669, 1000.000000000000000 ) ;
#5344 =( NAMED_UNIT ( * ) PLANE_ANGLE_UNIT ( ) SI_UNIT ( $, .RADIAN. ) );
#5345 = DIRECTION ( 'NONE',  ( 0.0000000000000000000, -1.000000000000000000, 0.0000000000000000000 ) ) ;
#5346 = B_SPLINE_CURVE_WITH_KNOTS ( 'NONE', 3,
 ( #4350, #1327, #4326, #476, #6600, #7379, #3568 ),
 .UNSPECIFIED., .F., .F.,
 ( 4, 1, 1, 1, 4 ),
 ( 0.0000000000000000000, 0.2890735175389985700, 0.5515028090246375500, 0.7878253254373861500, 1.000000000000000000 ),
 .UNSPECIFIED. ) ;
#5347 = LINE ( 'NONE', #1848, #1311 ) ;
#5348 = CARTESIAN_POINT ( 'NONE',  ( 6.838953157297615000, 4.500000000000000900, -1.113845281449732400 ) ) ;
#5349 =( GEOMETRIC_REPRESENTATION_CONTEXT ( 3 ) GLOBAL_UNCERTAINTY_ASSIGNED_CONTEXT ( ( #9875 ) ) GLOBAL_UNIT_ASSIGNED_CONTEXT ( ( #9524, #4265, #4306 ) ) REPRESENTATION_CONTEXT ( 'NONE', 'WORKASPACE' ) );
#5350 = EDGE_LOOP ( 'NONE', ( #6435, #1850, #1627, #6109 ) ) ;
#5351 = CARTESIAN_POINT ( 'NONE',  ( 1.860000000000002800, 2.990000000000000200, 5.999999999999976900 ) ) ;
#5352 = MECHANICAL_DESIGN_GEOMETRIC_PRESENTATION_REPRESENTATION (  '', ( #953 ), #9252 ) ;
#5353 = DIRECTION ( 'NONE',  ( 0.0000000000000000000, -1.000000000000000000, -1.414962237524463600E-014 ) ) ;
#5354 = CARTESIAN_POINT ( 'NONE',  ( 0.6496465773809523300, 4.509999999999999800, -2.645679820543399800 ) ) ;
#5355 = VECTOR ( 'NONE', #5302, 1000.000000000000000 ) ;
#5356 = CARTESIAN_POINT ( 'NONE',  ( 2.602220535631536900, 4.509999999999998900, -1.447744820114415400 ) ) ;
#5357 = CARTESIAN_POINT ( 'NONE',  ( 6.670118946681727200, 4.510000000000000700, -1.759273355431101500 ) ) ;
#5358 = CARTESIAN_POINT ( 'NONE',  ( 5.312061128311760200, 4.510000000000000700, -2.425691587641274800 ) ) ;
#5359 = VECTOR ( 'NONE', #6374, 1000.000000000000000 ) ;
#5360 = CARTESIAN_POINT ( 'NONE',  ( 2.795395540845475100, 4.509999999999999800, -2.389232321399279400 ) ) ;
#5361 = CARTESIAN_POINT ( 'NONE',  ( 0.0000000000000000000, 0.0000000000000000000, 0.0000000000000000000 ) ) ;
#5362 = CARTESIAN_POINT ( 'NONE',  ( 4.406631173858847300, 4.500000000000001800, -2.323851074555162800 ) ) ;
#5363 = CARTESIAN_POINT ( 'NONE',  ( 2.153578404017856500, 4.509999999999999800, -2.372828258043400100 ) ) ;
#5364 = EDGE_CURVE ( 'NONE', #942, #8792, #1973, .T. ) ;
#5365 = CARTESIAN_POINT ( 'NONE',  ( 3.018527336545354000, 4.500000000000000900, -1.411113213743273600 ) ) ;
#5366 = CARTESIAN_POINT ( 'NONE',  ( 1.846620396205356500, 4.500000000000001800, -1.375214732652775300 ) ) ;
#5367 = VECTOR ( 'NONE', #9112, 1000.000000000000100 ) ;
#5368 = ORIENTED_EDGE ( 'NONE', *, *, #4004, .T. ) ;
#5369 = CARTESIAN_POINT ( 'NONE',  ( 6.613402157738094400, 4.500000000000000900, -1.361409742883430000 ) ) ;
#5370 = CARTESIAN_POINT ( 'NONE',  ( 2.906375223651199500, 4.509999999999998900, -2.553851000331666100 ) ) ;
#5371 = SURFACE_STYLE_FILL_AREA ( #2134 ) ;
#5372 =( NAMED_UNIT ( * ) SI_UNIT ( $, .STERADIAN. ) SOLID_ANGLE_UNIT ( ) );
#5373 = CARTESIAN_POINT ( 'NONE',  ( 5.182555571056547600, 4.500000000000002700, -1.070692899505453900 ) ) ;
#5374 = VECTOR ( 'NONE', #1975, 1000.000000000000000 ) ;
#5375 = ORIENTED_EDGE ( 'NONE', *, *, #2511, .T. ) ;
#5376 =( NAMED_UNIT ( * ) SI_UNIT ( $, .STERADIAN. ) SOLID_ANGLE_UNIT ( ) );
#5377 = FILL_AREA_STYLE ('',( #6717 ) ) ;
#5378 =( LENGTH_UNIT ( ) NAMED_UNIT ( * ) SI_UNIT ( .MILLI., .METRE. ) );
#5379 = CARTESIAN_POINT ( 'NONE',  ( 5.249956403459821200, 4.509999999999999800, -0.9176199247100669300 ) ) ;
#5380 = EDGE_CURVE ( 'NONE', #3410, #7568, #2523, .T. ) ;
#5381 = COLOUR_RGB ( '',0.8980392156862745400, 0.8980392156862745400, 0.8980392156862745400 ) ;
#5382 = CARTESIAN_POINT ( 'NONE',  ( 6.085564313616071500, 4.500000000000000900, -2.736630341376733000 ) ) ;
#5383 = CARTESIAN_POINT ( 'NONE',  ( 2.053695242745535100, 4.509999999999999800, -2.190927216376733300 ) ) ;
#5384 = UNCERTAINTY_MEASURE_WITH_UNIT (LENGTH_MEASURE( 1.000000000000000100E-005 ), #6845, 'distance_accuracy_value', 'NONE');
#5385 = ORIENTED_EDGE ( 'NONE', *, *, #9581, .F. ) ;
#5386 = CARTESIAN_POINT ( 'NONE',  ( 7.163376300868517200, 4.510000000000000700, -1.598685807076384300 ) ) ;
#5387 = CARTESIAN_POINT ( 'NONE',  ( 2.471723503491458600, 4.500000000000000900, -2.553128057635377900 ) ) ;
#5388 = MECHANICAL_DESIGN_GEOMETRIC_PRESENTATION_REPRESENTATION (  '', ( #5470 ), #5663 ) ;
#5389 = CARTESIAN_POINT ( 'NONE',  ( 7.496921502976189100, 4.509999999999999800, -2.294464639646822700 ) ) ;
#5390 = CARTESIAN_POINT ( 'NONE',  ( 2.682929831211944700, 4.500000000000001800, -2.512342420036346400 ) ) ;
#5391 = CARTESIAN_POINT ( 'NONE',  ( 6.260732252002033400, 4.500000000000002700, -2.414232400811928200 ) ) ;
#5392 = EDGE_LOOP ( 'NONE', ( #683, #5815, #927, #976 ) ) ;
#5393 = UNCERTAINTY_MEASURE_WITH_UNIT (LENGTH_MEASURE( 1.000000000000000100E-005 ), #9269, 'distance_accuracy_value', 'NONE');
#5394 = AXIS2_PLACEMENT_3D ( 'NONE', #7533, #4521, #3688 ) ;
#5395 = EDGE_LOOP ( 'NONE', ( #9007, #6292, #634, #4127 ) ) ;
#5396 = CARTESIAN_POINT ( 'NONE',  ( 6.431501116071427900, 4.509999999999999800, -1.358567539107388400 ) ) ;
#5397 = CARTESIAN_POINT ( 'NONE',  ( 2.135713123139880000, 4.500000000000000900, -1.099520966376733600 ) ) ;
#5398 = PRESENTATION_LAYER_ASSIGNMENT (  '', '', ( #2328 ) ) ;
#5399 = CARTESIAN_POINT ( 'NONE',  ( 2.192758885541906900, 4.500000000000000900, -2.415580175495109400 ) ) ;
#5400 = CARTESIAN_POINT ( 'NONE',  ( -1.009999999999997300, 1.500000000000000400, -1.000000000000015500 ) ) ;
#5401 = DIRECTION ( 'NONE',  ( 0.0000000000000000000, 0.0000000000000000000, -1.000000000000000000 ) ) ;
#5402 = CARTESIAN_POINT ( 'NONE',  ( 7.258303672365889800, 4.500000000000000900, -1.894976910655698800 ) ) ;
#5403 = ORIENTED_EDGE ( 'NONE', *, *, #8825, .T. ) ;
#5404 = CARTESIAN_POINT ( 'NONE',  ( 3.013680924783787200, 4.509999999999998900, -1.443261630863280900 ) ) ;
#5405 = ORIENTED_EDGE ( 'NONE', *, *, #5068, .F. ) ;
#5406 = CARTESIAN_POINT ( 'NONE',  ( 6.088309927966401200, 4.500000000000000900, -1.015785249883067700 ) ) ;
#5407 =( GEOMETRIC_REPRESENTATION_CONTEXT ( 3 ) GLOBAL_UNCERTAINTY_ASSIGNED_CONTEXT ( ( #3723 ) ) GLOBAL_UNIT_ASSIGNED_CONTEXT ( ( #418, #9665, #5863 ) ) REPRESENTATION_CONTEXT ( 'NONE', 'WORKASPACE' ) );
#5408 = ORIENTED_EDGE ( 'NONE', *, *, #4737, .T. ) ;
#5409 = B_SPLINE_CURVE_WITH_KNOTS ( 'NONE', 3,
 ( #4980, #1921, #2663, #8725, #5014, #4942, #4878, #9457, #3506, #6439, #4137 ),
 .UNSPECIFIED., .F., .F.,
 ( 4, 1, 1, 1, 1, 1, 1, 1, 4 ),
 ( 0.0000000000000000000, 0.09486978756470546000, 0.1957836342065310300, 0.3032057033568426000, 0.4212345528262024800, 0.5488960780012359700, 0.6876390831323600000, 0.8381370387901755400, 1.000000000000000000 ),
 .UNSPECIFIED. ) ;
#5410 = PRESENTATION_LAYER_ASSIGNMENT (  '', '', ( #9506 ) ) ;
#5411 = CARTESIAN_POINT ( 'NONE',  ( 5.088573919054214300, 4.509999999999999800, -2.228284837589486600 ) ) ;
#5412 = FILL_AREA_STYLE_COLOUR ( '', #193 ) ;
#5413 = MECHANICAL_DESIGN_GEOMETRIC_PRESENTATION_REPRESENTATION (  '', ( #8199 ), #2164 ) ;
#5414 = SURFACE_STYLE_USAGE ( .BOTH. , #2410 ) ;
#5415 = ORIENTED_EDGE ( 'NONE', *, *, #3292, .T. ) ;
#5416 = EDGE_LOOP ( 'NONE', ( #7969, #9239, #257, #8791 ) ) ;
#5417 =( LENGTH_UNIT ( ) NAMED_UNIT ( * ) SI_UNIT ( .MILLI., .METRE. ) );
#5418 = CARTESIAN_POINT ( 'NONE',  ( 6.651114166566844500, 4.500000000000000900, -1.165503138752370000 ) ) ;
#5419 = CARTESIAN_POINT ( 'NONE',  ( 4.726243522742669800, 4.500000000000002700, -2.484191714886018400 ) ) ;
#5420 = LINE ( 'NONE', #1452, #7497 ) ;
#5421 = CARTESIAN_POINT ( 'NONE',  ( 6.681750398050369600, 4.500000000000000000, -1.804149421210621700 ) ) ;
#5422 = VECTOR ( 'NONE', #1487, 1000.000000000000000 ) ;
#5423 = EDGE_CURVE ( 'NONE', #2411, #1306, #8590, .T. ) ;
#5424 = VERTEX_POINT ( 'NONE', #6589 ) ;
#5425 = AXIS2_PLACEMENT_3D ( 'NONE', #3996, #9347, #1050 ) ;
#5426 =( NAMED_UNIT ( * ) PLANE_ANGLE_UNIT ( ) SI_UNIT ( $, .RADIAN. ) );
#5427 = FILL_AREA_STYLE ('',( #3828 ) ) ;
#5428 = LINE ( 'NONE', #7836, #4139 ) ;
#5429 =( NAMED_UNIT ( * ) PLANE_ANGLE_UNIT ( ) SI_UNIT ( $, .RADIAN. ) );
#5430 = CARTESIAN_POINT ( 'NONE',  ( 4.867476981026784200, 4.509999999999999800, -0.9176199247100669300 ) ) ;
#5431 = CARTESIAN_POINT ( 'NONE',  ( 3.013680924783787200, 4.500000000000000000, -1.443261630863280900 ) ) ;
#5432 = CARTESIAN_POINT ( 'NONE',  ( 1.860000000000002800, 2.990000000000000200, 5.999999999999976900 ) ) ;
#5433 = FACE_OUTER_BOUND ( 'NONE', #3824, .T. ) ;
#5434 = ORIENTED_EDGE ( 'NONE', *, *, #5812, .T. ) ;
#5435 = CARTESIAN_POINT ( 'NONE',  ( 4.407652360737841900, 4.500000000000001800, -2.423362262216187900 ) ) ;
#5436 = CARTESIAN_POINT ( 'NONE',  ( 4.566144718150123800, 4.500000000000000900, -2.336187194071017700 ) ) ;
#5437 = COLOUR_RGB ( '',0.09803921568627450800, 0.09803921568627450800, 0.09803921568627450800 ) ;
#5438 =( NAMED_UNIT ( * ) SI_UNIT ( $, .STERADIAN. ) SOLID_ANGLE_UNIT ( ) );
#5439 = DIRECTION ( 'NONE',  ( -0.0000000000000000000, 1.000000000000000000, -0.0000000000000000000 ) ) ;
#5440 = CARTESIAN_POINT ( 'NONE',  ( 0.7730794270833332100, 4.509999999999999800, -0.9176199247100669300 ) ) ;
#5441 = ORIENTED_EDGE ( 'NONE', *, *, #3955, .T. ) ;
#5442 = CARTESIAN_POINT ( 'NONE',  ( 5.455407133556547300, 4.509999999999999800, -1.099520966376733600 ) ) ;
#5443 = ORIENTED_EDGE ( 'NONE', *, *, #8144, .T. ) ;
#5444 = CARTESIAN_POINT ( 'NONE',  ( 1.745735868673416100, 4.509999999999999800, -2.577083858657770700 ) ) ;
#5445 = CARTESIAN_POINT ( 'NONE',  ( 5.194773639625426900, 4.510000000000000700, -0.9299409107028432400 ) ) ;
#5446 =( GEOMETRIC_REPRESENTATION_CONTEXT ( 3 ) GLOBAL_UNCERTAINTY_ASSIGNED_CONTEXT ( ( #3199 ) ) GLOBAL_UNIT_ASSIGNED_CONTEXT ( ( #993, #1799, #8697 ) ) REPRESENTATION_CONTEXT ( 'NONE', 'WORKASPACE' ) );
#5447 = CARTESIAN_POINT ( 'NONE',  ( 6.444494047619048000, 4.500000000000000900, -2.376888549152031100 ) ) ;
#5448 = CARTESIAN_POINT ( 'NONE',  ( 1.847241707808368000, 4.500000000000000900, -1.389761639788098500 ) ) ;
#5449 = VECTOR ( 'NONE', #8710, 1000.000000000000000 ) ;
#5450 = CARTESIAN_POINT ( 'NONE',  ( 7.233870659386441000, 4.500000000000002700, -1.803245819156814800 ) ) ;
#5451 = COLOUR_RGB ( '',1.000000000000000000, 1.000000000000000000, 1.000000000000000000 ) ;
#5452 = B_SPLINE_CURVE_WITH_KNOTS ( 'NONE', 3,
 ( #4604, #717, #9830, #691, #1491, #6844, #7661, #6914, #2309, #41, #3063 ),
 .UNSPECIFIED., .F., .F.,
 ( 4, 1, 1, 1, 1, 1, 1, 1, 4 ),
 ( 0.0000000000000000000, 0.1505885433767799600, 0.2941289230733409900, 0.4300452503608139200, 0.5580969168575938800, 0.6786951376828387300, 0.7927822232048091800, 0.8994909854023783700, 1.000000000000000000 ),
 .UNSPECIFIED. ) ;
#5453 = MECHANICAL_DESIGN_GEOMETRIC_PRESENTATION_REPRESENTATION (  '', ( #8237 ), #4254 ) ;
#5454 = CARTESIAN_POINT ( 'NONE',  ( 2.166846216603341500, 4.500000000000000000, -2.387305477473979000 ) ) ;
#5455 = CARTESIAN_POINT ( 'NONE',  ( 6.670118946681727200, 4.500000000000001800, -1.759273355431101500 ) ) ;
#5456 = EDGE_CURVE ( 'NONE', #4939, #1283, #7476, .T. ) ;
#5457 = ORIENTED_EDGE ( 'NONE', *, *, #6220, .F. ) ;
#5458 = SURFACE_STYLE_FILL_AREA ( #5377 ) ;
#5459 = CARTESIAN_POINT ( 'NONE',  ( 6.054201625773535200, 4.500000000000001800, -2.554258305700128200 ) ) ;
#5460 = PRESENTATION_STYLE_ASSIGNMENT (( #2683 ) ) ;
#5461 = VERTEX_POINT ( 'NONE', #2909 ) ;
#5462 = CARTESIAN_POINT ( 'NONE',  ( 5.159411911737351800, 4.500000000000000900, -1.008570445543400100 ) ) ;
#5463 = CARTESIAN_POINT ( 'NONE',  ( 7.269951230003719000, 4.509999999999999800, -1.380493111093995500 ) ) ;
#5464 = LINE ( 'NONE', #7096, #3460 ) ;
#5465 = DIRECTION ( 'NONE',  ( 0.0000000000000000000, 0.0000000000000000000, -1.000000000000000000 ) ) ;
#5466 = EDGE_LOOP ( 'NONE', ( #3620, #2939, #9733, #2623 ) ) ;
#5467 = CARTESIAN_POINT ( 'NONE',  ( 7.479244435280844700, 4.510000000000000700, -2.486933688462568800 ) ) ;
#5468 = CARTESIAN_POINT ( 'NONE',  ( 6.940000000000003100, 1.740000000000000000, 5.999999999999984000 ) ) ;
#5469 = ORIENTED_EDGE ( 'NONE', *, *, #3076, .F. ) ;
#5470 = STYLED_ITEM ( 'NONE', ( #9148 ), #7283 ) ;
#5471 = CARTESIAN_POINT ( 'NONE',  ( 6.866154632173617300, 4.500000000000000900, -2.278415578169777700 ) ) ;
#5472 =( LENGTH_UNIT ( ) NAMED_UNIT ( * ) SI_UNIT ( .MILLI., .METRE. ) );
#5473 = STYLED_ITEM ( 'NONE', ( #4694 ), #5041 ) ;
#5474 = CARTESIAN_POINT ( 'NONE',  ( 0.6615252670045747000, 4.509999999999999800, -2.590227330290587800 ) ) ;
#5475 = STYLED_ITEM ( 'NONE', ( #401 ), #538 ) ;
#5476 = CARTESIAN_POINT ( 'NONE',  ( 6.558539820996288400, 4.500000000000001800, -2.031852487599741200 ) ) ;
#5477 = UNCERTAINTY_MEASURE_WITH_UNIT (LENGTH_MEASURE( 1.000000000000000100E-005 ), #8844, 'distance_accuracy_value', 'NONE');
#5478 = COLOUR_RGB ( '',0.8980392156862745400, 0.8980392156862745400, 0.8980392156862745400 ) ;
#5479 = DIRECTION ( 'NONE',  ( -0.7071067811865475700, 0.0000000000000000000, 0.7071067811865475700 ) ) ;
#5480 = CARTESIAN_POINT ( 'NONE',  ( 0.7331427023621579500, 4.509999999999999800, -2.555099354554651600 ) ) ;
#5481 = LINE ( 'NONE', #4152, #2865 ) ;
#5482 = CARTESIAN_POINT ( 'NONE',  ( 6.018427231922436800, 4.509999999999999800, -1.099144658173321500 ) ) ;
#5483 = CARTESIAN_POINT ( 'NONE',  ( 3.942948695591516700, 4.509999999999999800, -1.450330118162447700 ) ) ;
#5484 = CARTESIAN_POINT ( 'NONE',  ( 9.009999999999999800, -0.01000000000000002600, -6.000000000000016000 ) ) ;
#5485 = LINE ( 'NONE', #2267, #952 ) ;
#5486 = EDGE_CURVE ( 'NONE', #2820, #9098, #194, .T. ) ;
#5487 = VERTEX_POINT ( 'NONE', #3592 ) ;
#5488 = CARTESIAN_POINT ( 'NONE',  ( 6.443173864328841200, 4.509999999999999800, -2.330309223782979400 ) ) ;
#5489 = MECHANICAL_DESIGN_GEOMETRIC_PRESENTATION_REPRESENTATION (  '', ( #6144 ), #9075 ) ;
#5490 = CARTESIAN_POINT ( 'NONE',  ( 5.660903384264000400, 4.500000000000000000, -2.564085325910710400 ) ) ;
#5491 = DIRECTION ( 'NONE',  ( -0.0000000000000000000, -0.0000000000000000000, -1.000000000000000000 ) ) ;
#5492 = VECTOR ( 'NONE', #8228, 1000.000000000000000 ) ;
#5493 = CARTESIAN_POINT ( 'NONE',  ( 4.048610074537859500, 4.510000000000000700, -1.066209992267790300 ) ) ;
#5494 = CARTESIAN_POINT ( 'NONE',  ( 6.632056859210994300, 4.509999999999998000, -1.570486415845414200 ) ) ;
#5495 = FACE_OUTER_BOUND ( 'NONE', #2902, .T. ) ;
#5496 = PRESENTATION_STYLE_ASSIGNMENT (( #426 ) ) ;
#5497 = SURFACE_SIDE_STYLE ('',( #8080 ) ) ;
#5498 = EDGE_LOOP ( 'NONE', ( #8518, #2116, #1434, #3321, #7995, #7402, #5744, #8284 ) ) ;
#5499 = CARTESIAN_POINT ( 'NONE',  ( 7.359332956214194300, 4.500000000000000900, -2.694242634794588500 ) ) ;
#5500 = CARTESIAN_POINT ( 'NONE',  ( 5.790000000000003600, 2.990000000000000200, 5.799999999999983800 ) ) ;
#5501 = CIRCLE ( 'NONE', #7360, 0.7499999999999997800 ) ;
#5502 = CARTESIAN_POINT ( 'NONE',  ( 2.068099228592611600, 4.500000000000000900, -0.9185061111007342100 ) ) ;
#5503 = EDGE_CURVE ( 'NONE', #3715, #5674, #5049, .T. ) ;
#5504 = CARTESIAN_POINT ( 'NONE',  ( 1.860000000000002800, 2.990000000000000200, 5.799999999999983800 ) ) ;
#5505 = FILL_AREA_STYLE ('',( #7072 ) ) ;
#5506 = FILL_AREA_STYLE ('',( #4976 ) ) ;
#5507 = PRESENTATION_STYLE_ASSIGNMENT (( #4302 ) ) ;
#5508 =( NAMED_UNIT ( * ) SI_UNIT ( $, .STERADIAN. ) SOLID_ANGLE_UNIT ( ) );
#5509 = ADVANCED_FACE ( 'NONE', ( #5527 ), #2548, .T. ) ;
#5510 = ORIENTED_EDGE ( 'NONE', *, *, #6291, .T. ) ;
#5511 = CARTESIAN_POINT ( 'NONE',  ( 3.000489052769021600, 4.509999999999999800, -2.235906277177237100 ) ) ;
#5512 = SURFACE_SIDE_STYLE ('',( #2849 ) ) ;
#5513 = CARTESIAN_POINT ( 'NONE',  ( 6.004933854183627200, 4.500000000000001800, -1.099391563974918600 ) ) ;
#5514 =( LENGTH_UNIT ( ) NAMED_UNIT ( * ) SI_UNIT ( .MILLI., .METRE. ) );
#5515 = PLANE ( 'NONE',  #6337 ) ;
#5516 = CARTESIAN_POINT ( 'NONE',  ( 6.723842075892855900, 4.500000000000000900, -0.9176199247100669300 ) ) ;
#5517 = UNCERTAINTY_MEASURE_WITH_UNIT (LENGTH_MEASURE( 1.000000000000000100E-005 ), #5687, 'distance_accuracy_value', 'NONE');
#5518 = ORIENTED_EDGE ( 'NONE', *, *, #2889, .T. ) ;
#5519 = EDGE_CURVE ( 'NONE', #9771, #1481, #639, .T. ) ;
#5520 = CARTESIAN_POINT ( 'NONE',  ( 6.798145403180804200, 4.500000000000001800, -2.137331373742805700 ) ) ;
#5521 = DIRECTION ( 'NONE',  ( -0.0000000000000000000, -1.000000000000000000, -0.0000000000000000000 ) ) ;
#5522 = SURFACE_STYLE_FILL_AREA ( #7180 ) ;
#5523 = CARTESIAN_POINT ( 'NONE',  ( 5.822577710892672600, 4.500000000000001800, -2.458556450953181200 ) ) ;
#5524 = ORIENTED_EDGE ( 'NONE', *, *, #4752, .F. ) ;
#5525 = CARTESIAN_POINT ( 'NONE',  ( 4.041578246799151200, 4.500000000000000900, -1.057356331956339700 ) ) ;
#5526 = SURFACE_SIDE_STYLE ('',( #2992 ) ) ;
#5527 = FACE_OUTER_BOUND ( 'NONE', #8999, .T. ) ;
#5528 =( LENGTH_UNIT ( ) NAMED_UNIT ( * ) SI_UNIT ( .MILLI., .METRE. ) );
#5529 = CARTESIAN_POINT ( 'NONE',  ( 7.424776931981678100, 4.509999999999999800, -2.626113007801862000 ) ) ;
#5530 = CARTESIAN_POINT ( 'NONE',  ( 6.246890928115340600, 4.500000000000000000, -2.287051556701786800 ) ) ;
#5531 =( GEOMETRIC_REPRESENTATION_CONTEXT ( 3 ) GLOBAL_UNCERTAINTY_ASSIGNED_CONTEXT ( ( #5957 ) ) GLOBAL_UNIT_ASSIGNED_CONTEXT ( ( #5528, #5426, #2422 ) ) REPRESENTATION_CONTEXT ( 'NONE', 'WORKASPACE' ) );
#5532 = CARTESIAN_POINT ( 'NONE',  ( 0.7100000000000031800, 2.990000000000000200, 1.999999999999984500 ) ) ;
#5533 = ORIENTED_EDGE ( 'NONE', *, *, #9683, .F. ) ;
#5534 =( LENGTH_UNIT ( ) NAMED_UNIT ( * ) SI_UNIT ( .MILLI., .METRE. ) );
#5535 = EDGE_CURVE ( 'NONE', #3104, #4987, #1188, .T. ) ;
#5536 = CARTESIAN_POINT ( 'NONE',  ( 5.131910182157954000, 4.500000000000003600, -2.363467509424859200 ) ) ;
#5537 = ORIENTED_EDGE ( 'NONE', *, *, #6949, .F. ) ;
#5538 = CARTESIAN_POINT ( 'NONE',  ( 6.262593005952380700, 4.500000000000000900, -2.372828258043400100 ) ) ;
#5539 = FILL_AREA_STYLE_COLOUR ( '', #2020 ) ;
#5540 =( LENGTH_UNIT ( ) NAMED_UNIT ( * ) SI_UNIT ( .MILLI., .METRE. ) );
#5541 = CARTESIAN_POINT ( 'NONE',  ( 7.496921502976189100, 4.500000000000000900, -2.294464639646822700 ) ) ;
#5542 = CARTESIAN_POINT ( 'NONE',  ( 6.085564313616071500, 4.509999999999999800, -2.736630341376733000 ) ) ;
#5543 = SURFACE_STYLE_FILL_AREA ( #3346 ) ;
#5544 = ORIENTED_EDGE ( 'NONE', *, *, #9299, .F. ) ;
#5545 = CARTESIAN_POINT ( 'NONE',  ( 6.763289641948047900, 4.500000000000002700, -2.055851261491139500 ) ) ;
#5546 = CARTESIAN_POINT ( 'NONE',  ( 6.432256153384944500, 4.509999999999999800, -1.394051440477976200 ) ) ;
#5547 = AXIS2_PLACEMENT_3D ( 'NONE', #4041, #9363, #4783 ) ;
#5548 = EDGE_LOOP ( 'NONE', ( #2067, #9825, #4493, #3638 ) ) ;
#5549 = CARTESIAN_POINT ( 'NONE',  ( 6.088406517392113100, 4.500000000000001800, -1.008570445543400100 ) ) ;
#5550 = CARTESIAN_POINT ( 'NONE',  ( 5.046756222461295000, 4.509999999999998900, -2.168127442189548200 ) ) ;
#5551 = CARTESIAN_POINT ( 'NONE',  ( 1.762871472978455100, 4.509999999999999800, -2.606462916124225000 ) ) ;
#5552 =( GEOMETRIC_REPRESENTATION_CONTEXT ( 3 ) GLOBAL_UNCERTAINTY_ASSIGNED_CONTEXT ( ( #4300 ) ) GLOBAL_UNIT_ASSIGNED_CONTEXT ( ( #3565, #6628, #1248 ) ) REPRESENTATION_CONTEXT ( 'NONE', 'WORKASPACE' ) );
#5553 = EDGE_LOOP ( 'NONE', ( #8903, #2188, #3681, #5982 ) ) ;
#5554 = CARTESIAN_POINT ( 'NONE',  ( 6.295046864947899200, 4.510000000000000700, -2.026695946533230600 ) ) ;
#5555 = SURFACE_STYLE_FILL_AREA ( #2534 ) ;
#5556 =( NAMED_UNIT ( * ) SI_UNIT ( $, .STERADIAN. ) SOLID_ANGLE_UNIT ( ) );
#5557 = ADVANCED_FACE ( 'NONE', ( #7228 ), #2599, .T. ) ;
#5558 = PRESENTATION_STYLE_ASSIGNMENT (( #9701 ) ) ;
#5559 = AXIS2_PLACEMENT_3D ( 'NONE', #3628, #669, #8230 ) ;
#5560 = CARTESIAN_POINT ( 'NONE',  ( 1.091000220889136700, 4.500000000000000900, -2.554729299710066600 ) ) ;
#5561 = CARTESIAN_POINT ( 'NONE',  ( 2.058539163056122500, 4.510000000000000700, -2.207063639460931100 ) ) ;
#5562 = VECTOR ( 'NONE', #2505, 1000.000000000000000 ) ;
#5563 = EDGE_CURVE ( 'NONE', #576, #1231, #3028, .T. ) ;
#5564 = CARTESIAN_POINT ( 'NONE',  ( 6.282082403273809800, 4.509999999999999800, -2.011868378486108400 ) ) ;
#5565 = ORIENTED_EDGE ( 'NONE', *, *, #8634, .F. ) ;
#5566 = VERTEX_POINT ( 'NONE', #9070 ) ;
#5567 = CARTESIAN_POINT ( 'NONE',  ( 7.383375572141038600, 4.509999999999999800, -2.674902905427476400 ) ) ;
#5568 =( NAMED_UNIT ( * ) PLANE_ANGLE_UNIT ( ) SI_UNIT ( $, .RADIAN. ) );
#5569 = DIRECTION ( 'NONE',  ( -0.0000000000000000000, -1.000000000000000000, -0.0000000000000000000 ) ) ;
#5570 = PRESENTATION_STYLE_ASSIGNMENT (( #3555 ) ) ;
#5571 = PLANE ( 'NONE',  #2931 ) ;
#5572 = SURFACE_SIDE_STYLE ('',( #9747 ) ) ;
#5573 = CARTESIAN_POINT ( 'NONE',  ( 5.650723507801373600, 4.509999999999998000, -2.290491966352345500 ) ) ;
#5574 = CARTESIAN_POINT ( 'NONE',  ( 5.004059904188896000, 4.500000000000000900, -2.734953802264012500 ) ) ;
#5575 = CARTESIAN_POINT ( 'NONE',  ( 7.204580543154761200, 4.500000000000000000, -2.736630341376733000 ) ) ;
#5576 = LINE ( 'NONE', #6594, #3567 ) ;
#5577 = CARTESIAN_POINT ( 'NONE',  ( 5.160450128570917400, 4.510000000000000700, -1.025705839578742200 ) ) ;
#5578 = VECTOR ( 'NONE', #7585, 1000.000000000000000 ) ;
#5579 = UNCERTAINTY_MEASURE_WITH_UNIT (LENGTH_MEASURE( 1.000000000000000100E-005 ), #6613, 'distance_accuracy_value', 'NONE');
#5580 = CARTESIAN_POINT ( 'NONE',  ( 4.501951989180579300, 4.500000000000000900, -2.284214916070034500 ) ) ;
#5581 = EDGE_LOOP ( 'NONE', ( #1605, #9841, #7587, #9712, #2124, #6877 ) ) ;
#5582 = VERTEX_POINT ( 'NONE', #2228 ) ;
#5583 = CARTESIAN_POINT ( 'NONE',  ( 6.687705485026040900, 4.500000000000000900, -1.827125133043400000 ) ) ;
#5584 = CARTESIAN_POINT ( 'NONE',  ( 2.135713123139880000, 4.500000000000000900, -1.099520966376733600 ) ) ;
#5585 = UNCERTAINTY_MEASURE_WITH_UNIT (LENGTH_MEASURE( 1.000000000000000100E-005 ), #7575, 'distance_accuracy_value', 'NONE');
#5586 = CARTESIAN_POINT ( 'NONE',  ( 6.687705485026040900, 4.500000000000000900, -1.827125133043400000 ) ) ;
#5587 = DIRECTION ( 'NONE',  ( -0.0000000000000000000, -1.000000000000000000, -0.0000000000000000000 ) ) ;
#5588 = CYLINDRICAL_SURFACE ( 'NONE', #948, 0.7499999999999997800 ) ;
#5589 = EDGE_CURVE ( 'NONE', #5296, #7005, #2413, .T. ) ;
#5590 = CARTESIAN_POINT ( 'NONE',  ( 1.755972059074294400, 4.510000000000000700, -2.590227330290587400 ) ) ;
#5591 = CARTESIAN_POINT ( 'NONE',  ( 3.942562321022016200, 4.509999999999998900, -1.429774628317754100 ) ) ;
#5592 = B_SPLINE_CURVE_WITH_KNOTS ( 'NONE', 3,
 ( #3583, #9392, #3513, #523, #9595, #384, #7288, #5728, #8863, #8129, #458, #1166, #6582, #5794, #1992 ),
 .UNSPECIFIED., .F., .F.,
 ( 4, 1, 1, 1, 1, 1, 1, 1, 1, 1, 1, 1, 4 ),
 ( 0.0000000000000000000, 0.06637750549574722400, 0.1306191492589933400, 0.1923178888169102300, 0.2529437596923494500, 0.3126712166365245800, 0.3726675467376794300, 0.4335447669146608200, 0.4958624727019646500, 0.6203322117168669200, 0.7426345346008282900, 0.8678151099651970600, 1.000000000000000000 ),
 .UNSPECIFIED. ) ;
#5593 = ORIENTED_EDGE ( 'NONE', *, *, #5077, .F. ) ;
#5594 = AXIS2_PLACEMENT_3D ( 'NONE', #2104, #6557, #7331 ) ;
#5595 = ORIENTED_EDGE ( 'NONE', *, *, #1484, .F. ) ;
#5596 = CARTESIAN_POINT ( 'NONE',  ( 4.922937038384960200, 4.509999999999998900, -1.087793544779792600 ) ) ;
#5597 = SURFACE_SIDE_STYLE ('',( #1613 ) ) ;
#5598 = CARTESIAN_POINT ( 'NONE',  ( 6.027477501788582400, 4.500000000000001800, -2.554278226873298000 ) ) ;
#5599 = AXIS2_PLACEMENT_3D ( 'NONE', #3800, #2113, #8450 ) ;
#5600 = EDGE_CURVE ( 'NONE', #3304, #3584, #3515, .T. ) ;
#5601 = SURFACE_STYLE_FILL_AREA ( #9668 ) ;
#5602 = COLOUR_RGB ( '',0.09803921568627450800, 0.09803921568627450800, 0.09803921568627450800 ) ;
#5603 = EDGE_LOOP ( 'NONE', ( #7244, #4560, #9496, #2727 ) ) ;
#5604 = SURFACE_STYLE_USAGE ( .BOTH. , #4110 ) ;
#5605 = CARTESIAN_POINT ( 'NONE',  ( 6.037250769585452500, 4.500000000000000000, -0.9223453044267365700 ) ) ;
#5606 = FACE_BOUND ( 'NONE', #5581, .T. ) ;
#5607 = CARTESIAN_POINT ( 'NONE',  ( 6.723842075892855900, 4.500000000000003600, -0.9176199247100669300 ) ) ;
#5608 = CARTESIAN_POINT ( 'NONE',  ( 6.595793027778753100, 4.510000000000000700, -0.9446731299589044000 ) ) ;
#5609 = B_SPLINE_CURVE_WITH_KNOTS ( 'NONE', 3,
 ( #7814, #1816, #9312, #1680, #6389, #7181, #1716 ),
 .UNSPECIFIED., .F., .F.,
 ( 4, 1, 1, 1, 4 ),
 ( 0.0000000000000000000, 0.2589140960132656500, 0.5002977096673241200, 0.7469838535467533400, 1.000000000000000000 ),
 .UNSPECIFIED. ) ;
#5610 = CARTESIAN_POINT ( 'NONE',  ( 5.194773639625426900, 4.500000000000000900, -0.9299409107028432400 ) ) ;
#5611 = CARTESIAN_POINT ( 'NONE',  ( 5.632337033823437100, 4.510000000000000700, -2.284214916070033600 ) ) ;
#5612 = AXIS2_PLACEMENT_3D ( 'NONE', #5705, #297, #3385 ) ;
#5613 = CARTESIAN_POINT ( 'NONE',  ( 6.036434791201636500, 4.500000000000000900, -2.554729299710066600 ) ) ;
#5614 = SURFACE_SIDE_STYLE ('',( #7983 ) ) ;
#5615 =( GEOMETRIC_REPRESENTATION_CONTEXT ( 3 ) GLOBAL_UNCERTAINTY_ASSIGNED_CONTEXT ( ( #1669 ) ) GLOBAL_UNIT_ASSIGNED_CONTEXT ( ( #5723, #1989, #453 ) ) REPRESENTATION_CONTEXT ( 'NONE', 'WORKASPACE' ) );
#5616 = ADVANCED_FACE ( 'NONE', ( #9693 ), #5953, .T. ) ;
#5617 = DIRECTION ( 'NONE',  ( 1.000000000000000000, 0.0000000000000000000, 0.0000000000000000000 ) ) ;
#5618 =( GEOMETRIC_REPRESENTATION_CONTEXT ( 3 ) GLOBAL_UNCERTAINTY_ASSIGNED_CONTEXT ( ( #3387 ) ) GLOBAL_UNIT_ASSIGNED_CONTEXT ( ( #1795, #7189, #8627 ) ) REPRESENTATION_CONTEXT ( 'NONE', 'WORKASPACE' ) );
#5619 = CARTESIAN_POINT ( 'NONE',  ( 0.7730794270833332100, 4.509999999999999800, -0.9176199247100669300 ) ) ;
#5620 = CARTESIAN_POINT ( 'NONE',  ( 6.687705485026040900, 4.509999999999999800, -1.827125133043400000 ) ) ;
#5621 = CARTESIAN_POINT ( 'NONE',  ( 4.530518339621141700, 4.509999999999999800, -2.564085325910711700 ) ) ;
#5622 = COLOUR_RGB ( '',1.000000000000000000, 1.000000000000000000, 1.000000000000000000 ) ;
#5623 = ORIENTED_EDGE ( 'NONE', *, *, #7105, .F. ) ;
#5624 = CARTESIAN_POINT ( 'NONE',  ( 3.891792947784858300, 4.509999999999998900, -1.364104977045784300 ) ) ;
#5625 = SURFACE_STYLE_FILL_AREA ( #2157 ) ;
#5626 = EDGE_CURVE ( 'NONE', #5714, #2714, #1942, .T. ) ;
#5627 = CARTESIAN_POINT ( 'NONE',  ( 1.697871463228240300, 4.510000000000000700, -2.736254033173320700 ) ) ;
#5628 = ORIENTED_EDGE ( 'NONE', *, *, #4986, .T. ) ;
#5629 = CARTESIAN_POINT ( 'NONE',  ( 6.008992263031920800, 4.500000000000001800, -2.553347343801443300 ) ) ;
#5630 = CARTESIAN_POINT ( 'NONE',  ( 4.030065083928058700, 4.500000000000002700, -1.025705839578742200 ) ) ;
#5631 = CARTESIAN_POINT ( 'NONE',  ( 2.141840252967773600, 4.509999999999998900, -2.358750625986579600 ) ) ;
#5632 = CARTESIAN_POINT ( 'NONE',  ( 2.427029409775403000, 4.500000000000000000, -0.9953936658923971900 ) ) ;
#5633 = ORIENTED_EDGE ( 'NONE', *, *, #756, .F. ) ;
#5634 = CARTESIAN_POINT ( 'NONE',  ( 6.503775872008304800, 4.500000000000003600, -1.028077184399356600 ) ) ;
#5635 = CARTESIAN_POINT ( 'NONE',  ( 6.723842075892855900, 4.509999999999999800, -0.9176199247100669300 ) ) ;
#5636 = DIRECTION ( 'NONE',  ( -0.0000000000000000000, -1.000000000000000000, -0.0000000000000000000 ) ) ;
#5637 = CARTESIAN_POINT ( 'NONE',  ( 5.119620842485871600, 4.510000000000000700, -2.452124493493723600 ) ) ;
#5638 = CARTESIAN_POINT ( 'NONE',  ( 5.004059904188896000, 4.509999999999999800, -2.734953802264012500 ) ) ;
#5639 = VECTOR ( 'NONE', #9840, 1000.000000000000000 ) ;
#5640 = SURFACE_SIDE_STYLE ('',( #1879 ) ) ;
#5641 = CARTESIAN_POINT ( 'NONE',  ( 6.658471389043898000, 4.509999999999999800, -2.272133038549352300 ) ) ;
#5642 = DIRECTION ( 'NONE',  ( 1.355252715606880500E-016, 0.0000000000000000000, 1.000000000000000000 ) ) ;
#5643 = CARTESIAN_POINT ( 'NONE',  ( 4.392016892206099100, 4.509999999999999800, -2.373640316265126100 ) ) ;
#5644 = VECTOR ( 'NONE', #3542, 1000.000000000000000 ) ;
#5645 = CARTESIAN_POINT ( 'NONE',  ( 4.489105061542934600, 4.510000000000000700, -2.283473480323945800 ) ) ;
#5646 = ORIENTED_EDGE ( 'NONE', *, *, #8039, .T. ) ;
#5647 = CARTESIAN_POINT ( 'NONE',  ( 2.507229759579612200, 4.500000000000000900, -1.284264211819442100 ) ) ;
#5648 = UNCERTAINTY_MEASURE_WITH_UNIT (LENGTH_MEASURE( 1.000000000000000100E-005 ), #1866, 'distance_accuracy_value', 'NONE');
#5649 = VERTEX_POINT ( 'NONE', #3878 ) ;
#5650 = CARTESIAN_POINT ( 'NONE',  ( 6.431501116071427900, 4.509999999999999800, -1.358567539107388400 ) ) ;
#5651 = MECHANICAL_DESIGN_GEOMETRIC_PRESENTATION_REPRESENTATION (  '', ( #1877 ), #7598 ) ;
#5652 = CARTESIAN_POINT ( 'NONE',  ( 1.857948174093059700, 4.500000000000001800, -1.290399275540088400 ) ) ;
#5653 = VERTEX_POINT ( 'NONE', #5354 ) ;
#5654 = ORIENTED_EDGE ( 'NONE', *, *, #1881, .T. ) ;
#5655 = EDGE_CURVE ( 'NONE', #7368, #4384, #9455, .T. ) ;
#5656 = CARTESIAN_POINT ( 'NONE',  ( 4.935599472145616700, 4.509999999999998900, -1.077106416611775000 ) ) ;
#5657 = SURFACE_SIDE_STYLE ('',( #6511 ) ) ;
#5658 = CARTESIAN_POINT ( 'NONE',  ( 7.315020461309522700, 4.500000000000000900, -2.292840523203370400 ) ) ;
#5659 = ADVANCED_FACE ( 'NONE', ( #8511 ), #6105, .T. ) ;
#5660 = CARTESIAN_POINT ( 'NONE',  ( 2.091249369694339500, 4.500000000000000900, -2.286035237384255800 ) ) ;
#5661 = VERTEX_POINT ( 'NONE', #4647 ) ;
#5662 = CARTESIAN_POINT ( 'NONE',  ( 4.957888608791359200, 4.509999999999999800, -1.001501958244233300 ) ) ;
#5663 =( GEOMETRIC_REPRESENTATION_CONTEXT ( 3 ) GLOBAL_UNCERTAINTY_ASSIGNED_CONTEXT ( ( #2155 ) ) GLOBAL_UNIT_ASSIGNED_CONTEXT ( ( #1372, #7394, #5122 ) ) REPRESENTATION_CONTEXT ( 'NONE', 'WORKASPACE' ) );
#5664 = STYLED_ITEM ( 'NONE', ( #7607 ), #4943 ) ;
#5665 = CARTESIAN_POINT ( 'NONE',  ( 5.788351004464285400, 4.509999999999999800, -2.429672333564233600 ) ) ;
#5666 = CARTESIAN_POINT ( 'NONE',  ( 6.435409785245652400, 4.509999999999998900, -1.256123205043273100 ) ) ;
#5667 =( GEOMETRIC_REPRESENTATION_CONTEXT ( 3 ) GLOBAL_UNCERTAINTY_ASSIGNED_CONTEXT ( ( #4829 ) ) GLOBAL_UNIT_ASSIGNED_CONTEXT ( ( #8930, #5123, #8967 ) ) REPRESENTATION_CONTEXT ( 'NONE', 'WORKASPACE' ) );
#5668 = CARTESIAN_POINT ( 'NONE',  ( 5.159544775695245300, 4.499999999999999100, -1.001501958244233300 ) ) ;
#5669 = LINE ( 'NONE', #3035, #5184 ) ;
#5670 = CARTESIAN_POINT ( 'NONE',  ( 4.957149200872287900, 4.500000000000000000, -2.553374666908405600 ) ) ;
#5671 = CARTESIAN_POINT ( 'NONE',  ( 5.790000000000003600, 2.990000000000000200, 5.799999999999983800 ) ) ;
#5672 =( LENGTH_UNIT ( ) NAMED_UNIT ( * ) SI_UNIT ( .MILLI., .METRE. ) );
#5673 = LINE ( 'NONE', #9159, #6649 ) ;
#5674 = VERTEX_POINT ( 'NONE', #1629 ) ;
#5675 = CARTESIAN_POINT ( 'NONE',  ( 4.398640456104886600, 4.500000000000000900, -2.339670029120749700 ) ) ;
#5676 = DIRECTION ( 'NONE',  ( -0.0000000000000000000, -1.000000000000000000, -0.0000000000000000000 ) ) ;
#5677 = CARTESIAN_POINT ( 'NONE',  ( 3.852404203869046900, 4.509999999999999800, -1.541280638995781200 ) ) ;
#5678 = CARTESIAN_POINT ( 'NONE',  ( 2.210000000000004000, 2.990000000000000200, 5.799999999999983800 ) ) ;
#5679 = MECHANICAL_DESIGN_GEOMETRIC_PRESENTATION_REPRESENTATION (  '', ( #4642 ), #8075 ) ;
#5680 = VERTEX_POINT ( 'NONE', #7759 ) ;
#5681 = EDGE_CURVE ( 'NONE', #1345, #4466, #8625, .T. ) ;
#5682 = ORIENTED_EDGE ( 'NONE', *, *, #703, .T. ) ;
#5683 = CARTESIAN_POINT ( 'NONE',  ( 3.937969419872055200, 4.509999999999999800, -1.411113213743273600 ) ) ;
#5684 = AXIS2_PLACEMENT_3D ( 'NONE', #813, #3057, #6868 ) ;
#5685 = LINE ( 'NONE', #7785, #8436 ) ;
#5686 = CARTESIAN_POINT ( 'NONE',  ( 4.867476981026784200, 4.509999999999999800, -1.099520966376733600 ) ) ;
#5687 =( LENGTH_UNIT ( ) NAMED_UNIT ( * ) SI_UNIT ( .MILLI., .METRE. ) );
#5688 = CARTESIAN_POINT ( 'NONE',  ( 7.286421856105189200, 4.510000000000000700, -2.023961325666923100 ) ) ;
#5689 = EDGE_LOOP ( 'NONE', ( #6358, #5214, #553, #5732 ) ) ;
#5690 = ORIENTED_EDGE ( 'NONE', *, *, #2269, .T. ) ;
#5691 = CARTESIAN_POINT ( 'NONE',  ( 2.119197818977963400, 4.500000000000003600, -2.592682946982801000 ) ) ;
#5692 = VECTOR ( 'NONE', #1760, 1000.000000000000000 ) ;
#5693 = FILL_AREA_STYLE ('',( #8829 ) ) ;
#5694 = SURFACE_STYLE_USAGE ( .BOTH. , #6480 ) ;
#5695 = EDGE_CURVE ( 'NONE', #3453, #9587, #6004, .T. ) ;
#5696 = CARTESIAN_POINT ( 'NONE',  ( 7.168411742255258000, 4.500000000000000000, -2.554021032845542800 ) ) ;
#5697 = VECTOR ( 'NONE', #7175, 1000.000000000000000 ) ;
#5698 = UNCERTAINTY_MEASURE_WITH_UNIT (LENGTH_MEASURE( 1.000000000000000100E-005 ), #8740, 'distance_accuracy_value', 'NONE');
#5699 = LINE ( 'NONE', #2452, #6068 ) ;
#5700 = CARTESIAN_POINT ( 'NONE',  ( 5.210567659544008000, 4.509999999999999800, -0.9223453044267364600 ) ) ;
#5701 = SURFACE_SIDE_STYLE ('',( #4523 ) ) ;
#5702 = CARTESIAN_POINT ( 'NONE',  ( 1.732766314333623200, 4.509999999999999800, -2.724902919779792000 ) ) ;
#5703 = ORIENTED_EDGE ( 'NONE', *, *, #900, .T. ) ;
#5704 = CARTESIAN_POINT ( 'NONE',  ( 5.980852318583370000, 4.509999999999998900, -2.547440929278638000 ) ) ;
#5705 = CARTESIAN_POINT ( 'NONE',  ( 9.009999999999999800, 4.500000000000000900, -1.000000000000015500 ) ) ;
#5706 = CARTESIAN_POINT ( 'NONE',  ( 2.541797296214841400, 4.509999999999998900, -1.325912464700393900 ) ) ;
#5707 = VECTOR ( 'NONE', #7751, 1000.000000000000000 ) ;
#5708 = ADVANCED_FACE ( 'NONE', ( #3632 ), #5918, .T. ) ;
#5709 = ORIENTED_EDGE ( 'NONE', *, *, #9552, .T. ) ;
#5710 = CARTESIAN_POINT ( 'NONE',  ( 0.8490870066492689500, 4.509999999999999800, -0.9557664663086185000 ) ) ;
#5711 = UNCERTAINTY_MEASURE_WITH_UNIT (LENGTH_MEASURE( 1.000000000000000100E-005 ), #4555, 'distance_accuracy_value', 'NONE');
#5712 = EDGE_LOOP ( 'NONE', ( #3541, #7882, #1873, #7102 ) ) ;
#5713 = EDGE_CURVE ( 'NONE', #9155, #2485, #5032, .T. ) ;
#5714 = VERTEX_POINT ( 'NONE', #2488 ) ;
#5715 = SURFACE_STYLE_USAGE ( .BOTH. , #3431 ) ;
#5716 = CARTESIAN_POINT ( 'NONE',  ( 6.065984516788474500, 4.509999999999999800, -1.077106416611775000 ) ) ;
#5717 = LINE ( 'NONE', #8013, #6077 ) ;
#5718 =( GEOMETRIC_REPRESENTATION_CONTEXT ( 3 ) GLOBAL_UNCERTAINTY_ASSIGNED_CONTEXT ( ( #8951 ) ) GLOBAL_UNIT_ASSIGNED_CONTEXT ( ( #3868, #4638, #4547 ) ) REPRESENTATION_CONTEXT ( 'NONE', 'WORKASPACE' ) );
#5719 = FACE_OUTER_BOUND ( 'NONE', #448, .T. ) ;
#5720 = B_SPLINE_CURVE_WITH_KNOTS ( 'NONE', 3,
 ( #7297, #5737, #4786, #8806, #226 ),
 .UNSPECIFIED., .F., .F.,
 ( 4, 1, 4 ),
 ( 0.0000000000000000000, 0.5117256808965522400, 1.000000000000000000 ),
 .UNSPECIFIED. ) ;
#5721 = CARTESIAN_POINT ( 'NONE',  ( 1.756249807846668800, 4.510000000000000700, -2.701465446063502400 ) ) ;
#5722 = CARTESIAN_POINT ( 'NONE',  ( 7.296365759836620100, 4.500000000000000000, -2.083763850241384700 ) ) ;
#5723 =( LENGTH_UNIT ( ) NAMED_UNIT ( * ) SI_UNIT ( .MILLI., .METRE. ) );
#5724 = PRESENTATION_LAYER_ASSIGNMENT (  '', '', ( #3508 ) ) ;
#5725 = CARTESIAN_POINT ( 'NONE',  ( 4.566144718150123800, 4.509999999999999800, -2.336187194071017700 ) ) ;
#5726 = FILL_AREA_STYLE_COLOUR ( '', #9417 ) ;
#5727 = CARTESIAN_POINT ( 'NONE',  ( 0.7390209806954239900, 4.500000000000001800, -0.9243359989920172400 ) ) ;
#5728 = CARTESIAN_POINT ( 'NONE',  ( 1.893037065655912600, 4.509999999999999800, -1.217738128935783800 ) ) ;
#5729 = EDGE_CURVE ( 'NONE', #9160, #2444, #6390, .T. ) ;
#5730 = FACE_OUTER_BOUND ( 'NONE', #6783, .T. ) ;
#5731 = CARTESIAN_POINT ( 'NONE',  ( 3.001347839036961200, 4.500000000000001800, -2.266649751885832000 ) ) ;
#5732 = ORIENTED_EDGE ( 'NONE', *, *, #5978, .F. ) ;
#5733 = CARTESIAN_POINT ( 'NONE',  ( 2.737010598024668600, 4.500000000000001800, -1.304094516372340300 ) ) ;
#5734 = VECTOR ( 'NONE', #8105, 1000.000000000000000 ) ;
#5735 = DIRECTION ( 'NONE',  ( 0.0000000000000000000, 0.0000000000000000000, 1.000000000000000000 ) ) ;
#5736 = CARTESIAN_POINT ( 'NONE',  ( 5.181526791761850600, 4.510000000000000700, -0.9399744836577715900 ) ) ;
#5737 = CARTESIAN_POINT ( 'NONE',  ( 2.805662209501913500, 4.510000000000000700, -2.205740874638906200 ) ) ;
#5738 =( LENGTH_UNIT ( ) NAMED_UNIT ( * ) SI_UNIT ( .MILLI., .METRE. ) );
#5739 = STYLED_ITEM ( 'NONE', ( #4618 ), #9048 ) ;
#5740 = CARTESIAN_POINT ( 'NONE',  ( 6.027477501788582400, 4.510000000000000700, -2.554278226873298000 ) ) ;
#5741 = CARTESIAN_POINT ( 'NONE',  ( 4.392265479636359200, 4.500000000000000900, -2.367767981338248200 ) ) ;
#5742 = CARTESIAN_POINT ( 'NONE',  ( 4.413942464192707000, 4.500000000000000900, -2.432514537340274800 ) ) ;
#5743 = VECTOR ( 'NONE', #8739, 1000.000000000000000 ) ;
#5744 = ORIENTED_EDGE ( 'NONE', *, *, #1022, .F. ) ;
#5745 =( GEOMETRIC_REPRESENTATION_CONTEXT ( 3 ) GLOBAL_UNCERTAINTY_ASSIGNED_CONTEXT ( ( #4123 ) ) GLOBAL_UNIT_ASSIGNED_CONTEXT ( ( #7220, #7251, #7923 ) ) REPRESENTATION_CONTEXT ( 'NONE', 'WORKASPACE' ) );
#5746 = CARTESIAN_POINT ( 'NONE',  ( 0.8591575985863093600, 4.509999999999999800, -0.9850207571133405800 ) ) ;
#5747 = FACE_OUTER_BOUND ( 'NONE', #9498, .T. ) ;
#5748 = ORIENTED_EDGE ( 'NONE', *, *, #4911, .T. ) ;
#5749 = CARTESIAN_POINT ( 'NONE',  ( 3.064703808632549500, 4.500000000000000000, -1.364104977045783800 ) ) ;
#5750 = EDGE_CURVE ( 'NONE', #3231, #761, #3381, .T. ) ;
#5751 = CARTESIAN_POINT ( 'NONE',  ( 6.883121080060261600, 4.509999999999998900, -1.140114137722214400 ) ) ;
#5752 = CARTESIAN_POINT ( 'NONE',  ( 2.378313867195774600, 4.500000000000000900, -0.9736139167874707800 ) ) ;
#5753 = B_SPLINE_CURVE_WITH_KNOTS ( 'NONE', 3,
 ( #4665, #4730, #5511, #7939, #1048 ),
 .UNSPECIFIED., .F., .F.,
 ( 4, 1, 4 ),
 ( 0.0000000000000000000, 0.4953241449958073500, 1.000000000000000000 ),
 .UNSPECIFIED. ) ;
#5754 = SURFACE_STYLE_FILL_AREA ( #1122 ) ;
#5755 = CARTESIAN_POINT ( 'NONE',  ( 7.258303672365889800, 4.500000000000000900, -1.894976910655698800 ) ) ;
#5756 = ADVANCED_FACE ( 'NONE', ( #1357 ), #9284, .T. ) ;
#5757 = CARTESIAN_POINT ( 'NONE',  ( 5.046756222461295000, 4.500000000000000000, -2.168127442189548200 ) ) ;
#5758 = ORIENTED_EDGE ( 'NONE', *, *, #5681, .F. ) ;
#5759 = DIRECTION ( 'NONE',  ( -0.0000000000000000000, 0.0000000000000000000, -1.000000000000000000 ) ) ;
#5760 =( LENGTH_UNIT ( ) NAMED_UNIT ( * ) SI_UNIT ( .MILLI., .METRE. ) );
#5761 = CARTESIAN_POINT ( 'NONE',  ( 0.6809108189174105700, 4.509999999999999800, -1.005728241767358500 ) ) ;
#5762 = CARTESIAN_POINT ( 'NONE',  ( 6.173609246204016200, 4.509999999999999800, -2.530829638628621300 ) ) ;
#5763 = CARTESIAN_POINT ( 'NONE',  ( 6.633811357620558600, 4.500000000000001800, -1.203254391095981000 ) ) ;
#5764 = FILL_AREA_STYLE ('',( #3484 ) ) ;
#5765 = B_SPLINE_CURVE_WITH_KNOTS ( 'NONE', 3,
 ( #1796, #7790, #921, #5490, #3297, #4070, #2557 ),
 .UNSPECIFIED., .F., .F.,
 ( 4, 1, 1, 1, 4 ),
 ( 0.0000000000000000000, 0.2890735175389985700, 0.5515028090246375500, 0.7878253254373861500, 1.000000000000000000 ),
 .UNSPECIFIED. ) ;
#5766 = ORIENTED_EDGE ( 'NONE', *, *, #1218, .F. ) ;
#5767 = FILL_AREA_STYLE_COLOUR ( '', #1683 ) ;
#5768 = PLANE ( 'NONE',  #5594 ) ;
#5769 = CARTESIAN_POINT ( 'NONE',  ( 0.7100000000000031800, 2.990000000000000200, 5.799999999999983800 ) ) ;
#5770 = CARTESIAN_POINT ( 'NONE',  ( 2.493825040044810300, 4.500000000000000900, -1.269522511940499400 ) ) ;
#5771 = EDGE_CURVE ( 'NONE', #7690, #9808, #6356, .T. ) ;
#5772 = CARTESIAN_POINT ( 'NONE',  ( 0.6496465773809523300, 4.500000000000000900, -2.645679820543399800 ) ) ;
#5773 = CARTESIAN_POINT ( 'NONE',  ( 0.6496465773809523300, 4.509999999999999800, -2.645679820543399800 ) ) ;
#5774 = CARTESIAN_POINT ( 'NONE',  ( 5.788351004464285400, 4.509999999999999800, -2.429672333564233600 ) ) ;
#5775 = ORIENTED_EDGE ( 'NONE', *, *, #3677, .F. ) ;
#5776 = CARTESIAN_POINT ( 'NONE',  ( 5.264573451450891300, 4.509999999999999800, -2.560413707262149800 ) ) ;
#5777 = ORIENTED_EDGE ( 'NONE', *, *, #2280, .T. ) ;
#5778 = PRESENTATION_LAYER_ASSIGNMENT (  '', '', ( #6632 ) ) ;
#5779 = DIRECTION ( 'NONE',  ( 0.0000000000000000000, 1.000000000000000000, 0.0000000000000000000 ) ) ;
#5780 = VECTOR ( 'NONE', #6525, 1000.000000000000000 ) ;
#5781 = CARTESIAN_POINT ( 'NONE',  ( 6.057327357527889000, 4.510000000000000700, -2.735827419742393300 ) ) ;
#5782 = UNCERTAINTY_MEASURE_WITH_UNIT (LENGTH_MEASURE( 1.000000000000000100E-005 ), #7035, 'distance_accuracy_value', 'NONE');
#5783 = FILL_AREA_STYLE ('',( #7312 ) ) ;
#5784 = AXIS2_PLACEMENT_3D ( 'NONE', #9052, #1426, #6768 ) ;
#5785 = EDGE_CURVE ( 'NONE', #7426, #9587, #621, .T. ) ;
#5786 = CARTESIAN_POINT ( 'NONE',  ( 1.677306256975446000, 4.500000000000000900, -2.736630341376733000 ) ) ;
#5787 = EDGE_LOOP ( 'NONE', ( #5082, #34, #1162, #5766, #8358, #5059, #9508, #6904 ) ) ;
#5788 = CARTESIAN_POINT ( 'NONE',  ( 0.7331192405894378900, 4.500000000000001800, -2.736500938974917800 ) ) ;
#5789 =( NAMED_UNIT ( * ) SI_UNIT ( $, .STERADIAN. ) SOLID_ANGLE_UNIT ( ) );
#5790 = CARTESIAN_POINT ( 'NONE',  ( 5.088573919054214300, 4.500000000000000900, -2.228284837589486600 ) ) ;
#5791 = LINE ( 'NONE', #8905, #5104 ) ;
#5792 = DIRECTION ( 'NONE',  ( -0.0000000000000000000, 0.0000000000000000000, 1.000000000000000000 ) ) ;
#5793 = SURFACE_STYLE_USAGE ( .BOTH. , #3409 ) ;
#5794 = CARTESIAN_POINT ( 'NONE',  ( 2.115985771840882100, 4.509999999999999800, -1.100382758263419100 ) ) ;
#5795 = ADVANCED_FACE ( 'NONE', ( #1221 ), #2686, .T. ) ;
#5796 =( NAMED_UNIT ( * ) PLANE_ANGLE_UNIT ( ) SI_UNIT ( $, .RADIAN. ) );
#5797 = ORIENTED_EDGE ( 'NONE', *, *, #674, .F. ) ;
#5798 = LINE ( 'NONE', #9601, #7397 ) ;
#5799 = PRESENTATION_LAYER_ASSIGNMENT (  '', '', ( #5990 ) ) ;
#5800 = CARTESIAN_POINT ( 'NONE',  ( 2.474692985471693700, 4.500000000000000900, -1.018271023459931300 ) ) ;
#5801 = CARTESIAN_POINT ( 'NONE',  ( 2.814187767392112500, 4.500000000000000900, -2.279035533434024900 ) ) ;
#5802 = CARTESIAN_POINT ( 'NONE',  ( 6.860963925030465500, 4.510000000000000700, -1.125414157835341200 ) ) ;
#5803 = CARTESIAN_POINT ( 'NONE',  ( 3.018732530277337100, 4.509999999999998900, -1.489723548288325800 ) ) ;
#5804 = CARTESIAN_POINT ( 'NONE',  ( 2.135713123139880500, 4.510000000000000700, -1.099520966376733800 ) ) ;
#5805 =( LENGTH_UNIT ( ) NAMED_UNIT ( * ) SI_UNIT ( .MILLI., .METRE. ) );
#5806 = ORIENTED_EDGE ( 'NONE', *, *, #3037, .F. ) ;
#5807 = ADVANCED_FACE ( 'NONE', ( #2519 ), #2852, .T. ) ;
#5808 = ORIENTED_EDGE ( 'NONE', *, *, #6856, .T. ) ;
#5809 = FACE_OUTER_BOUND ( 'NONE', #436, .T. ) ;
#5810 = FILL_AREA_STYLE ('',( #8235 ) ) ;
#5811 = MECHANICAL_DESIGN_GEOMETRIC_PRESENTATION_REPRESENTATION (  '', ( #7755 ), #9390 ) ;
#5812 = EDGE_CURVE ( 'NONE', #5828, #2595, #7753, .T. ) ;
#5813 = CARTESIAN_POINT ( 'NONE',  ( 4.935906592724755600, 4.500000000000001800, -0.9399744836577721400 ) ) ;
#5814 = MECHANICAL_DESIGN_GEOMETRIC_PRESENTATION_REPRESENTATION (  '', ( #5288 ), #3921 ) ;
#5815 = ORIENTED_EDGE ( 'NONE', *, *, #9350, .F. ) ;
#5816 =( LENGTH_UNIT ( ) NAMED_UNIT ( * ) SI_UNIT ( .MILLI., .METRE. ) );
#5817 = CARTESIAN_POINT ( 'NONE',  ( 1.767573280255139800, 4.500000000000000900, -2.666405490152947300 ) ) ;
#5818 = ORIENTED_EDGE ( 'NONE', *, *, #9552, .F. ) ;
#5819 = CARTESIAN_POINT ( 'NONE',  ( 7.121154595448858900, 4.500000000000000900, -1.500099121680148300 ) ) ;
#5820 = CARTESIAN_POINT ( 'NONE',  ( 5.595116086910375800, 4.500000000000000900, -2.283893114997979100 ) ) ;
#5821 = UNCERTAINTY_MEASURE_WITH_UNIT (LENGTH_MEASURE( 1.000000000000000100E-005 ), #8349, 'distance_accuracy_value', 'NONE');
#5822 = DIRECTION ( 'NONE',  ( -1.000000000000000000, 0.0000000000000000000, 0.0000000000000000000 ) ) ;
#5823 = CARTESIAN_POINT ( 'NONE',  ( 7.314128525425069900, 4.509999999999998900, -2.244347763467767100 ) ) ;
#5824 = FILL_AREA_STYLE ('',( #9431 ) ) ;
#5825 = CARTESIAN_POINT ( 'NONE',  ( 2.053695242745535500, 4.510000000000000700, -2.190927216376733700 ) ) ;
#5826 = EDGE_CURVE ( 'NONE', #5111, #9355, #7578, .T. ) ;
#5827 = ORIENTED_EDGE ( 'NONE', *, *, #2689, .F. ) ;
#5828 = VERTEX_POINT ( 'NONE', #7663 ) ;
#5829 = DIRECTION ( 'NONE',  ( 0.0000000000000000000, -1.000000000000000000, 0.0000000000000000000 ) ) ;
#5830 = CARTESIAN_POINT ( 'NONE',  ( 5.548824776582560700, 4.510000000000000700, -2.309899506971664400 ) ) ;
#5831 = LINE ( 'NONE', #3221, #2140 ) ;
#5832 = CARTESIAN_POINT ( 'NONE',  ( 6.904804922304339100, 4.509999999999999800, -1.158731753200549000 ) ) ;
#5833 = SURFACE_STYLE_FILL_AREA ( #9475 ) ;
#5834 = VECTOR ( 'NONE', #9534, 1000.000000000000000 ) ;
#5835 = CARTESIAN_POINT ( 'NONE',  ( 3.035970061429529300, 4.500000000000000000, -1.518866089230822600 ) ) ;
#5836 = AXIS2_PLACEMENT_3D ( 'NONE', #7264, #1078, #3380 ) ;
#5837 = CARTESIAN_POINT ( 'NONE',  ( 2.814187767392112500, 4.500000000000000900, -2.279035533434024900 ) ) ;
#5838 = CARTESIAN_POINT ( 'NONE',  ( 2.187454461912925000, 4.509999999999999800, -1.101142754699390400 ) ) ;
#5839 = B_SPLINE_CURVE_WITH_KNOTS ( 'NONE', 3,
 ( #7208, #7972, #8811, #4156, #4898, #334, #1906 ),
 .UNSPECIFIED., .F., .F.,
 ( 4, 1, 1, 1, 4 ),
 ( 0.0000000000000000000, 0.2562600947496478400, 0.5024194315356200800, 0.7465536571045319200, 1.000000000000000000 ),
 .UNSPECIFIED. ) ;
#5840 = ORIENTED_EDGE ( 'NONE', *, *, #703, .F. ) ;
#5841 = CARTESIAN_POINT ( 'NONE',  ( -1.009999999999997300, 1.500000000000000400, -1.000000000000015500 ) ) ;
#5842 = DIRECTION ( 'NONE',  ( 0.0000000000000000000, -0.0000000000000000000, 1.000000000000000000 ) ) ;
#5843 = CARTESIAN_POINT ( 'NONE',  ( 4.064388594982565600, 4.509999999999998900, -0.9299409107028423500 ) ) ;
#5844 = COLOUR_RGB ( '',1.000000000000000000, 1.000000000000000000, 1.000000000000000000 ) ;
#5845 = EDGE_CURVE ( 'NONE', #6648, #4939, #1065, .T. ) ;
#5846 = VECTOR ( 'NONE', #1153, 1000.000000000000000 ) ;
#5847 = SURFACE_STYLE_FILL_AREA ( #8023 ) ;
#5848 = CARTESIAN_POINT ( 'NONE',  ( 1.671215820312499800, 4.510000000000000700, -1.463323049710067100 ) ) ;
#5849 = CARTESIAN_POINT ( 'NONE',  ( 1.278585670107886800, 4.500000000000000900, -2.554729299710066600 ) ) ;
#5850 = PRESENTATION_STYLE_ASSIGNMENT (( #9878 ) ) ;
#5851 = CARTESIAN_POINT ( 'NONE',  ( 9.010000000000001600, 4.500000000000000900, -2.000000000000017300 ) ) ;
#5852 = CARTESIAN_POINT ( 'NONE',  ( 1.684378085489430600, 4.500000000000000900, -2.736500938974917800 ) ) ;
#5853 = B_SPLINE_SURFACE_WITH_KNOTS ( 'NONE', 3, 1, ( 
 ( #6861, #8329 ),
 ( #5295, #3892 ),
 ( #9134, #3113 ),
 ( #2989, #7649 ),
 ( #9921, #9888 ),
 ( #29, #9078 ),
 ( #3086, #61 ),
 ( #5334, #2273 ),
 ( #8419, #5399 ),
 ( #807, #4536 ),
 ( #5363, #835 ) ),
 .UNSPECIFIED., .F., .F., .F.,
 ( 4, 1, 1, 1, 1, 1, 1, 1, 4 ),
 ( 2, 2 ),
 ( 0.0000000000000000000, 0.1222901245750763600, 0.2422663009996972300, 0.3605965623801642400, 0.4807243483635030300, 0.6033117811621422400, 0.7298445207452363100, 0.8616749098214445700, 1.000000000000000000 ),
 ( 0.0000000000000000000, 1.000000000000000000 ),
 .UNSPECIFIED. ) ;
#5854 = CARTESIAN_POINT ( 'NONE',  ( 6.772565569196427000, 4.509999999999999800, -1.099520966376733600 ) ) ;
#5855 = CARTESIAN_POINT ( 'NONE',  ( 0.6612475182322004000, 4.500000000000000900, -2.701465446063500600 ) ) ;
#5856 = ADVANCED_FACE ( 'NONE', ( #9817 ), #2698, .T. ) ;
#5857 = ORIENTED_EDGE ( 'NONE', *, *, #3529, .F. ) ;
#5858 = CARTESIAN_POINT ( 'NONE',  ( 7.016541613392837100, 4.500000000000001800, -1.297455294126004500 ) ) ;
#5859 = PRESENTATION_LAYER_ASSIGNMENT (  '', '', ( #5150 ) ) ;
#5860 = CARTESIAN_POINT ( 'NONE',  ( 2.825952793213169400, 4.500000000000001800, -2.644012243212304100 ) ) ;
#5861 = CARTESIAN_POINT ( 'NONE',  ( 1.860000000000002800, -2.260000000000004200, 7.249999999999985800 ) ) ;
#5862 = CARTESIAN_POINT ( 'NONE',  ( 5.758423100107704900, 4.509999999999999800, -2.642539487240881600 ) ) ;
#5863 =( NAMED_UNIT ( * ) SI_UNIT ( $, .STERADIAN. ) SOLID_ANGLE_UNIT ( ) );
#5864 = STYLED_ITEM ( 'NONE', ( #628 ), #1063 ) ;
#5865 =( LENGTH_UNIT ( ) NAMED_UNIT ( * ) SI_UNIT ( .MILLI., .METRE. ) );
#5866 = ORIENTED_EDGE ( 'NONE', *, *, #1743, .F. ) ;
#5867 = FILL_AREA_STYLE ('',( #1375 ) ) ;
#5868 = CARTESIAN_POINT ( 'NONE',  ( 2.812805324596880000, 4.500000000000001800, -2.234689310910893000 ) ) ;
#5869 = DIRECTION ( 'NONE',  ( 0.0000000000000000000, 0.0000000000000000000, -1.000000000000000000 ) ) ;
#5870 = CARTESIAN_POINT ( 'NONE',  ( 3.013644650251603900, 4.500000000000000900, -1.457544922502115500 ) ) ;
#5871 = CARTESIAN_POINT ( 'NONE',  ( 2.671671549479165600, 4.500000000000000900, -2.518998737954114100 ) ) ;
#5872 = B_SPLINE_SURFACE_WITH_KNOTS ( 'NONE', 3, 1, ( 
 ( #9556, #412 ),
 ( #4258, #5752 ),
 ( #3436, #4914 ),
 ( #4979, #8789 ),
 ( #1193, #348 ),
 ( #312, #7317 ),
 ( #6475, #3405 ) ),
 .UNSPECIFIED., .F., .F., .F.,
 ( 4, 1, 1, 1, 4 ),
 ( 2, 2 ),
 ( 0.0000000000000000000, 0.2448558477671817800, 0.4902544414021258200, 0.7414839543316897900, 1.000000000000000000 ),
 ( 0.0000000000000000000, 1.000000000000000000 ),
 .UNSPECIFIED. ) ;
#5873 = DIRECTION ( 'NONE',  ( 1.000000000000000000, 0.0000000000000000000, 0.0000000000000000000 ) ) ;
#5874 = COLOUR_RGB ( '',0.8980392156862745400, 0.8980392156862745400, 0.8980392156862745400 ) ;
#5875 =( NAMED_UNIT ( * ) PLANE_ANGLE_UNIT ( ) SI_UNIT ( $, .RADIAN. ) );
#5876 = ORIENTED_EDGE ( 'NONE', *, *, #3603, .T. ) ;
#5877 = CARTESIAN_POINT ( 'NONE',  ( 4.064388594982565600, 4.500000000000000000, -0.9299409107028423500 ) ) ;
#5878 = CARTESIAN_POINT ( 'NONE',  ( 0.6874002827342231600, 4.500000000000000900, -0.9727401325866915600 ) ) ;
#5879 = CARTESIAN_POINT ( 'NONE',  ( 4.400000000000003000, -2.260000000000004200, 7.249999999999985800 ) ) ;
#5880 = CARTESIAN_POINT ( 'NONE',  ( 4.530518339621141700, 4.509999999999999800, -2.564085325910711700 ) ) ;
#5881 = DIRECTION ( 'NONE',  ( 0.0000000000000000000, 1.000000000000000000, 0.0000000000000000000 ) ) ;
#5882 = EDGE_LOOP ( 'NONE', ( #3847, #4249, #914, #37, #4601, #6413 ) ) ;
#5883 = CARTESIAN_POINT ( 'NONE',  ( 2.704894396522657300, 4.510000000000001600, -2.499356146188890000 ) ) ;
#5884 = EDGE_CURVE ( 'NONE', #2485, #6010, #9183, .T. ) ;
#5885 = DIRECTION ( 'NONE',  ( -0.2581447871051094100, 0.0000000000000000000, 0.9661062409955012400 ) ) ;
#5886 = DIRECTION ( 'NONE',  ( 0.0000000000000000000, 0.0000000000000000000, -1.000000000000000000 ) ) ;
#5887 = LINE ( 'NONE', #5532, #145 ) ;
#5888 = DIRECTION ( 'NONE',  ( -0.0000000000000000000, 0.0000000000000000000, 1.000000000000000000 ) ) ;
#5889 = CARTESIAN_POINT ( 'NONE',  ( 9.010000000000001600, -0.01000000000000002600, -1.953732314818879400E-015 ) ) ;
#5890 =( NAMED_UNIT ( * ) PLANE_ANGLE_UNIT ( ) SI_UNIT ( $, .RADIAN. ) );
#5891 = CARTESIAN_POINT ( 'NONE',  ( 1.091000220889136700, 4.500000000000000900, -2.554729299710066600 ) ) ;
#5892 = ORIENTED_EDGE ( 'NONE', *, *, #7633, .F. ) ;
#5893 = ADVANCED_BREP_SHAPE_REPRESENTATION ( 'TO-220_correct_angle', ( #3482, #5559 ), #1980 ) ;
#5894 = ORIENTED_EDGE ( 'NONE', *, *, #3498, .F. ) ;
#5895 = CARTESIAN_POINT ( 'NONE',  ( 4.392016892206099100, 4.509999999999999800, -2.373640316265126100 ) ) ;
#5896 = DIRECTION ( 'NONE',  ( -0.0000000000000000000, 0.0000000000000000000, -1.000000000000000000 ) ) ;
#5897 = CARTESIAN_POINT ( 'NONE',  ( 7.269951230003719000, 4.509999999999999800, -1.380493111093995500 ) ) ;
#5898 = CARTESIAN_POINT ( 'NONE',  ( 2.812805324596880000, 4.510000000000000700, -2.234689310910893000 ) ) ;
#5899 = ORIENTED_EDGE ( 'NONE', *, *, #1512, .T. ) ;
#5900 = ORIENTED_EDGE ( 'NONE', *, *, #587, .F. ) ;
#5901 = CARTESIAN_POINT ( 'NONE',  ( 3.013644650251603900, 4.509999999999999800, -1.457544922502115500 ) ) ;
#5902 = CARTESIAN_POINT ( 'NONE',  ( 2.759166617865755900, 4.500000000000000900, -2.449888456860171100 ) ) ;
#5903 = CARTESIAN_POINT ( 'NONE',  ( 6.444494047619048000, 4.500000000000000900, -2.376888549152031100 ) ) ;
#5904 = EDGE_CURVE ( 'NONE', #4569, #3691, #7456, .T. ) ;
#5905 = VECTOR ( 'NONE', #3754, 1000.000000000000000 ) ;
#5906 = CARTESIAN_POINT ( 'NONE',  ( 7.496921502976189100, 4.500000000000000900, -2.294464639646822700 ) ) ;
#5907 = B_SPLINE_CURVE_WITH_KNOTS ( 'NONE', 3,
 ( #7656, #7745, #134, #3938, #6121, #8520, #2306 ),
 .UNSPECIFIED., .F., .F.,
 ( 4, 1, 1, 1, 4 ),
 ( 0.0000000000000000000, 0.2623762869679042200, 0.5116071089431961600, 0.7589051454290505200, 1.000000000000000000 ),
 .UNSPECIFIED. ) ;
#5908 = VECTOR ( 'NONE', #6061, 1000.000000000000000 ) ;
#5909 = MECHANICAL_DESIGN_GEOMETRIC_PRESENTATION_REPRESENTATION (  '', ( #6762 ), #6434 ) ;
#5910 = ORIENTED_EDGE ( 'NONE', *, *, #80, .T. ) ;
#5911 = CARTESIAN_POINT ( 'NONE',  ( 6.843355596390072300, 4.500000000000003600, -2.234236130373333100 ) ) ;
#5912 = CARTESIAN_POINT ( 'NONE',  ( -1.009999999999997600, 3.500000000000001300, -6.000000000000016000 ) ) ;
#5913 = COLOUR_RGB ( '',0.8980392156862745400, 0.8980392156862745400, 0.8980392156862745400 ) ;
#5914 = CARTESIAN_POINT ( 'NONE',  ( 7.155857049851190000, 4.509999999999999800, -2.554729299710066600 ) ) ;
#5915 =( GEOMETRIC_REPRESENTATION_CONTEXT ( 3 ) GLOBAL_UNCERTAINTY_ASSIGNED_CONTEXT ( ( #738 ) ) GLOBAL_UNIT_ASSIGNED_CONTEXT ( ( #6957, #3983, #125 ) ) REPRESENTATION_CONTEXT ( 'NONE', 'WORKASPACE' ) );
#5916 = PRESENTATION_LAYER_ASSIGNMENT (  '', '', ( #4688 ) ) ;
#5917 = CARTESIAN_POINT ( 'NONE',  ( 2.682929831211944700, 4.510000000000000700, -2.512342420036346400 ) ) ;
#5918 = B_SPLINE_SURFACE_WITH_KNOTS ( 'NONE', 3, 1, ( 
 ( #7954, #3370 ),
 ( #8662, #2522 ),
 ( #1768, #1797 ),
 ( #2559, #1860 ),
 ( #2596, #2632 ),
 ( #6368, #4781 ),
 ( #221, #4104 ),
 ( #9359, #8696 ),
 ( #4138, #6342 ),
 ( #9459, #7162 ),
 ( #7899, #4038 ),
 ( #279, #7223 ),
 ( #3298, #3234 ),
 ( #316, #8573 ),
 ( #991, #8630 ),
 ( #9397, #1095 ),
 ( #1064, #1826 ),
 ( #251, #184 ),
 ( #6303, #4879 ) ),
 .UNSPECIFIED., .F., .F., .F.,
 ( 4, 1, 1, 1, 1, 1, 1, 1, 1, 1, 1, 1, 1, 1, 1, 1, 4 ),
 ( 2, 2 ),
 ( 0.0000000000000000000, 0.08247727264679181900, 0.1606727748936284400, 0.2356603322837441400, 0.3074119978731364400, 0.3754018117403263300, 0.4406906596600536600, 0.5034493295661055500, 0.5636023155689717800, 0.6214528270961907600, 0.6773415605321557700, 0.7321149886190239100, 0.7859519598473708700, 0.8393653783974389700, 0.8925294945439517000, 0.9459723235632278000, 1.000000000000000000 ),
 ( 0.0000000000000000000, 1.000000000000000000 ),
 .UNSPECIFIED. ) ;
#5919 = CARTESIAN_POINT ( 'NONE',  ( 4.657965959821427600, 4.509999999999999800, -2.429672333564233600 ) ) ;
#5920 = VERTEX_POINT ( 'NONE', #6833 ) ;
#5921 = CARTESIAN_POINT ( 'NONE',  ( 4.867476981026784200, 4.509999999999999800, -1.099520966376733600 ) ) ;
#5922 = CARTESIAN_POINT ( 'NONE',  ( 4.726243522742669800, 4.500000000000002700, -2.484191714886018400 ) ) ;
#5923 = VECTOR ( 'NONE', #3860, 1000.000000000000000 ) ;
#5924 = ORIENTED_EDGE ( 'NONE', *, *, #8239, .F. ) ;
#5925 = CARTESIAN_POINT ( 'NONE',  ( 2.906375223651199500, 4.509999999999998900, -2.553851000331666100 ) ) ;
#5926 = PRESENTATION_LAYER_ASSIGNMENT (  '', '', ( #8678 ) ) ;
#5927 = COLOUR_RGB ( '',1.000000000000000000, 1.000000000000000000, 1.000000000000000000 ) ;
#5928 = ORIENTED_EDGE ( 'NONE', *, *, #8652, .T. ) ;
#5929 = AXIS2_PLACEMENT_3D ( 'NONE', #3366, #2661, #1857 ) ;
#5930 = ORIENTED_EDGE ( 'NONE', *, *, #9867, .F. ) ;
#5931 = DIRECTION ( 'NONE',  ( -1.734723475976807100E-015, 1.000000000000000000, -0.0000000000000000000 ) ) ;
#5932 = PRESENTATION_LAYER_ASSIGNMENT (  '', '', ( #7693 ) ) ;
#5933 = CARTESIAN_POINT ( 'NONE',  ( 6.737535043456958300, 4.500000000000000900, -0.9178530189701942200 ) ) ;
#5934 = FILL_AREA_STYLE_COLOUR ( '', #4564 ) ;
#5935 = CARTESIAN_POINT ( 'NONE',  ( 6.737535043456958300, 4.509999999999999800, -0.9178530189701942200 ) ) ;
#5936 = CARTESIAN_POINT ( 'NONE',  ( 2.795395540845475100, 4.500000000000000900, -2.389232321399279400 ) ) ;
#5937 = CARTESIAN_POINT ( 'NONE',  ( 5.997862025669642900, 4.509999999999999800, -0.9176199247100669300 ) ) ;
#5938 = ORIENTED_EDGE ( 'NONE', *, *, #2442, .F. ) ;
#5939 = CARTESIAN_POINT ( 'NONE',  ( 6.867160949698917900, 4.509999999999999800, -2.589543332414306200 ) ) ;
#5940 =( NAMED_UNIT ( * ) SI_UNIT ( $, .STERADIAN. ) SOLID_ANGLE_UNIT ( ) );
#5941 = EDGE_LOOP ( 'NONE', ( #3653, #17, #5222, #825 ) ) ;
#5942 = ORIENTED_EDGE ( 'NONE', *, *, #674, .T. ) ;
#5943 = CARTESIAN_POINT ( 'NONE',  ( 4.052170526413688900, 4.509999999999999800, -1.070692899505453900 ) ) ;
#5944 = EDGE_CURVE ( 'NONE', #3984, #2391, #5026, .T. ) ;
#5945 = CARTESIAN_POINT ( 'NONE',  ( 6.764772752763770200, 4.500000000000000000, -0.9183166842544880900 ) ) ;
#5946 = FILL_AREA_STYLE ('',( #7418 ) ) ;
#5947 = VECTOR ( 'NONE', #10, 1000.000000000000000 ) ;
#5948 = B_SPLINE_CURVE_WITH_KNOTS ( 'NONE', 3,
 ( #1206, #4994, #5097, #4367, #2037, #2066, #425 ),
 .UNSPECIFIED., .F., .F.,
 ( 4, 1, 1, 1, 4 ),
 ( 0.0000000000000000000, 0.2656730470853335100, 0.5190806608359087600, 0.7633233906535495900, 0.9999999999999998900 ),
 .UNSPECIFIED. ) ;
#5949 = CARTESIAN_POINT ( 'NONE',  ( 0.6817237882693676400, 4.510000000000001600, -1.019569906025255000 ) ) ;
#5950 = LINE ( 'NONE', #3696, #7053 ) ;
#5951 = CARTESIAN_POINT ( 'NONE',  ( 3.048909788713966200, 4.509999999999999800, -1.371700583321890000 ) ) ;
#5952 = ORIENTED_EDGE ( 'NONE', *, *, #8504, .T. ) ;
#5953 = B_SPLINE_SURFACE_WITH_KNOTS ( 'NONE', 3, 1, ( 
 ( #3731, #3163 ),
 ( #147, #6135 ),
 ( #6172, #2383 ),
 ( #1692, #8438 ),
 ( #6272, #6986 ),
 ( #4675, #792 ),
 ( #1595, #83 ),
 ( #923, #5419 ),
 ( #7792, #8535 ),
 ( #7061, #3980 ),
 ( #51, #6922 ) ),
 .UNSPECIFIED., .F., .F., .F.,
 ( 4, 1, 1, 1, 1, 1, 1, 1, 4 ),
 ( 2, 2 ),
 ( 0.0000000000000000000, 0.09486978756470572400, 0.1957836342065315800, 0.3032057033568405500, 0.4212345528262035300, 0.5488960780012346300, 0.6876390831323616600, 0.8381370387901750900, 1.000000000000000000 ),
 ( 0.0000000000000000000, 1.000000000000000000 ),
 .UNSPECIFIED. ) ;
#5954 = CARTESIAN_POINT ( 'NONE',  ( 4.906049746558777800, 4.509999999999999800, -2.554729299710066600 ) ) ;
#5956 = ORIENTED_EDGE ( 'NONE', *, *, #645, .F. ) ;
#5955 = CARTESIAN_POINT ( 'NONE',  ( 2.523470924014136400, 4.509999999999999800, -2.554729299710066600 ) ) ;
#5957 = UNCERTAINTY_MEASURE_WITH_UNIT (LENGTH_MEASURE( 1.000000000000000100E-005 ), #5528, 'distance_accuracy_value', 'NONE');
#5958 = ADVANCED_FACE ( 'NONE', ( #5747 ), #6087, .T. ) ;
#5959 = PRESENTATION_STYLE_ASSIGNMENT (( #8218 ) ) ;
#5960 = SURFACE_SIDE_STYLE ('',( #6058 ) ) ;
#5961 = CARTESIAN_POINT ( 'NONE',  ( 5.660903384264000400, 4.509999999999998900, -2.564085325910710400 ) ) ;
#5962 = CARTESIAN_POINT ( 'NONE',  ( 4.392265479636359200, 4.509999999999999800, -2.367767981338248200 ) ) ;
#5963 = FACE_BOUND ( 'NONE', #8396, .T. ) ;
#5964 = CARTESIAN_POINT ( 'NONE',  ( 1.767850748697916500, 4.500000000000000900, -2.645679820543399800 ) ) ;
#5965 =( LENGTH_UNIT ( ) NAMED_UNIT ( * ) SI_UNIT ( .MILLI., .METRE. ) );
#5966 = UNCERTAINTY_MEASURE_WITH_UNIT (LENGTH_MEASURE( 1.000000000000000100E-005 ), #7916, 'distance_accuracy_value', 'NONE');
#5967 = CARTESIAN_POINT ( 'NONE',  ( 1.671215820312499800, 4.510000000000000700, -1.463323049710067100 ) ) ;
#5968 = CARTESIAN_POINT ( 'NONE',  ( 1.865703764415922000, 4.509999999999999800, -2.190927216376733300 ) ) ;
#5969 = PRESENTATION_LAYER_ASSIGNMENT (  '', '', ( #986 ) ) ;
#5970 = CARTESIAN_POINT ( 'NONE',  ( 0.8292786148693864800, 4.500000000000000000, -0.9332871698254021600 ) ) ;
#5971 = CARTESIAN_POINT ( 'NONE',  ( 5.523511905599193900, 4.500000000000001800, -2.384079172309085900 ) ) ;
#5972 = VECTOR ( 'NONE', #8429, 1000.000000000000000 ) ;
#5973 = ORIENTED_EDGE ( 'NONE', *, *, #178, .F. ) ;
#5974 = CARTESIAN_POINT ( 'NONE',  ( 7.487459807072171200, 4.510000000000000700, -2.443708560545272000 ) ) ;
#5975 = CARTESIAN_POINT ( 'NONE',  ( 6.940000000000003100, 2.990000000000000200, 5.799999999999983800 ) ) ;
#5976 = VECTOR ( 'NONE', #1968, 1000.000000000000000 ) ;
#5977 =( GEOMETRIC_REPRESENTATION_CONTEXT ( 3 ) GLOBAL_UNCERTAINTY_ASSIGNED_CONTEXT ( ( #4835 ) ) GLOBAL_UNIT_ASSIGNED_CONTEXT ( ( #1580, #6967, #7712 ) ) REPRESENTATION_CONTEXT ( 'NONE', 'WORKASPACE' ) );
#5978 = EDGE_CURVE ( 'NONE', #7368, #4168, #5141, .T. ) ;
#5979 = LINE ( 'NONE', #9348, #5138 ) ;
#5980 = CARTESIAN_POINT ( 'NONE',  ( 7.061120430244218800, 4.500000000000000900, -1.064300517790911700 ) ) ;
#5981 = PLANE ( 'NONE',  #3404 ) ;
#5982 = ORIENTED_EDGE ( 'NONE', *, *, #2492, .F. ) ;
#5983 = CARTESIAN_POINT ( 'NONE',  ( 7.226440978368795100, 4.510000000000001600, -2.540106020674010700 ) ) ;
#5984 = VECTOR ( 'NONE', #9809, 1000.000000000000000 ) ;
#5985 = FILL_AREA_STYLE_COLOUR ( '', #6818 ) ;
#5986 = CARTESIAN_POINT ( 'NONE',  ( 5.043224201561155700, 4.509999999999998900, -2.530829638628621800 ) ) ;
#5987 = SURFACE_SIDE_STYLE ('',( #4122 ) ) ;
#5988 = LINE ( 'NONE', #9130, #2517 ) ;
#5989 = PRESENTATION_LAYER_ASSIGNMENT (  '', '', ( #5470 ) ) ;
#5990 = STYLED_ITEM ( 'NONE', ( #9855 ), #4796 ) ;
#5991 = ORIENTED_EDGE ( 'NONE', *, *, #9482, .T. ) ;
#5992 =( NAMED_UNIT ( * ) SI_UNIT ( $, .STERADIAN. ) SOLID_ANGLE_UNIT ( ) );
#5993 = CARTESIAN_POINT ( 'NONE',  ( 5.718334421616837900, 4.500000000000000900, -2.615302963122011300 ) ) ;
#5994 = CARTESIAN_POINT ( 'NONE',  ( 4.447840541514372200, 4.509999999999998900, -2.289430927563799800 ) ) ;
#5995 = AXIS2_PLACEMENT_3D ( 'NONE', #2887, #9788, #5168 ) ;
#5996 = ADVANCED_FACE ( 'NONE', ( #6474 ), #2817, .T. ) ;
#5997 = CARTESIAN_POINT ( 'NONE',  ( 7.243620983212360400, 4.500000000000000000, -1.325101094684881100 ) ) ;
#5998 = VERTEX_POINT ( 'NONE', #646 ) ;
#5999 = CARTESIAN_POINT ( 'NONE',  ( 7.323615181720720500, 4.509999999999999800, -1.500469931387517800 ) ) ;
#6000 =( GEOMETRIC_REPRESENTATION_CONTEXT ( 3 ) GLOBAL_UNCERTAINTY_ASSIGNED_CONTEXT ( ( #8529 ) ) GLOBAL_UNIT_ASSIGNED_CONTEXT ( ( #9720, #2825, #7488 ) ) REPRESENTATION_CONTEXT ( 'NONE', 'WORKASPACE' ) );
#6001 = CARTESIAN_POINT ( 'NONE',  ( 7.061120430244218800, 4.509999999999999800, -1.064300517790911700 ) ) ;
#6002 = CARTESIAN_POINT ( 'NONE',  ( 5.222717329497317700, 4.500000000000000900, -2.100932883778873900 ) ) ;
#6003 = CARTESIAN_POINT ( 'NONE',  ( 5.525794794994700600, 4.500000000000001800, -2.405548924280863000 ) ) ;
#6004 = LINE ( 'NONE', #8500, #4448 ) ;
#6005 = EDGE_CURVE ( 'NONE', #7867, #3304, #4429, .T. ) ;
#6006 = MECHANICAL_DESIGN_GEOMETRIC_PRESENTATION_REPRESENTATION (  '', ( #7059 ), #7577 ) ;
#6007 = B_SPLINE_CURVE_WITH_KNOTS ( 'NONE', 3,
 ( #4573, #783, #6743, #9086, #1465, #6054, #3030, #3062, #9028, #5306, #9061 ),
 .UNSPECIFIED., .F., .F.,
 ( 4, 1, 1, 1, 1, 1, 1, 1, 4 ),
 ( 0.0000000000000000000, 0.1133694469408669200, 0.2281438269136120700, 0.3445097344601003000, 0.4649364957487215300, 0.5892915729664020000, 0.7190871373224758700, 0.8555500035966811000, 1.000000000000000000 ),
 .UNSPECIFIED. ) ;
#6008 = CARTESIAN_POINT ( 'NONE',  ( 1.872606259300594500, 4.500000000000000900, -0.9878629608893823000 ) ) ;
#6009 = VERTEX_POINT ( 'NONE', #6935 ) ;
#6010 = VERTEX_POINT ( 'NONE', #3930 ) ;
#6011 = DIRECTION ( 'NONE',  ( -0.0000000000000000000, -1.000000000000000000, -0.0000000000000000000 ) ) ;
#6012 =( NAMED_UNIT ( * ) SI_UNIT ( $, .STERADIAN. ) SOLID_ANGLE_UNIT ( ) );
#6013 = CARTESIAN_POINT ( 'NONE',  ( 1.872606259300594500, 4.500000000000000900, -0.9878629608893823000 ) ) ;
#6014 = UNCERTAINTY_MEASURE_WITH_UNIT (LENGTH_MEASURE( 1.000000000000000100E-005 ), #1644, 'distance_accuracy_value', 'NONE');
#6015 = VECTOR ( 'NONE', #2139, 1000.000000000000000 ) ;
#6016 = CARTESIAN_POINT ( 'NONE',  ( 4.119571358816963300, 4.509999999999999800, -0.9176199247100669300 ) ) ;
#6017 = EDGE_LOOP ( 'NONE', ( #5205, #1684, #9585, #6284 ) ) ;
#6018 = DIRECTION ( 'NONE',  ( -0.0000000000000000000, -1.000000000000000000, -0.0000000000000000000 ) ) ;
#6019 = UNCERTAINTY_MEASURE_WITH_UNIT (LENGTH_MEASURE( 1.000000000000000100E-005 ), #3805, 'distance_accuracy_value', 'NONE');
#6020 = EDGE_CURVE ( 'NONE', #2171, #1283, #4189, .T. ) ;
#6021 = ORIENTED_EDGE ( 'NONE', *, *, #4222, .T. ) ;
#6022 = SURFACE_STYLE_USAGE ( .BOTH. , #5987 ) ;
#6023 = DIRECTION ( 'NONE',  ( 0.0000000000000000000, -0.0000000000000000000, 1.000000000000000000 ) ) ;
#6024 = CYLINDRICAL_SURFACE ( 'NONE', #3308, 1.250000000000000200 ) ;
#6025 = CARTESIAN_POINT ( 'NONE',  ( 2.210000000000004000, 2.490000000000000200, 5.799999999999983800 ) ) ;
#6026 = SURFACE_SIDE_STYLE ('',( #9140 ) ) ;
#6027 = FACE_OUTER_BOUND ( 'NONE', #3772, .T. ) ;
#6028 = CARTESIAN_POINT ( 'NONE',  ( 1.060000000000003600, -2.259999999999997100, 6.749999999999984900 ) ) ;
#6029 = EDGE_LOOP ( 'NONE', ( #3522, #7949, #7492, #1160 ) ) ;
#6030 = STYLED_ITEM ( 'NONE', ( #7909 ), #6527 ) ;
#6031 = CARTESIAN_POINT ( 'NONE',  ( 6.337662198757109300, 4.500000000000001800, -2.637930594706396500 ) ) ;
#6032 = CARTESIAN_POINT ( 'NONE',  ( 3.942852106165805300, 4.500000000000000900, -1.457544922502115300 ) ) ;
#6033 = CARTESIAN_POINT ( 'NONE',  ( 2.987087533816250600, 4.509999999999998900, -2.391882215198212900 ) ) ;
#6034 = CARTESIAN_POINT ( 'NONE',  ( 0.8490870066492689500, 4.500000000000000900, -0.9557664663086185000 ) ) ;
#6035 = B_SPLINE_SURFACE_WITH_KNOTS ( 'NONE', 3, 1, ( 
 ( #1808, #8000 ),
 ( #3451, #4181 ),
 ( #4822, #9532 ),
 ( #5700, #391 ),
 ( #4151, #5610 ),
 ( #5736, #6350 ),
 ( #1105, #6486 ),
 ( #1777, #6452 ),
 ( #7172, #4858 ),
 ( #1899, #5668 ),
 ( #7964, #1039 ) ),
 .UNSPECIFIED., .F., .F., .F.,
 ( 4, 1, 1, 1, 1, 1, 1, 1, 4 ),
 ( 2, 2 ),
 ( 0.0000000000000000000, 0.1440306613881546200, 0.2740342620545201900, 0.3901554936314385900, 0.4984253191023463900, 0.6105705555072847800, 0.7255366516136364500, 0.8561547915775156200, 0.9999999999999998900 ),
 ( 0.0000000000000000000, 1.000000000000000000 ),
 .UNSPECIFIED. ) ;
#6036 = CARTESIAN_POINT ( 'NONE',  ( 5.287127284215062100, 4.509999999999999800, -2.518405064466794100 ) ) ;
#6037 = EDGE_CURVE ( 'NONE', #1829, #4780, #2393, .T. ) ;
#6038 = SURFACE_STYLE_FILL_AREA ( #4541 ) ;
#6039 = ORIENTED_EDGE ( 'NONE', *, *, #994, .F. ) ;
#6040 = CARTESIAN_POINT ( 'NONE',  ( 2.759166617865755900, 4.509999999999999800, -2.449888456860171100 ) ) ;
#6041 = CARTESIAN_POINT ( 'NONE',  ( 6.684686077412997000, 4.509999999999998900, -2.327853735473119900 ) ) ;
#6042 = FACE_OUTER_BOUND ( 'NONE', #6653, .T. ) ;
#6043 = CARTESIAN_POINT ( 'NONE',  ( 6.435409785245652400, 4.509999999999998900, -1.256123205043273100 ) ) ;
#6044 = CARTESIAN_POINT ( 'NONE',  ( 6.957486358611070900, 4.500000000000000900, -0.9821685688963428500 ) ) ;
#6045 = FILL_AREA_STYLE_COLOUR ( '', #2114 ) ;
#6046 = SURFACE_STYLE_FILL_AREA ( #8272 ) ;
#6047 = ORIENTED_EDGE ( 'NONE', *, *, #1763, .F. ) ;
#6048 = EDGE_LOOP ( 'NONE', ( #8921, #1827, #9405, #5952, #5682, #5808, #9446, #8015, #7715, #7347, #5777 ) ) ;
#6049 = CARTESIAN_POINT ( 'NONE',  ( 7.304560580702231600, 4.500000000000000000, -2.140340706822321700 ) ) ;
#6050 = CARTESIAN_POINT ( 'NONE',  ( 2.733257287343320300, 4.500000000000000900, -2.704088957647500900 ) ) ;
#6051 = EDGE_CURVE ( 'NONE', #9376, #9899, #366, .T. ) ;
#6052 = DIRECTION ( 'NONE',  ( 1.000000000000000000, 0.0000000000000000000, -0.0000000000000000000 ) ) ;
#6053 = ORIENTED_EDGE ( 'NONE', *, *, #6595, .T. ) ;
#6054 = CARTESIAN_POINT ( 'NONE',  ( 5.273937723451807000, 4.500000000000000900, -2.191770001969793700 ) ) ;
#6055 = VERTEX_POINT ( 'NONE', #1809 ) ;
#6056 = DIRECTION ( 'NONE',  ( -0.0000000000000000000, 0.0000000000000000000, -1.000000000000000000 ) ) ;
#6057 = SURFACE_STYLE_USAGE ( .BOTH. , #7594 ) ;
#6058 = SURFACE_STYLE_FILL_AREA ( #2122 ) ;
#6059 = CARTESIAN_POINT ( 'NONE',  ( 6.004910392410908800, 4.509999999999999800, -0.9179899795546515600 ) ) ;
#6060 = EDGE_LOOP ( 'NONE', ( #1058, #6369, #8378, #1880 ) ) ;
#6061 = DIRECTION ( 'NONE',  ( 1.000000000000000000, -0.0000000000000000000, 0.0000000000000000000 ) ) ;
#6062 = PRESENTATION_LAYER_ASSIGNMENT (  '', '', ( #7118 ) ) ;
#6063 = B_SPLINE_CURVE_WITH_KNOTS ( 'NONE', 3,
 ( #9543, #3461, #9579, #1941, #1216, #6529, #7272, #8746, #441, #5005, #5776 ),
 .UNSPECIFIED., .F., .F.,
 ( 4, 1, 1, 1, 1, 1, 1, 1, 4 ),
 ( 0.0000000000000000000, 0.1325868731187110600, 0.2592339736334611800, 0.3800147170249504900, 0.4999003229990294200, 0.6193728004511985800, 0.7408338946043837600, 0.8669920532972608100, 1.000000000000000000 ),
 .UNSPECIFIED. ) ;
#6064 = CARTESIAN_POINT ( 'NONE',  ( 6.181370325574492100, 4.499999999999999100, -2.726937923305110500 ) ) ;
#6065 =( GEOMETRIC_REPRESENTATION_CONTEXT ( 3 ) GLOBAL_UNCERTAINTY_ASSIGNED_CONTEXT ( ( #5314 ) ) GLOBAL_UNIT_ASSIGNED_CONTEXT ( ( #1719, #6229, #9276 ) ) REPRESENTATION_CONTEXT ( 'NONE', 'WORKASPACE' ) );
#6066 = CARTESIAN_POINT ( 'NONE',  ( 6.772565569196427000, 4.500000000000000900, -1.099520966376733600 ) ) ;
#6067 = CARTESIAN_POINT ( 'NONE',  ( 3.907864261227223400, 4.500000000000002700, -1.529553217398840200 ) ) ;
#6068 = VECTOR ( 'NONE', #9462, 1000.000000000000000 ) ;
#6069 = ORIENTED_EDGE ( 'NONE', *, *, #5713, .T. ) ;
#6070 = CARTESIAN_POINT ( 'NONE',  ( 7.269951230003719000, 4.509999999999999800, -1.380493111093995500 ) ) ;
#6071 = CARTESIAN_POINT ( 'NONE',  ( 0.8031435130265859300, 4.500000000000001800, -0.9193368064240683400 ) ) ;
#6072 = FILL_AREA_STYLE_COLOUR ( '', #2443 ) ;
#6073 = ORIENTED_EDGE ( 'NONE', *, *, #1498, .F. ) ;
#6074 = FACE_OUTER_BOUND ( 'NONE', #9860, .T. ) ;
#6075 = CARTESIAN_POINT ( 'NONE',  ( 2.671671549479165600, 4.509999999999999800, -2.518998737954114100 ) ) ;
#6076 = CARTESIAN_POINT ( 'NONE',  ( 7.496667453254678600, 4.509999999999999800, -2.312334736949660700 ) ) ;
#6077 = VECTOR ( 'NONE', #6466, 1000.000000000000000 ) ;
#6078 = UNCERTAINTY_MEASURE_WITH_UNIT (LENGTH_MEASURE( 1.000000000000000100E-005 ), #3039, 'distance_accuracy_value', 'NONE');
#6079 = CARTESIAN_POINT ( 'NONE',  ( 0.6720685779845899700, 4.500000000000000900, -2.714215791611775500 ) ) ;
#6080 = CARTESIAN_POINT ( 'NONE',  ( 5.132207961309521900, 4.500000000000000900, -2.372828258043400100 ) ) ;
#6081 = EDGE_CURVE ( 'NONE', #670, #576, #7453, .T. ) ;
#6082 = SURFACE_SIDE_STYLE ('',( #3188 ) ) ;
#6083 = CARTESIAN_POINT ( 'NONE',  ( 1.060000000000003600, 2.990000000000000200, 5.999999999999976900 ) ) ;
#6084 = FACE_BOUND ( 'NONE', #1940, .T. ) ;
#6085 = SURFACE_SIDE_STYLE ('',( #3566 ) ) ;
#6086 = FACE_OUTER_BOUND ( 'NONE', #6859, .T. ) ;
#6087 = B_SPLINE_SURFACE_WITH_KNOTS ( 'NONE', 3, 1, ( 
 ( #7516, #6767 ),
 ( #579, #7483 ),
 ( #9821, #2890 ),
 ( #63, #2274 ),
 ( #8510, #836 ),
 ( #3175, #9136 ),
 ( #4539, #808 ),
 ( #7680, #5365 ),
 ( #7000, #4563 ),
 ( #3144, #5431 ),
 ( #1513, #3962 ) ),
 .UNSPECIFIED., .F., .F., .F.,
 ( 4, 1, 1, 1, 1, 1, 1, 1, 4 ),
 ( 2, 2 ),
 ( 0.0000000000000000000, 0.1440306613881541500, 0.2740342620545223600, 0.3901554936314398100, 0.4984253191023458300, 0.6105705555072857800, 0.7255366516136370100, 0.8561547915775158400, 1.000000000000000000 ),
 ( 0.0000000000000000000, 1.000000000000000000 ),
 .UNSPECIFIED. ) ;
#6088 = COLOUR_RGB ( '',1.000000000000000000, 1.000000000000000000, 1.000000000000000000 ) ;
#6089 = SURFACE_STYLE_FILL_AREA ( #7388 ) ;
#6090 = ORIENTED_EDGE ( 'NONE', *, *, #4308, .F. ) ;
#6091 = CARTESIAN_POINT ( 'NONE',  ( 6.235444775599567000, 4.509999999999999800, -2.257470553048837900 ) ) ;
#6092 = CARTESIAN_POINT ( 'NONE',  ( 5.182555571056547600, 4.500000000000000900, -1.070692899505453900 ) ) ;
#6093 = DIRECTION ( 'NONE',  ( -0.0000000000000000000, -1.000000000000000000, -0.0000000000000000000 ) ) ;
#6094 = SURFACE_SIDE_STYLE ('',( #2170 ) ) ;
#6095 = EDGE_CURVE ( 'NONE', #8819, #2225, #9807, .T. ) ;
#6096 = PRESENTATION_STYLE_ASSIGNMENT (( #173 ) ) ;
#6097 = VERTEX_POINT ( 'NONE', #6251 ) ;
#6098 = CARTESIAN_POINT ( 'NONE',  ( 6.337662198757109300, 4.510000000000000700, -2.637930594706396500 ) ) ;
#6099 = CARTESIAN_POINT ( 'NONE',  ( 6.337662198757109300, 4.510000000000000700, -2.637930594706396500 ) ) ;
#6100 = CARTESIAN_POINT ( 'NONE',  ( 3.872969410121840800, 4.500000000000000900, -1.540904330792368700 ) ) ;
#6101 = LINE ( 'NONE', #9774, #5984 ) ;
#6102 = CARTESIAN_POINT ( 'NONE',  ( 6.262593005952380700, 4.509999999999999800, -2.372828258043400100 ) ) ;
#6103 = PRESENTATION_LAYER_ASSIGNMENT (  '', '', ( #4379 ) ) ;
#6104 =( NAMED_UNIT ( * ) SI_UNIT ( $, .STERADIAN. ) SOLID_ANGLE_UNIT ( ) );
#6105 = B_SPLINE_SURFACE_WITH_KNOTS ( 'NONE', 3, 1, ( 
 ( #9290, #6953 ),
 ( #9190, #4612 ),
 ( #5386, #827 ),
 ( #6240, #3201 ),
 ( #2354, #7726 ),
 ( #3916, #5450 ),
 ( #3134, #3950 ) ),
 .UNSPECIFIED., .F., .F., .F.,
 ( 4, 1, 1, 1, 4 ),
 ( 2, 2 ),
 ( 0.0000000000000000000, 0.2745796463717087300, 0.5327121943159380800, 0.7742643125489788700, 1.000000000000000000 ),
 ( 0.0000000000000000000, 1.000000000000000000 ),
 .UNSPECIFIED. ) ;
#6106 = CARTESIAN_POINT ( 'NONE',  ( 5.314109002976188400, 4.509999999999999800, -2.376888549152031100 ) ) ;
#6107 = COLOUR_RGB ( '',0.8470588235294117500, 0.8470588235294117500, 0.8470588235294117500 ) ;
#6108 = DIRECTION ( 'NONE',  ( -0.0000000000000000000, -1.000000000000000000, -0.0000000000000000000 ) ) ;
#6109 = ORIENTED_EDGE ( 'NONE', *, *, #9049, .T. ) ;
#6110 = CARTESIAN_POINT ( 'NONE',  ( 5.997862025669642900, 4.509999999999999800, -1.099520966376733600 ) ) ;
#6111 = MECHANICAL_DESIGN_GEOMETRIC_PRESENTATION_REPRESENTATION (  '', ( #4749 ), #8050 ) ;
#6112 = CARTESIAN_POINT ( 'NONE',  ( 1.767850748697916500, 4.500000000000001800, -2.645679820543399800 ) ) ;
#6113 = EDGE_CURVE ( 'NONE', #2824, #2735, #4899, .T. ) ;
#6114 = CARTESIAN_POINT ( 'NONE',  ( 4.906049746558777800, 4.500000000000000900, -2.554729299710066600 ) ) ;
#6115 = CARTESIAN_POINT ( 'NONE',  ( 5.264573451450891300, 4.500000000000002700, -2.560413707262149800 ) ) ;
#6116 = DIRECTION ( 'NONE',  ( 1.000000000000000000, -0.0000000000000000000, -0.0000000000000000000 ) ) ;
#6117 = SURFACE_STYLE_FILL_AREA ( #9487 ) ;
#6118 = CARTESIAN_POINT ( 'NONE',  ( 6.617493399034635200, 4.500000000000000900, -1.460466574612721700 ) ) ;
#6119 = CARTESIAN_POINT ( 'NONE',  ( 4.051141747118993700, 4.510000000000000700, -0.9399744836577723600 ) ) ;
#6120 = EDGE_LOOP ( 'NONE', ( #7622, #8868, #531, #799 ) ) ;
#6121 = CARTESIAN_POINT ( 'NONE',  ( 2.068351633955786800, 4.499999999999999100, -2.239751663166089200 ) ) ;
#6122 = AXIS2_PLACEMENT_3D ( 'NONE', #3684, #6579, #7207 ) ;
#6123 = COLOUR_RGB ( '',0.09803921568627450800, 0.09803921568627450800, 0.09803921568627450800 ) ;
#6124 = DIRECTION ( 'NONE',  ( -1.000000000000000000, 0.0000000000000000000, -0.0000000000000000000 ) ) ;
#6125 = DIRECTION ( 'NONE',  ( 1.084202172485504400E-016, 0.0000000000000000000, 1.000000000000000000 ) ) ;
#6126 = CARTESIAN_POINT ( 'NONE',  ( 5.768794885638572000, 4.500000000000000900, -2.411986976220042300 ) ) ;
#6127 = AXIS2_PLACEMENT_3D ( 'NONE', #2182, #8211, #6712 ) ;
#6128 = CARTESIAN_POINT ( 'NONE',  ( 5.632337033823437100, 4.510000000000000700, -2.284214916070033600 ) ) ;
#6129 = ORIENTED_EDGE ( 'NONE', *, *, #3020, .F. ) ;
#6130 = LINE ( 'NONE', #2930, #2789 ) ;
#6131 = CARTESIAN_POINT ( 'NONE',  ( 6.303084122415376600, 4.500000000000000900, -2.668068866232034000 ) ) ;
#6132 = DIRECTION ( 'NONE',  ( -0.0000000000000000000, -1.000000000000000000, -0.0000000000000000000 ) ) ;
#6133 = B_SPLINE_CURVE_WITH_KNOTS ( 'NONE', 3,
 ( #9063, #595, #3615, #1303, #9692, #6646, #2874 ),
 .UNSPECIFIED., .F., .F.,
 ( 4, 1, 1, 1, 4 ),
 ( 0.0000000000000000000, 0.2432027598354963600, 0.4864218073515730300, 0.7377376028668435300, 0.9999999999999998900 ),
 .UNSPECIFIED. ) ;
#6134 = CIRCLE ( 'NONE', #9571, 2.000000000000000000 ) ;
#6135 = CARTESIAN_POINT ( 'NONE',  ( 4.897092457145723700, 4.500000000000000900, -2.554278226873297500 ) ) ;
#6136 = VERTEX_POINT ( 'NONE', #5504 ) ;
#6137 = MECHANICAL_DESIGN_GEOMETRIC_PRESENTATION_REPRESENTATION (  '', ( #698 ), #4583 ) ;
#6138 = VERTEX_POINT ( 'NONE', #901 ) ;
#6139 = CARTESIAN_POINT ( 'NONE',  ( 2.421146576958719300, 4.500000000000000000, -2.544354378052030400 ) ) ;
#6140 = CARTESIAN_POINT ( 'NONE',  ( 2.077576397313863700, 4.510000000000000700, -1.102060676745144000 ) ) ;
#6141 = B_SPLINE_SURFACE_WITH_KNOTS ( 'NONE', 3, 1, ( 
 ( #2086, #655 ),
 ( #9828, #5180 ),
 ( #8305, #8339 ),
 ( #6774, #7590 ),
 ( #2183, #9025 ),
 ( #9858, #2963 ),
 ( #2997, #4450 ) ),
 .UNSPECIFIED., .F., .F., .F.,
 ( 4, 1, 1, 1, 4 ),
 ( 2, 2 ),
 ( 0.0000000000000000000, 0.2432027598354963600, 0.4864218073515730300, 0.7377376028668435300, 0.9999999999999998900 ),
 ( 0.0000000000000000000, 1.000000000000000000 ),
 .UNSPECIFIED. ) ;
#6142 = EDGE_CURVE ( 'NONE', #7614, #1379, #6722, .T. ) ;
#6143 = COLOUR_RGB ( '',1.000000000000000000, 1.000000000000000000, 1.000000000000000000 ) ;
#6144 = STYLED_ITEM ( 'NONE', ( #7644 ), #2812 ) ;
#6145 = CARTESIAN_POINT ( 'NONE',  ( 2.682929831211944700, 4.510000000000000700, -2.512342420036346400 ) ) ;
#6146 = CARTESIAN_POINT ( 'NONE',  ( 6.250005887128726700, 4.500000000000000000, -2.452124493493722300 ) ) ;
#6147 = LINE ( 'NONE', #7098, #4577 ) ;
#6148 = CARTESIAN_POINT ( 'NONE',  ( 4.392265479636359200, 4.500000000000000900, -2.367767981338248200 ) ) ;
#6149 = VERTEX_POINT ( 'NONE', #8675 ) ;
#6150 = DIRECTION ( 'NONE',  ( -0.0000000000000000000, -1.000000000000000000, -0.0000000000000000000 ) ) ;
#6151 = CARTESIAN_POINT ( 'NONE',  ( 5.131565891165528200, 4.500000000000002700, -2.387115135631041200 ) ) ;
#6152 = ORIENTED_EDGE ( 'NONE', *, *, #4244, .F. ) ;
#6153 = CARTESIAN_POINT ( 'NONE',  ( 5.229497739494229700, 4.500000000000001800, -0.9186940498218999500 ) ) ;
#6154 = SURFACE_SIDE_STYLE ('',( #2105 ) ) ;
#6155 = SURFACE_SIDE_STYLE ('',( #3672 ) ) ;
#6156 = FACE_OUTER_BOUND ( 'NONE', #1691, .T. ) ;
#6157 = CARTESIAN_POINT ( 'NONE',  ( 4.099112694851367400, 4.509999999999999800, -0.9186940498218997300 ) ) ;
#6158 = ORIENTED_EDGE ( 'NONE', *, *, #7258, .F. ) ;
#6159 = SURFACE_SIDE_STYLE ('',( #1900 ) ) ;
#6160 = CARTESIAN_POINT ( 'NONE',  ( 3.104092552548363100, 4.500000000000001800, -1.541280638995781400 ) ) ;
#6161 = ORIENTED_EDGE ( 'NONE', *, *, #1360, .T. ) ;
#6162 = FILL_AREA_STYLE ('',( #2440 ) ) ;
#6163 = CARTESIAN_POINT ( 'NONE',  ( 6.843355596390072300, 4.510000000000001600, -2.234236130373333100 ) ) ;
#6164 = CARTESIAN_POINT ( 'NONE',  ( 5.768794885638572000, 4.509999999999999800, -2.411986976220042300 ) ) ;
#6165 = FACE_OUTER_BOUND ( 'NONE', #4653, .T. ) ;
#6166 = CARTESIAN_POINT ( 'NONE',  ( 5.159544775695245300, 4.509999999999998900, -1.001501958244233300 ) ) ;
#6167 =( GEOMETRIC_REPRESENTATION_CONTEXT ( 3 ) GLOBAL_UNCERTAINTY_ASSIGNED_CONTEXT ( ( #8352 ) ) GLOBAL_UNIT_ASSIGNED_CONTEXT ( ( #7561, #9829, #5992 ) ) REPRESENTATION_CONTEXT ( 'NONE', 'WORKASPACE' ) );
#6168 = ORIENTED_EDGE ( 'NONE', *, *, #6583, .T. ) ;
#6169 = FILL_AREA_STYLE_COLOUR ( '', #5022 ) ;
#6170 = COLOUR_RGB ( '',0.8980392156862745400, 0.8980392156862745400, 0.8980392156862745400 ) ;
#6171 = PLANE ( 'NONE',  #2091 ) ;
#6172 = CARTESIAN_POINT ( 'NONE',  ( 4.878607218389062100, 4.509999999999998900, -2.553347343801442900 ) ) ;
#6173 = COLOUR_RGB ( '',0.8980392156862745400, 0.8980392156862745400, 0.8980392156862745400 ) ;
#6174 = CARTESIAN_POINT ( 'NONE',  ( 6.018320689635238800, 4.509999999999999800, -0.9186940498218998400 ) ) ;
#6175 = CARTESIAN_POINT ( 'NONE',  ( 6.613402157738094400, 4.509999999999999800, -1.361409742883430000 ) ) ;
#6176 = EDGE_CURVE ( 'NONE', #9891, #1374, #9317, .T. ) ;
#6177 = COLOUR_RGB ( '',1.000000000000000000, 1.000000000000000000, 1.000000000000000000 ) ;
#6178 = ORIENTED_EDGE ( 'NONE', *, *, #2783, .F. ) ;
#6179 = ORIENTED_EDGE ( 'NONE', *, *, #7070, .F. ) ;
#6180 = CARTESIAN_POINT ( 'NONE',  ( 0.6496465773809523300, 4.500000000000000900, -2.645679820543399800 ) ) ;
#6181 = CARTESIAN_POINT ( 'NONE',  ( 7.465742378665915200, 4.510000000000000700, -1.966867553310709400 ) ) ;
#6182 = CARTESIAN_POINT ( 'NONE',  ( 5.101910771380899800, 4.500000000000000900, -2.484585455516736400 ) ) ;
#6183 = CARTESIAN_POINT ( 'NONE',  ( 5.159411911737351800, 4.500000000000000900, -1.008570445543400100 ) ) ;
#6184 = PLANE ( 'NONE',  #4937 ) ;
#6185 = LINE ( 'NONE', #6234, #1530 ) ;
#6186 =( GEOMETRIC_REPRESENTATION_CONTEXT ( 3 ) GLOBAL_UNCERTAINTY_ASSIGNED_CONTEXT ( ( #5254 ) ) GLOBAL_UNIT_ASSIGNED_CONTEXT ( ( #5534, #8673, #3378 ) ) REPRESENTATION_CONTEXT ( 'NONE', 'WORKASPACE' ) );
#6187 = FILL_AREA_STYLE ('',( #3934 ) ) ;
#6188 = PRESENTATION_STYLE_ASSIGNMENT (( #7847 ) ) ;
#6189 = FILL_AREA_STYLE_COLOUR ( '', #9621 ) ;
#6190 = PRESENTATION_LAYER_ASSIGNMENT (  '', '', ( #5664 ) ) ;
#6191 = MECHANICAL_DESIGN_GEOMETRIC_PRESENTATION_REPRESENTATION (  '', ( #875 ), #1406 ) ;
#6192 = CARTESIAN_POINT ( 'NONE',  ( 3.013934435395391600, 4.510000000000000700, -1.429774628317754100 ) ) ;
#6193 = ORIENTED_EDGE ( 'NONE', *, *, #6567, .T. ) ;
#6194 = VERTEX_POINT ( 'NONE', #2499 ) ;
#6195 = FILL_AREA_STYLE ('',( #2619 ) ) ;
#6196 = COLOUR_RGB ( '',0.8980392156862745400, 0.8980392156862745400, 0.8980392156862745400 ) ;
#6197 = UNCERTAINTY_MEASURE_WITH_UNIT (LENGTH_MEASURE( 1.000000000000000100E-005 ), #4025, 'distance_accuracy_value', 'NONE');
#6198 = CARTESIAN_POINT ( 'NONE',  ( 6.256158649691046800, 4.510000000000000700, -2.315811436865796900 ) ) ;
#6199 = CARTESIAN_POINT ( 'NONE',  ( 2.184616777118092700, 4.500000000000000000, -2.636704016607504600 ) ) ;
#6200 =( NAMED_UNIT ( * ) PLANE_ANGLE_UNIT ( ) SI_UNIT ( $, .RADIAN. ) );
#6201 = SURFACE_STYLE_FILL_AREA ( #8110 ) ;
#6202 = CARTESIAN_POINT ( 'NONE',  ( 7.148522036177767300, 4.509999999999998900, -2.554411569219188700 ) ) ;
#6203 = FACE_OUTER_BOUND ( 'NONE', #9605, .T. ) ;
#6204 = STYLED_ITEM ( 'NONE', ( #3088 ), #9458 ) ;
#6205 = ORIENTED_EDGE ( 'NONE', *, *, #9886, .T. ) ;
#6206 = VERTEX_POINT ( 'NONE', #9406 ) ;
#6207 = EDGE_CURVE ( 'NONE', #1185, #7235, #7014, .T. ) ;
#6208 = CARTESIAN_POINT ( 'NONE',  ( 4.549556187220980900, 4.509999999999999800, -2.315984182522566700 ) ) ;
#6209 = STYLED_ITEM ( 'NONE', ( #4884 ), #1766 ) ;
#6210 = SURFACE_SIDE_STYLE ('',( #662 ) ) ;
#6211 = FILL_AREA_STYLE ('',( #4711 ) ) ;
#6212 = CYLINDRICAL_SURFACE ( 'NONE', #4035, 1.000000000000001600 ) ;
#6213 = UNCERTAINTY_MEASURE_WITH_UNIT (LENGTH_MEASURE( 1.000000000000000100E-005 ), #8011, 'distance_accuracy_value', 'NONE');
#6214 = CARTESIAN_POINT ( 'NONE',  ( 5.151697358630950200, 4.500000000000000900, -2.011868378486108400 ) ) ;
#6215 = CARTESIAN_POINT ( 'NONE',  ( 6.613402157738094400, 4.500000000000000900, -1.361409742883430000 ) ) ;
#6216 = FACE_OUTER_BOUND ( 'NONE', #525, .T. ) ;
#6217 = DIRECTION ( 'NONE',  ( -1.734723475976807100E-015, 1.000000000000000000, -0.0000000000000000000 ) ) ;
#6218 = CARTESIAN_POINT ( 'NONE',  ( 6.940000000000003100, 2.990000000000000200, 5.999999999999976900 ) ) ;
#6219 = CARTESIAN_POINT ( 'NONE',  ( 2.536774468158900400, 4.500000000000000000, -2.554442407199988300 ) ) ;
#6220 = EDGE_CURVE ( 'NONE', #9146, #3534, #5201, .T. ) ;
#6221 = CARTESIAN_POINT ( 'NONE',  ( 5.242908036718559700, 4.500000000000002700, -0.9179899795546520000 ) ) ;
#6222 = CARTESIAN_POINT ( 'NONE',  ( -1.009999999999997100, 1.500000000000000400, -2.000000000000015500 ) ) ;
#6223 = FACE_OUTER_BOUND ( 'NONE', #4355, .T. ) ;
#6224 = EDGE_LOOP ( 'NONE', ( #771, #5595, #9346, #6996 ) ) ;
#6225 = CARTESIAN_POINT ( 'NONE',  ( 3.035662940850393000, 4.500000000000001800, -1.381734156276819500 ) ) ;
#6226 = CARTESIAN_POINT ( 'NONE',  ( 4.874548809540768500, 4.500000000000000900, -1.099391563974918300 ) ) ;
#6227 = CARTESIAN_POINT ( 'NONE',  ( 5.171963291442008200, 4.509999999999999800, -1.057356331956339900 ) ) ;
#6228 = CARTESIAN_POINT ( 'NONE',  ( 0.7401910691034224700, 4.509999999999999800, -2.554729299710066600 ) ) ;
#6229 =( NAMED_UNIT ( * ) PLANE_ANGLE_UNIT ( ) SI_UNIT ( $, .RADIAN. ) );
#6230 = COLOUR_RGB ( '',1.000000000000000000, 1.000000000000000000, 1.000000000000000000 ) ;
#6231 = LINE ( 'NONE', #5671, #3365 ) ;
#6232 = VERTEX_POINT ( 'NONE', #9374 ) ;
#6233 =( LENGTH_UNIT ( ) NAMED_UNIT ( * ) SI_UNIT ( .MILLI., .METRE. ) );
#6234 = CARTESIAN_POINT ( 'NONE',  ( 1.859207298642112600, 4.509999999999999800, -1.463323049710066900 ) ) ;
#6235 = CARTESIAN_POINT ( 'NONE',  ( 5.171290601360973400, 4.509999999999998900, -0.9531179552905876300 ) ) ;
#6236 = EDGE_CURVE ( 'NONE', #2311, #404, #124, .T. ) ;
#6237 = SURFACE_STYLE_FILL_AREA ( #5427 ) ;
#6238 = FILL_AREA_STYLE ('',( #8534 ) ) ;
#6239 = ORIENTED_EDGE ( 'NONE', *, *, #5109, .F. ) ;
#6240 = CARTESIAN_POINT ( 'NONE',  ( 7.193877255147151000, 4.509999999999999800, -1.678252156637761700 ) ) ;
#6241 = CARTESIAN_POINT ( 'NONE',  ( 6.053044789504038000, 4.509999999999999800, -0.9299409107028424600 ) ) ;
#6242 = PRESENTATION_LAYER_ASSIGNMENT (  '', '', ( #7482 ) ) ;
#6243 = CARTESIAN_POINT ( 'NONE',  ( 1.851415929348306300, 4.500000000000000900, -1.317435936529247600 ) ) ;
#6244 = CARTESIAN_POINT ( 'NONE',  ( 8.000000000000000000, 0.0000000000000000000, -6.000000000000008900 ) ) ;
#6245 = CARTESIAN_POINT ( 'NONE',  ( 4.549556187220980900, 4.500000000000000900, -2.315984182522566700 ) ) ;
#6246 = VERTEX_POINT ( 'NONE', #4153 ) ;
#6247 = CARTESIAN_POINT ( 'NONE',  ( 5.178995119180719100, 4.500000000000001800, -1.066209992267790600 ) ) ;
#6248 = CARTESIAN_POINT ( 'NONE',  ( 3.048632495190187100, 4.500000000000000900, -1.529553217398840000 ) ) ;
#6249 = EDGE_CURVE ( 'NONE', #838, #7950, #6231, .T. ) ;
#6250 = CARTESIAN_POINT ( 'NONE',  ( 5.069771420688033100, 4.510000000000000700, -2.198146564422811100 ) ) ;
#6251 = CARTESIAN_POINT ( 'NONE',  ( 4.647003173828124100, 4.510000000000000700, -2.655424519204114800 ) ) ;
#6252 = CARTESIAN_POINT ( 'NONE',  ( 5.238469950219991000, 4.500000000000001800, -2.601844933314015700 ) ) ;
#6253 = DIRECTION ( 'NONE',  ( 0.0000000000000000000, 0.0000000000000000000, -1.000000000000000000 ) ) ;
#6254 = FILL_AREA_STYLE ('',( #7140 ) ) ;
#6255 = VECTOR ( 'NONE', #3324, 1000.000000000000000 ) ;
#6256 = SURFACE_SIDE_STYLE ('',( #3433 ) ) ;
#6257 = CARTESIAN_POINT ( 'NONE',  ( 0.6497794413388472400, 4.510000000000000700, -2.638611333244233100 ) ) ;
#6258 = FILL_AREA_STYLE ('',( #5177 ) ) ;
#6259 = VERTEX_POINT ( 'NONE', #7967 ) ;
#6260 = DIRECTION ( 'NONE',  ( -1.000000000000000000, 0.0000000000000000000, 0.0000000000000000000 ) ) ;
#6261 = CARTESIAN_POINT ( 'NONE',  ( 0.6615252670045747000, 4.509999999999999800, -2.590227330290587800 ) ) ;
#6262 =( GEOMETRIC_REPRESENTATION_CONTEXT ( 3 ) GLOBAL_UNCERTAINTY_ASSIGNED_CONTEXT ( ( #4247 ) ) GLOBAL_UNIT_ASSIGNED_CONTEXT ( ( #8401, #5344, #9147 ) ) REPRESENTATION_CONTEXT ( 'NONE', 'WORKASPACE' ) );
#6263 = PRESENTATION_LAYER_ASSIGNMENT (  '', '', ( #1146 ) ) ;
#6264 = CARTESIAN_POINT ( 'NONE',  ( 6.037045913780454000, 4.509999999999998000, -1.094507485193339400 ) ) ;
#6265 = CARTESIAN_POINT ( 'NONE',  ( 7.140463307198511500, 4.500000000000000900, -1.544729814492051400 ) ) ;
#6266 = CARTESIAN_POINT ( 'NONE',  ( 1.872606259300594500, 4.509999999999999800, -0.9878629608893823000 ) ) ;
#6267 = AXIS2_PLACEMENT_3D ( 'NONE', #3364, #4169, #7281 ) ;
#6268 = B_SPLINE_CURVE_WITH_KNOTS ( 'NONE', 3,
 ( #7437, #7330, #5868, #6553, #5801 ),
 .UNSPECIFIED., .F., .F.,
 ( 4, 1, 4 ),
 ( 0.0000000000000000000, 0.5117256808965522400, 1.000000000000000000 ),
 .UNSPECIFIED. ) ;
#6269 = EDGE_LOOP ( 'NONE', ( #2841, #8689, #9569, #461 ) ) ;
#6270 = CARTESIAN_POINT ( 'NONE',  ( 6.282082403273809800, 4.509999999999999800, -2.011868378486108400 ) ) ;
#6271 = ADVANCED_FACE ( 'NONE', ( #3743 ), #328, .T. ) ;
#6272 = CARTESIAN_POINT ( 'NONE',  ( 4.821276487980102700, 4.509999999999999800, -2.537391382096841200 ) ) ;
#6273 = CARTESIAN_POINT ( 'NONE',  ( 1.866717955699072100, 4.510000000000000700, -1.264665272369229500 ) ) ;
#6274 = EDGE_CURVE ( 'NONE', #217, #9627, #3458, .T. ) ;
#6275 = ORIENTED_EDGE ( 'NONE', *, *, #6005, .T. ) ;
#6276 = CARTESIAN_POINT ( 'NONE',  ( 6.422439750433802000, 4.509999999999998900, -2.237626218835653700 ) ) ;
#6277 = CARTESIAN_POINT ( 'NONE',  ( 7.272756622941297900, 4.499999999999998200, -2.730358528582027800 ) ) ;
#6278 = CARTESIAN_POINT ( 'NONE',  ( 2.523470924014136400, 4.500000000000002700, -2.554729299710066600 ) ) ;
#6279 = CARTESIAN_POINT ( 'NONE',  ( 1.922785347974640800, 4.509999999999999800, -0.9559830000762953300 ) ) ;
#6280 = CARTESIAN_POINT ( 'NONE',  ( 5.131910182157954000, 4.510000000000000700, -2.363467509424859200 ) ) ;
#6281 = CARTESIAN_POINT ( 'NONE',  ( 5.679941231863838700, 4.509999999999999800, -2.315984182522566700 ) ) ;
#6282 = CARTESIAN_POINT ( 'NONE',  ( 6.160112945658233300, 4.500000000000000900, -2.148605785864427600 ) ) ;
#6283 = VECTOR ( 'NONE', #2913, 1000.000000000000000 ) ;
#6284 = ORIENTED_EDGE ( 'NONE', *, *, #8479, .T. ) ;
#6285 = FILL_AREA_STYLE ('',( #5539 ) ) ;
#6286 = CARTESIAN_POINT ( 'NONE',  ( 1.671215820312499600, 4.509999999999999800, -1.463323049710066900 ) ) ;
#6287 = VECTOR ( 'NONE', #5829, 1000.000000000000000 ) ;
#6288 = ORIENTED_EDGE ( 'NONE', *, *, #9658, .F. ) ;
#6289 = CARTESIAN_POINT ( 'NONE',  ( 1.865703764415922000, 4.509999999999999800, -2.190927216376733300 ) ) ;
#6290 = CARTESIAN_POINT ( 'NONE',  ( 6.088129048949335600, 4.500000000000001800, -1.029296115152946500 ) ) ;
#6291 = EDGE_CURVE ( 'NONE', #9208, #6401, #7797, .T. ) ;
#6292 = ORIENTED_EDGE ( 'NONE', *, *, #2300, .F. ) ;
#6293 = CARTESIAN_POINT ( 'NONE',  ( 6.053322083027819800, 4.509999999999999800, -1.087793544779792600 ) ) ;
#6294 = ORIENTED_EDGE ( 'NONE', *, *, #4658, .F. ) ;
#6295 = CARTESIAN_POINT ( 'NONE',  ( 5.132207961309521900, 4.509999999999999800, -2.372828258043400100 ) ) ;
#6296 = CARTESIAN_POINT ( 'NONE',  ( 6.503775872008304800, 4.500000000000000900, -1.028077184399356600 ) ) ;
#6297 = VECTOR ( 'NONE', #2035, 1000.000000000000000 ) ;
#6298 =( GEOMETRIC_REPRESENTATION_CONTEXT ( 3 ) GLOBAL_UNCERTAINTY_ASSIGNED_CONTEXT ( ( #4360 ) ) GLOBAL_UNIT_ASSIGNED_CONTEXT ( ( #7840, #235, #6319 ) ) REPRESENTATION_CONTEXT ( 'NONE', 'WORKASPACE' ) );
#6299 = LINE ( 'NONE', #6802, #4268 ) ;
#6300 = CARTESIAN_POINT ( 'NONE',  ( 6.434984256956553800, 4.500000000000000000, -2.283935102730433100 ) ) ;
#6301 = DIRECTION ( 'NONE',  ( 1.000000000000000000, 0.0000000000000000000, 0.0000000000000000000 ) ) ;
#6302 = VECTOR ( 'NONE', #2856, 1000.000000000000000 ) ;
#6303 = CARTESIAN_POINT ( 'NONE',  ( 7.204580543154761200, 4.509999999999999800, -2.736630341376733000 ) ) ;
#6304 = VECTOR ( 'NONE', #455, 1000.000000000000000 ) ;
#6305 = AXIS2_PLACEMENT_3D ( 'NONE', #4727, #7880, #7002 ) ;
#6306 = DIRECTION ( 'NONE',  ( 0.2582330317988718600, 0.0000000000000000000, -0.9660826575857589500 ) ) ;
#6307 =( NAMED_UNIT ( * ) SI_UNIT ( $, .STERADIAN. ) SOLID_ANGLE_UNIT ( ) );
#6308 = EDGE_CURVE ( 'NONE', #3744, #1600, #3492, .T. ) ;
#6309 = ORIENTED_EDGE ( 'NONE', *, *, #9816, .F. ) ;
#6310 = LINE ( 'NONE', #6604, #6918 ) ;
#6311 = CARTESIAN_POINT ( 'NONE',  ( 0.7100000000000031800, 2.990000000000000200, 5.799999999999983800 ) ) ;
#6312 = CARTESIAN_POINT ( 'NONE',  ( 0.6853771391369045700, 4.509999999999999800, -1.033338221306048900 ) ) ;
#6313 = CARTESIAN_POINT ( 'NONE',  ( 6.088020142822609100, 4.500000000000000000, -0.9880149556987070100 ) ) ;
#6314 = CARTESIAN_POINT ( 'NONE',  ( 3.250000000000003100, 2.990000000000000200, 5.799999999999983800 ) ) ;
#6315 = CARTESIAN_POINT ( 'NONE',  ( -1.009999999999996900, 4.500000000000000900, -1.561251128379126400E-014 ) ) ;
#6316 = ORIENTED_EDGE ( 'NONE', *, *, #2479, .T. ) ;
#6317 = CARTESIAN_POINT ( 'NONE',  ( 5.455407133556547300, 4.509999999999999800, -1.099520966376733600 ) ) ;
#6318 = VERTEX_POINT ( 'NONE', #2709 ) ;
#6319 =( NAMED_UNIT ( * ) SI_UNIT ( $, .STERADIAN. ) SOLID_ANGLE_UNIT ( ) );
#6320 = CARTESIAN_POINT ( 'NONE',  ( 5.178995119180719100, 4.510000000000000700, -1.066209992267790600 ) ) ;
#6321 = VECTOR ( 'NONE', #383, 1000.000000000000000 ) ;
#6322 = B_SPLINE_CURVE_WITH_KNOTS ( 'NONE', 3,
 ( #19, #2266, #8502, #6954, #4614, #5356, #86 ),
 .UNSPECIFIED., .F., .F.,
 ( 4, 1, 1, 1, 4 ),
 ( 0.0000000000000000000, 0.2656730470853335100, 0.5190806608359087600, 0.7633233906535495900, 0.9999999999999998900 ),
 .UNSPECIFIED. ) ;
#6323 = PLANE ( 'NONE',  #5282 ) ;
#6324 = ADVANCED_FACE ( 'NONE', ( #3004 ), #2637, .T. ) ;
#6325 = CARTESIAN_POINT ( 'NONE',  ( 4.946420531898006300, 4.500000000000001800, -1.064356071063501200 ) ) ;
#6326 = AXIS2_PLACEMENT_3D ( 'NONE', #9413, #268, #5617 ) ;
#6327 = CARTESIAN_POINT ( 'NONE',  ( 2.795104399181546700, 4.500000000000000900, -1.463323049710066900 ) ) ;
#6328 = CARTESIAN_POINT ( 'NONE',  ( 6.733823308387620400, 4.509999999999998000, -1.975998945285116800 ) ) ;
#6329 = SURFACE_STYLE_FILL_AREA ( #6285 ) ;
#6330 = CARTESIAN_POINT ( 'NONE',  ( 2.539870738342456100, 4.510000000000000700, -1.062550923998353500 ) ) ;
#6331 = PRESENTATION_STYLE_ASSIGNMENT (( #6599 ) ) ;
#6332 = DIRECTION ( 'NONE',  ( 0.6719155422155840300, 0.0000000000000000000, -0.7406277770440005100 ) ) ;
#6333 = SURFACE_STYLE_USAGE ( .BOTH. , #1946 ) ;
#6334 = DIRECTION ( 'NONE',  ( -1.734723475976807100E-015, -1.414962237524463600E-014, 1.000000000000000000 ) ) ;
#6335 = VECTOR ( 'NONE', #6344, 1000.000000000000000 ) ;
#6336 = B_SPLINE_CURVE_WITH_KNOTS ( 'NONE', 3,
 ( #6945, #6265, #1722, #112, #211, #2481, #140 ),
 .UNSPECIFIED., .F., .F.,
 ( 4, 1, 1, 1, 4 ),
 ( 0.0000000000000000000, 0.2745796463717087300, 0.5327121943159380800, 0.7742643125489788700, 1.000000000000000000 ),
 .UNSPECIFIED. ) ;
#6337 = AXIS2_PLACEMENT_3D ( 'NONE', #4977, #7383, #243 ) ;
#6338 = EDGE_CURVE ( 'NONE', #4597, #5134, #116, .T. ) ;
#6339 = PRESENTATION_STYLE_ASSIGNMENT (( #4785 ) ) ;
#6340 = CARTESIAN_POINT ( 'NONE',  ( 2.523470924014136400, 4.500000000000002700, -2.554729299710066600 ) ) ;
#6341 = DIRECTION ( 'NONE',  ( 0.0000000000000000000, 1.000000000000000000, -4.336808689942025600E-016 ) ) ;
#6342 = CARTESIAN_POINT ( 'NONE',  ( 6.867160949698917900, 4.500000000000003600, -2.589543332414306200 ) ) ;
#6343 = CARTESIAN_POINT ( 'NONE',  ( 3.859476032383031700, 4.510000000000000700, -1.541151236593965900 ) ) ;
#6344 = DIRECTION ( 'NONE',  ( -0.0000000000000000000, -1.000000000000000000, -0.0000000000000000000 ) ) ;
#6345 = VECTOR ( 'NONE', #2185, 1000.000000000000000 ) ;
#6346 = CARTESIAN_POINT ( 'NONE',  ( 2.770956207085554500, 4.500000000000000000, -1.380725642570658000 ) ) ;
#6347 = EDGE_LOOP ( 'NONE', ( #6796, #5973, #1790, #2484 ) ) ;
#6348 =( LENGTH_UNIT ( ) NAMED_UNIT ( * ) SI_UNIT ( .MILLI., .METRE. ) );
#6349 = CARTESIAN_POINT ( 'NONE',  ( 2.671671549479165600, 4.500000000000000900, -2.518998737954114100 ) ) ;
#6350 = CARTESIAN_POINT ( 'NONE',  ( 5.181526791761850600, 4.500000000000000900, -0.9399744836577715900 ) ) ;
#6351 = EDGE_CURVE ( 'NONE', #903, #2485, #7196, .T. ) ;
#6352 = CARTESIAN_POINT ( 'NONE',  ( 5.612946428571428100, 4.509999999999999800, -2.283095824542656200 ) ) ;
#6353 = DIRECTION ( 'NONE',  ( 1.000000000000000000, 0.0000000000000000000, 0.0000000000000000000 ) ) ;
#6354 = CARTESIAN_POINT ( 'NONE',  ( 3.013680924783787200, 4.500000000000000000, -1.443261630863280900 ) ) ;
#6355 = CARTESIAN_POINT ( 'NONE',  ( 1.749783225320938000, 4.500000000000000900, -1.108138787319686200 ) ) ;
#6356 = LINE ( 'NONE', #7926, #853 ) ;
#6357 = CARTESIAN_POINT ( 'NONE',  ( 3.907864261227223400, 4.510000000000001600, -1.529553217398840200 ) ) ;
#6358 = ORIENTED_EDGE ( 'NONE', *, *, #5655, .T. ) ;
#6359 =( LENGTH_UNIT ( ) NAMED_UNIT ( * ) SI_UNIT ( .MILLI., .METRE. ) );
#6360 = CARTESIAN_POINT ( 'NONE',  ( 0.7834093222135356500, 4.509999999999999800, -0.9182098381400001200 ) ) ;
#6361 = PRESENTATION_STYLE_ASSIGNMENT (( #3716 ) ) ;
#6362 = DIRECTION ( 'NONE',  ( 0.0000000000000000000, -1.000000000000000000, 0.0000000000000000000 ) ) ;
#6363 = VERTEX_POINT ( 'NONE', #3810 ) ;
#6364 = EDGE_CURVE ( 'NONE', #4780, #7046, #6007, .T. ) ;
#6365 = CARTESIAN_POINT ( 'NONE',  ( 4.566144718150123800, 4.500000000000000900, -2.336187194071017700 ) ) ;
#6366 = FILL_AREA_STYLE_COLOUR ( '', #4234 ) ;
#6367 = ADVANCED_FACE ( 'NONE', ( #3 ), #9145, .F. ) ;
#6368 = CARTESIAN_POINT ( 'NONE',  ( 6.771589172394356200, 4.509999999999999800, -2.475079375362222200 ) ) ;
#6369 = ORIENTED_EDGE ( 'NONE', *, *, #2995, .T. ) ;
#6370 = EDGE_LOOP ( 'NONE', ( #1355, #4848, #3060, #4502, #4116, #6522, #8455, #5408 ) ) ;
#6371 = CARTESIAN_POINT ( 'NONE',  ( 3.931347754740268700, 4.509999999999998900, -1.506115743682548300 ) ) ;
#6372 = CARTESIAN_POINT ( 'NONE',  ( 2.053695242745535500, 4.510000000000000700, -2.190927216376733700 ) ) ;
#6373 = FILL_AREA_STYLE_COLOUR ( '', #3779 ) ;
#6374 = DIRECTION ( 'NONE',  ( -0.0000000000000000000, -1.000000000000000000, -0.0000000000000000000 ) ) ;
#6375 = MECHANICAL_DESIGN_GEOMETRIC_PRESENTATION_REPRESENTATION (  '', ( #4880 ), #1401 ) ;
#6376 = CARTESIAN_POINT ( 'NONE',  ( 6.569088636245370900, 4.500000000000003600, -0.9600070487248615300 ) ) ;
#6377 = CARTESIAN_POINT ( 'NONE',  ( 6.449192394797800700, 4.509999999999998900, -1.166510598833230900 ) ) ;
#6378 = PRESENTATION_LAYER_ASSIGNMENT (  '', '', ( #5864 ) ) ;
#6379 = FILL_AREA_STYLE_COLOUR ( '', #3169 ) ;
#6380 = ORIENTED_EDGE ( 'NONE', *, *, #8841, .F. ) ;
#6381 = CARTESIAN_POINT ( 'NONE',  ( 5.619490106185794300, 4.510000000000000700, -2.283473480323946300 ) ) ;
#6382 = CARTESIAN_POINT ( 'NONE',  ( 5.207277154114248900, 4.500000000000000000, -2.637930594706395600 ) ) ;
#6383 = CARTESIAN_POINT ( 'NONE',  ( 6.431501116071428800, 4.500000000000000900, -1.358567539107388600 ) ) ;
#6384 = CARTESIAN_POINT ( 'NONE',  ( 9.009999999999999800, 3.500000000000002700, -6.000000000000016000 ) ) ;
#6385 = LINE ( 'NONE', #3643, #278 ) ;
#6386 = CARTESIAN_POINT ( 'NONE',  ( 3.942948695591516700, 4.500000000000000900, -1.450330118162447700 ) ) ;
#6387 = VECTOR ( 'NONE', #8742, 1000.000000000000100 ) ;
#6388 = DIRECTION ( 'NONE',  ( -0.0000000000000000000, -0.0000000000000000000, -1.000000000000000000 ) ) ;
#6389 = CARTESIAN_POINT ( 'NONE',  ( 4.041578246799151200, 4.509999999999999800, -1.057356331956339700 ) ) ;
#6390 = B_SPLINE_CURVE_WITH_KNOTS ( 'NONE', 3,
 ( #9428, #2024, #5757, #1163, #5790, #1230, #4172, #3543, #8089, #486, #4226 ),
 .UNSPECIFIED., .F., .F.,
 ( 4, 1, 1, 1, 1, 1, 1, 1, 4 ),
 ( 0.0000000000000000000, 0.1509398342856066400, 0.2930091889939349700, 0.4272146947976588900, 0.5525714633560071500, 0.6714016893043988100, 0.7851944250067204300, 0.8941901696829237500, 1.000000000000000000 ),
 .UNSPECIFIED. ) ;
#6391 = FILL_AREA_STYLE_COLOUR ( '', #2470 ) ;
#6392 = PRESENTATION_LAYER_ASSIGNMENT (  '', '', ( #4341 ) ) ;
#6393 = ORIENTED_EDGE ( 'NONE', *, *, #7729, .T. ) ;
#6394 = B_SPLINE_CURVE_WITH_KNOTS ( 'NONE', 3,
 ( #9333, #9227, #9367, #1735, #2493, #6992, #4754 ),
 .UNSPECIFIED., .F., .F.,
 ( 4, 1, 1, 1, 4 ),
 ( 0.0000000000000000000, 0.2750033103974506300, 0.5315097954157082000, 0.7746017486674372500, 0.9999999999999998900 ),
 .UNSPECIFIED. ) ;
#6395 = EDGE_CURVE ( 'NONE', #7546, #9779, #1560, .T. ) ;
#6396 = DIRECTION ( 'NONE',  ( 1.000000000000000000, -0.0000000000000000000, 0.0000000000000000000 ) ) ;
#6397 = PRESENTATION_LAYER_ASSIGNMENT (  '', '', ( #244 ) ) ;
#6398 = ORIENTED_EDGE ( 'NONE', *, *, #8782, .T. ) ;
#6399 = LINE ( 'NONE', #754, #9731 ) ;
#6400 = COLOUR_RGB ( '',1.000000000000000000, 1.000000000000000000, 1.000000000000000000 ) ;
#6401 = VERTEX_POINT ( 'NONE', #7527 ) ;
#6402 = CARTESIAN_POINT ( 'NONE',  ( 1.716490145086259100, 4.509999999999998900, -2.731616860193339000 ) ) ;
#6403 = CARTESIAN_POINT ( 'NONE',  ( 1.976412980464686400, 4.509999999999999800, -0.9339543085109108800 ) ) ;
#6404 = CARTESIAN_POINT ( 'NONE',  ( 7.314128525425069900, 4.509999999999998900, -2.244347763467767100 ) ) ;
#6405 = CARTESIAN_POINT ( 'NONE',  ( 5.980852318583370000, 4.500000000000000000, -2.547440929278638000 ) ) ;
#6406 = CIRCLE ( 'NONE', #166, 1.250000000000000200 ) ;
#6407 = CARTESIAN_POINT ( 'NONE',  ( 4.048610074537859500, 4.500000000000001800, -1.066209992267790300 ) ) ;
#6408 = EDGE_CURVE ( 'NONE', #9172, #3857, #607, .T. ) ;
#6409 = VECTOR ( 'NONE', #3176, 1000.000000000000000 ) ;
#6410 = CARTESIAN_POINT ( 'NONE',  ( 2.402880278087797400, 4.500000000000000000, -0.9838026697807514800 ) ) ;
#6411 = ORIENTED_EDGE ( 'NONE', *, *, #6113, .F. ) ;
#6412 = FILL_AREA_STYLE ('',( #7870 ) ) ;
#6413 = ORIENTED_EDGE ( 'NONE', *, *, #6756, .F. ) ;
#6414 = CARTESIAN_POINT ( 'NONE',  ( 3.942948695591516700, 4.500000000000000900, -1.450330118162447700 ) ) ;
#6415 = CARTESIAN_POINT ( 'NONE',  ( 5.076162079207492200, 4.510000000000000700, -2.510939998543394700 ) ) ;
#6416 = CARTESIAN_POINT ( 'NONE',  ( 1.745428748094278700, 4.509999999999999800, -2.714215791611774600 ) ) ;
#6417 = CARTESIAN_POINT ( 'NONE',  ( 8.000000000000000000, -0.01000000000000002600, 0.0000000000000000000 ) ) ;
#6418 = COLOUR_RGB ( '',1.000000000000000000, 1.000000000000000000, 1.000000000000000000 ) ;
#6419 = CARTESIAN_POINT ( 'NONE',  ( 6.640391139513180700, 4.500000000000000000, -2.231543213593283300 ) ) ;
#6420 = CARTESIAN_POINT ( 'NONE',  ( 4.464731042267518800, 4.500000000000001800, -2.283893114997979500 ) ) ;
#6421 = CARTESIAN_POINT ( 'NONE',  ( 1.673769115179550200, 4.500000000000003600, -1.263195678285103300 ) ) ;
#6422 = FILL_AREA_STYLE_COLOUR ( '', #4370 ) ;
#6423 = VERTEX_POINT ( 'NONE', #7623 ) ;
#6424 = ADVANCED_FACE ( 'NONE', ( #6223 ), #2283, .T. ) ;
#6425 = ORIENTED_EDGE ( 'NONE', *, *, #4672, .F. ) ;
#6426 = SURFACE_STYLE_FILL_AREA ( #1373 ) ;
#6427 = DIRECTION ( 'NONE',  ( -0.0000000000000000000, -1.000000000000000000, -0.0000000000000000000 ) ) ;
#6428 = CARTESIAN_POINT ( 'NONE',  ( 1.962400107687003900, 4.509999999999999800, -2.420860805166841900 ) ) ;
#6429 = VECTOR ( 'NONE', #3745, 1000.000000000000000 ) ;
#6430 = EDGE_CURVE ( 'NONE', #1600, #3548, #7380, .T. ) ;
#6431 = CARTESIAN_POINT ( 'NONE',  ( 1.893037065655912600, 4.500000000000000900, -1.217738128935783800 ) ) ;
#6432 = LINE ( 'NONE', #2732, #7530 ) ;
#6433 = VERTEX_POINT ( 'NONE', #4453 ) ;
#6434 =( GEOMETRIC_REPRESENTATION_CONTEXT ( 3 ) GLOBAL_UNCERTAINTY_ASSIGNED_CONTEXT ( ( #1249 ) ) GLOBAL_UNIT_ASSIGNED_CONTEXT ( ( #5378, #8344, #6915 ) ) REPRESENTATION_CONTEXT ( 'NONE', 'WORKASPACE' ) );
#6435 = ORIENTED_EDGE ( 'NONE', *, *, #9391, .T. ) ;
#6436 = FACE_OUTER_BOUND ( 'NONE', #824, .T. ) ;
#6437 = CARTESIAN_POINT ( 'NONE',  ( 4.952837003297808000, 4.510000000000000700, -1.047963875669278400 ) ) ;
#6438 =( NAMED_UNIT ( * ) PLANE_ANGLE_UNIT ( ) SI_UNIT ( $, .RADIAN. ) );
#6439 = CARTESIAN_POINT ( 'NONE',  ( 5.800033326487835900, 4.509999999999999800, -2.439531113327625200 ) ) ;
#6440 = CARTESIAN_POINT ( 'NONE',  ( 5.921337887269613600, 4.499999999999999100, -2.523427915377505700 ) ) ;
#6441 =( GEOMETRIC_REPRESENTATION_CONTEXT ( 3 ) GLOBAL_UNCERTAINTY_ASSIGNED_CONTEXT ( ( #633 ) ) GLOBAL_UNIT_ASSIGNED_CONTEXT ( ( #1703, #159, #2367 ) ) REPRESENTATION_CONTEXT ( 'NONE', 'WORKASPACE' ) );
#6442 = PLANE ( 'NONE',  #611 ) ;
#6443 = DIRECTION ( 'NONE',  ( -0.0000000000000000000, -0.0000000000000000000, -1.000000000000000000 ) ) ;
#6444 = STYLED_ITEM ( 'NONE', ( #4067 ), #204 ) ;
#6445 = VECTOR ( 'NONE', #7668, 1000.000000000000000 ) ;
#6446 = ORIENTED_EDGE ( 'NONE', *, *, #9451, .F. ) ;
#6447 = EDGE_LOOP ( 'NONE', ( #7595, #7925, #6549, #7658 ) ) ;
#6448 = CARTESIAN_POINT ( 'NONE',  ( 7.294474995601098600, 4.500000000000000000, -2.450918514583357900 ) ) ;
#6449 = B_SPLINE_CURVE_WITH_KNOTS ( 'NONE', 3,
 ( #2550, #8719, #5591, #5683, #4874, #9420, #3330, #5624, #1820, #9483, #2586 ),
 .UNSPECIFIED., .F., .F.,
 ( 4, 1, 1, 1, 1, 1, 1, 1, 4 ),
 ( 0.0000000000000000000, 0.1438452084224843800, 0.2744633483863634900, 0.3894294444927150500, 0.5015746808976534500, 0.6098445063685621300, 0.7259657379454798100, 0.8559693386118454300, 1.000000000000000000 ),
 .UNSPECIFIED. ) ;
#6450 = CARTESIAN_POINT ( 'NONE',  ( 6.688997728949046500, 4.500000000000002700, -0.9183749874644192600 ) ) ;
#6451 = CARTESIAN_POINT ( 'NONE',  ( 6.432252031425963200, 4.509999999999998900, -1.306145360566012000 ) ) ;
#6452 = CARTESIAN_POINT ( 'NONE',  ( 5.164391187456812900, 4.500000000000000900, -0.9693535411242261100 ) ) ;
#6453 = FILL_AREA_STYLE_COLOUR ( '', #1666 ) ;
#6454 = CARTESIAN_POINT ( 'NONE',  ( 1.767850748697916500, 4.509999999999999800, -2.645679820543399800 ) ) ;
#6455 = DIRECTION ( 'NONE',  ( 0.0000000000000000000, 0.0000000000000000000, -1.000000000000000000 ) ) ;
#6456 = COLOUR_RGB ( '',1.000000000000000000, 1.000000000000000000, 1.000000000000000000 ) ;
#6457 = MECHANICAL_DESIGN_GEOMETRIC_PRESENTATION_REPRESENTATION (  '', ( #8678 ), #6975 ) ;
#6458 = VECTOR ( 'NONE', #4983, 1000.000000000000000 ) ;
#6459 = CARTESIAN_POINT ( 'NONE',  ( 2.489621464519551800, 4.500000000000000000, -2.734416018275681400 ) ) ;
#6460 = CARTESIAN_POINT ( 'NONE',  ( 6.674009598991005100, 4.510000000000001600, -1.135731047707683600 ) ) ;
#6461 = FILL_AREA_STYLE_COLOUR ( '', #4473 ) ;
#6462 = CARTESIAN_POINT ( 'NONE',  ( 3.907864261227223400, 4.500000000000002700, -1.529553217398840200 ) ) ;
#6463 = STYLED_ITEM ( 'NONE', ( #7342 ), #5659 ) ;
#6464 = FACE_OUTER_BOUND ( 'NONE', #250, .T. ) ;
#6465 = PRESENTATION_LAYER_ASSIGNMENT (  '', '', ( #822 ) ) ;
#6466 = DIRECTION ( 'NONE',  ( -0.0000000000000000000, -1.000000000000000000, -0.0000000000000000000 ) ) ;
#6467 = CARTESIAN_POINT ( 'NONE',  ( 6.444759455547251800, 4.510000000000000700, -1.574620507926656400 ) ) ;
#6468 = ORIENTED_EDGE ( 'NONE', *, *, #6606, .T. ) ;
#6469 = CARTESIAN_POINT ( 'NONE',  ( 4.413942464192707000, 4.509999999999999800, -2.432514537340274800 ) ) ;
#6470 = LINE ( 'NONE', #4060, #843 ) ;
#6471 = EDGE_CURVE ( 'NONE', #5566, #4051, #2152, .T. ) ;
#6472 = UNCERTAINTY_MEASURE_WITH_UNIT (LENGTH_MEASURE( 1.000000000000000100E-005 ), #7869, 'distance_accuracy_value', 'NONE');
#6473 = CARTESIAN_POINT ( 'NONE',  ( 4.549556187220980900, 4.509999999999999800, -2.315984182522566700 ) ) ;
#6474 = FACE_OUTER_BOUND ( 'NONE', #9283, .T. ) ;
#6475 = CARTESIAN_POINT ( 'NONE',  ( 2.086583600725445900, 4.509999999999999800, -0.9176199247100669300 ) ) ;
#6476 = CARTESIAN_POINT ( 'NONE',  ( 7.314729139268875400, 4.500000000000000900, -2.277001929904150400 ) ) ;
#6477 = ADVANCED_FACE ( 'NONE', ( #1912 ), #3152, .T. ) ;
#6478 = ORIENTED_EDGE ( 'NONE', *, *, #9683, .T. ) ;
#6479 = CARTESIAN_POINT ( 'NONE',  ( 2.184616777118092700, 4.500000000000001800, -2.636704016607504600 ) ) ;
#6480 = SURFACE_SIDE_STYLE ('',( #2486 ) ) ;
#6481 = FACE_OUTER_BOUND ( 'NONE', #8690, .T. ) ;
#6482 = CARTESIAN_POINT ( 'NONE',  ( 2.539870738342456100, 4.510000000000000700, -1.062550923998353500 ) ) ;
#6483 = COLOUR_RGB ( '',1.000000000000000000, 1.000000000000000000, 1.000000000000000000 ) ;
#6484 = ORIENTED_EDGE ( 'NONE', *, *, #47, .F. ) ;
#6485 = CARTESIAN_POINT ( 'NONE',  ( 3.872862867834642000, 4.500000000000000900, -1.360453722440947000 ) ) ;
#6486 = CARTESIAN_POINT ( 'NONE',  ( 5.171290601360973400, 4.499999999999999100, -0.9531179552905876300 ) ) ;
#6487 = CARTESIAN_POINT ( 'NONE',  ( 5.131565891165528200, 4.500000000000001800, -2.387115135631041200 ) ) ;
#6488 = CARTESIAN_POINT ( 'NONE',  ( 1.684378085489430600, 4.509999999999999800, -2.736500938974917800 ) ) ;
#6489 = CARTESIAN_POINT ( 'NONE',  ( 5.980852318583370000, 4.500000000000000000, -2.547440929278638000 ) ) ;
#6490 = CARTESIAN_POINT ( 'NONE',  ( 6.759997647807654000, 4.510000000000000700, -1.100200526269885100 ) ) ;
#6491 = SURFACE_SIDE_STYLE ('',( #8307 ) ) ;
#6492 = CARTESIAN_POINT ( 'NONE',  ( 9.010000000000001600, 4.500000000000000900, -1.409462824231155800E-014 ) ) ;
#6493 = FILL_AREA_STYLE_COLOUR ( '', #2977 ) ;
#6494 = ORIENTED_EDGE ( 'NONE', *, *, #8115, .F. ) ;
#6495 = PRESENTATION_LAYER_ASSIGNMENT (  '', '', ( #5071 ) ) ;
#6496 = LINE ( 'NONE', #8508, #3518 ) ;
#6497 = PRESENTATION_LAYER_ASSIGNMENT (  '', '', ( #2524 ) ) ;
#6498 = ORIENTED_EDGE ( 'NONE', *, *, #7701, .T. ) ;
#6499 = EDGE_CURVE ( 'NONE', #2970, #7446, #9176, .T. ) ;
#6500 = CARTESIAN_POINT ( 'NONE',  ( 1.767573280255139800, 4.500000000000001800, -2.666405490152947300 ) ) ;
#6501 = SURFACE_STYLE_USAGE ( .BOTH. , #5657 ) ;
#6502 = CARTESIAN_POINT ( 'NONE',  ( 5.548824776582560700, 4.500000000000001800, -2.309899506971664400 ) ) ;
#6503 = CARTESIAN_POINT ( 'NONE',  ( 1.865703764415922000, 4.509999999999999800, -2.190927216376733300 ) ) ;
#6504 = CARTESIAN_POINT ( 'NONE',  ( 3.920376199886185500, 4.509999999999999800, -1.382280142725857500 ) ) ;
#6505 = CARTESIAN_POINT ( 'NONE',  ( 7.273045327373640000, 4.509999999999999800, -1.961135697238186600 ) ) ;
#6506 = CARTESIAN_POINT ( 'NONE',  ( 0.6817426213157982100, 4.500000000000001800, -0.9889615504240123500 ) ) ;
#6507 = VERTEX_POINT ( 'NONE', #1685 ) ;
#6508 = ADVANCED_FACE ( 'NONE', ( #8953 ), #2528, .T. ) ;
#6509 = CARTESIAN_POINT ( 'NONE',  ( 4.433809876512329500, 4.500000000000000900, -2.456597176201947600 ) ) ;
#6510 = MECHANICAL_DESIGN_GEOMETRIC_PRESENTATION_REPRESENTATION (  '', ( #6955 ), #1121 ) ;
#6511 = SURFACE_STYLE_FILL_AREA ( #1092 ) ;
#6512 = B_SPLINE_CURVE_WITH_KNOTS ( 'NONE', 3,
 ( #2469, #7841, #3249, #4022, #6355, #2539, #3318, #6421, #7178, #8712, #1178 ),
 .UNSPECIFIED., .F., .F.,
 ( 4, 1, 1, 1, 1, 1, 1, 1, 4 ),
 ( 0.0000000000000000000, 0.1253434740732163300, 0.2504062021334362800, 0.3768539347714575100, 0.5055492802377468100, 0.6331412470134534200, 0.7573770054876959300, 0.8788643074405833000, 1.000000000000000000 ),
 .UNSPECIFIED. ) ;
#6513 = AXIS2_PLACEMENT_3D ( 'NONE', #6964, #2464, #5465 ) ;
#6514 = CARTESIAN_POINT ( 'NONE',  ( 2.427029409775403000, 4.500000000000000900, -0.9953936658923971900 ) ) ;
#6515 = CARTESIAN_POINT ( 'NONE',  ( 5.578225586157231900, 4.510000000000001600, -2.289430927563800700 ) ) ;
#6516 = MECHANICAL_DESIGN_GEOMETRIC_PRESENTATION_REPRESENTATION (  '', ( #8557 ), #4276 ) ;
#6517 = DIRECTION ( 'NONE',  ( 0.2576144997974649800, 0.0000000000000000000, -0.9662477785196206300 ) ) ;
#6518 = B_SPLINE_CURVE_WITH_KNOTS ( 'NONE', 3,
 ( #764, #701, #6034, #5970, #6071, #6821, #7604 ),
 .UNSPECIFIED., .F., .F.,
 ( 4, 1, 1, 1, 4 ),
 ( 0.0000000000000000000, 0.2717271386774248700, 0.5047564260883127300, 0.7407639243545047800, 1.000000000000000000 ),
 .UNSPECIFIED. ) ;
#6519 = COLOUR_RGB ( '',0.8980392156862745400, 0.8980392156862745400, 0.8980392156862745400 ) ;
#6520 = CARTESIAN_POINT ( 'NONE',  ( 6.614387802055207800, 4.500000000000001800, -1.302538187416436600 ) ) ;
#6521 = CARTESIAN_POINT ( 'NONE',  ( 1.756249807846668800, 4.510000000000000700, -2.701465446063502400 ) ) ;
#6522 = ORIENTED_EDGE ( 'NONE', *, *, #1983, .F. ) ;
#6523 = CARTESIAN_POINT ( 'NONE',  ( 6.558539820996288400, 4.500000000000000900, -2.031852487599741200 ) ) ;
#6524 = CARTESIAN_POINT ( 'NONE',  ( 6.735953353742781100, 4.509999999999999800, -1.101500624941748700 ) ) ;
#6525 = DIRECTION ( 'NONE',  ( -0.0000000000000000000, -0.0000000000000000000, -1.000000000000000000 ) ) ;
#6526 = PLANE ( 'NONE',  #2490 ) ;
#6527 = ADVANCED_FACE ( 'NONE', ( #9915 ), #9171, .T. ) ;
#6528 = DIRECTION ( 'NONE',  ( -0.0000000000000000000, -1.000000000000000000, -0.0000000000000000000 ) ) ;
#6529 = CARTESIAN_POINT ( 'NONE',  ( 5.135689214581688600, 4.509999999999998000, -2.693998988631577200 ) ) ;
#6530 = VECTOR ( 'NONE', #1514, 1000.000000000000000 ) ;
#6531 = EDGE_CURVE ( 'NONE', #5296, #8990, #3351, .T. ) ;
#6532 = ORIENTED_EDGE ( 'NONE', *, *, #3359, .T. ) ;
#6533 = AXIS2_PLACEMENT_3D ( 'NONE', #1972, #1214, #7305 ) ;
#6534 =( NAMED_UNIT ( * ) SI_UNIT ( $, .STERADIAN. ) SOLID_ANGLE_UNIT ( ) );
#6535 = PRESENTATION_STYLE_ASSIGNMENT (( #5025 ) ) ;
#6536 =( NAMED_UNIT ( * ) PLANE_ANGLE_UNIT ( ) SI_UNIT ( $, .RADIAN. ) );
#6537 = CARTESIAN_POINT ( 'NONE',  ( 6.949557276012961400, 4.499999999999998200, -1.204290560092105000 ) ) ;
#6538 = FILL_AREA_STYLE_COLOUR ( '', #3656 ) ;
#6539 = LINE ( 'NONE', #6897, #5313 ) ;
#6540 = CARTESIAN_POINT ( 'NONE',  ( 7.304560580702231600, 4.500000000000000000, -2.140340706822321700 ) ) ;
#6541 = ORIENTED_EDGE ( 'NONE', *, *, #2206, .T. ) ;
#6542 = EDGE_LOOP ( 'NONE', ( #4516, #5633, #7672, #307, #8108, #1304, #4951, #3463 ) ) ;
#6543 = CARTESIAN_POINT ( 'NONE',  ( 1.890156577225495100, 4.500000000000003600, -2.273412876436924800 ) ) ;
#6544 = VECTOR ( 'NONE', #5345, 1000.000000000000000 ) ;
#6545 = SURFACE_SIDE_STYLE ('',( #693 ) ) ;
#6546 = SURFACE_STYLE_USAGE ( .BOTH. , #5056 ) ;
#6547 = DIRECTION ( 'NONE',  ( 1.533293416683376800E-016, 0.7071067811865462400, 0.7071067811865489100 ) ) ;
#6548 = CARTESIAN_POINT ( 'NONE',  ( 7.192557655426415200, 4.509999999999999800, -2.552658852900199400 ) ) ;
#6549 = ORIENTED_EDGE ( 'NONE', *, *, #9851, .T. ) ;
#6550 = EDGE_CURVE ( 'NONE', #2076, #8507, #1450, .T. ) ;
#6551 = FACE_OUTER_BOUND ( 'NONE', #4365, .T. ) ;
#6552 = CARTESIAN_POINT ( 'NONE',  ( 9.010000000000001600, 1.500000000000000400, -2.000000000000017300 ) ) ;
#6553 = CARTESIAN_POINT ( 'NONE',  ( 2.813734214370416300, 4.500000000000000000, -2.264486386593719000 ) ) ;
#6554 = CARTESIAN_POINT ( 'NONE',  ( 6.614387802055207800, 4.509999999999998900, -1.302538187416436600 ) ) ;
#6555 = CARTESIAN_POINT ( 'NONE',  ( 5.094633847982404300, 4.500000000000001800, -2.712692906538341800 ) ) ;
#6556 = VERTEX_POINT ( 'NONE', #375 ) ;
#6557 = DIRECTION ( 'NONE',  ( 7.515012899418031000E-014, 1.000000000000000000, 2.197090458211466000E-014 ) ) ;
#6558 = MECHANICAL_DESIGN_GEOMETRIC_PRESENTATION_REPRESENTATION (  '', ( #6030 ), #7084 ) ;
#6559 = SURFACE_STYLE_USAGE ( .BOTH. , #2884 ) ;
#6560 = PRESENTATION_STYLE_ASSIGNMENT (( #6333 ) ) ;
#6561 = CARTESIAN_POINT ( 'NONE',  ( 6.940000000000003100, -2.260000000000004200, 7.249999999999985800 ) ) ;
#6562 = SURFACE_SIDE_STYLE ('',( #8718 ) ) ;
#6563 = VECTOR ( 'NONE', #6884, 1000.000000000000000 ) ;
#6564 = CARTESIAN_POINT ( 'NONE',  ( 4.052170526413688900, 4.500000000000000900, -1.070692899505453900 ) ) ;
#6565 = EDGE_LOOP ( 'NONE', ( #4290, #7022, #9473, #356 ) ) ;
#6566 = ADVANCED_FACE ( 'NONE', ( #715 ), #8753, .F. ) ;
#6567 = EDGE_CURVE ( 'NONE', #3584, #9270, #5085, .T. ) ;
#6568 = ORIENTED_EDGE ( 'NONE', *, *, #8330, .T. ) ;
#6569 = CARTESIAN_POINT ( 'NONE',  ( 4.957635098179753000, 4.509999999999999800, -0.9880149556987067900 ) ) ;
#6570 = VECTOR ( 'NONE', #557, 1000.000000000000000 ) ;
#6571 = VECTOR ( 'NONE', #7044, 1000.000000000000000 ) ;
#6572 = SURFACE_STYLE_USAGE ( .BOTH. , #3291 ) ;
#6573 = CARTESIAN_POINT ( 'NONE',  ( 1.745428748094278700, 4.500000000000000900, -2.714215791611774600 ) ) ;
#6574 = CARTESIAN_POINT ( 'NONE',  ( 6.927305504385429900, 4.510000000000002500, -1.179745950487461700 ) ) ;
#6575 = CARTESIAN_POINT ( 'NONE',  ( 0.7010071809926091700, 4.500000000000000900, -2.731616860193340400 ) ) ;
#6576 = ADVANCED_FACE ( 'NONE', ( #9546 ), #7139, .T. ) ;
#6577 = CARTESIAN_POINT ( 'NONE',  ( 7.155857049851190000, 4.509999999999999800, -2.554729299710066600 ) ) ;
#6578 = B_SPLINE_CURVE_WITH_KNOTS ( 'NONE', 3,
 ( #7699, #4678, #829, #9156, #858, #3043, #6241, #3072, #6174, #1565, #3917 ),
 .UNSPECIFIED., .F., .F.,
 ( 4, 1, 1, 1, 1, 1, 1, 1, 4 ),
 ( 0.0000000000000000000, 0.1438452084224851300, 0.2744633483863632200, 0.3894294444927151000, 0.5015746808976575500, 0.6098445063685609100, 0.7259657379454850200, 0.8559693386118509800, 1.000000000000000000 ),
 .UNSPECIFIED. ) ;
#6579 = DIRECTION ( 'NONE',  ( 0.0000000000000000000, 4.336808689942025600E-016, 1.000000000000000000 ) ) ;
#6580 =( NAMED_UNIT ( * ) PLANE_ANGLE_UNIT ( ) SI_UNIT ( $, .RADIAN. ) );
#6581 = CARTESIAN_POINT ( 'NONE',  ( 0.6817426213157982100, 4.509999999999999800, -0.9889615504240123500 ) ) ;
#6582 = CARTESIAN_POINT ( 'NONE',  ( 2.077576397313863700, 4.510000000000000700, -1.102060676745144000 ) ) ;
#6583 = EDGE_CURVE ( 'NONE', #6149, #2282, #2588, .T. ) ;
#6584 = CARTESIAN_POINT ( 'NONE',  ( 3.001773216610862200, 4.509999999999999800, -2.281877737210066900 ) ) ;
#6585 = VECTOR ( 'NONE', #3511, 1000.000000000000000 ) ;
#6586 = CARTESIAN_POINT ( 'NONE',  ( 6.177141267104153700, 4.500000000000000000, -2.168127442189547800 ) ) ;
#6587 =( NAMED_UNIT ( * ) SI_UNIT ( $, .STERADIAN. ) SOLID_ANGLE_UNIT ( ) );
#6588 = CARTESIAN_POINT ( 'NONE',  ( 2.385244779468082100E-015, -0.01000000000000002600, -5.999999999999998200 ) ) ;
#6589 = CARTESIAN_POINT ( 'NONE',  ( 4.119571358816963300, 4.509999999999999800, -0.9176199247100669300 ) ) ;
#6590 = MECHANICAL_DESIGN_GEOMETRIC_PRESENTATION_REPRESENTATION (  '', ( #1651 ), #2160 ) ;
#6591 =( NAMED_UNIT ( * ) SI_UNIT ( $, .STERADIAN. ) SOLID_ANGLE_UNIT ( ) );
#6592 = CARTESIAN_POINT ( 'NONE',  ( 5.312788819685980700, 4.510000000000000700, -2.330309223782979400 ) ) ;
#6593 = CARTESIAN_POINT ( 'NONE',  ( 6.402495857313018000, 4.500000000000001800, -2.546374660400778600 ) ) ;
#6594 = CARTESIAN_POINT ( 'NONE',  ( 4.400000000000003900, 2.490000000000000200, 5.999999999999976900 ) ) ;
#6595 = EDGE_CURVE ( 'NONE', #7338, #5316, #9656, .T. ) ;
#6596 = ORIENTED_EDGE ( 'NONE', *, *, #8020, .F. ) ;
#6597 =( GEOMETRIC_REPRESENTATION_CONTEXT ( 3 ) GLOBAL_UNCERTAINTY_ASSIGNED_CONTEXT ( ( #2087 ) ) GLOBAL_UNIT_ASSIGNED_CONTEXT ( ( #1911, #3535, #9511 ) ) REPRESENTATION_CONTEXT ( 'NONE', 'WORKASPACE' ) );
#6598 = SURFACE_STYLE_USAGE ( .BOTH. , #2779 ) ;
#6599 = SURFACE_STYLE_USAGE ( .BOTH. , #6562 ) ;
#6600 = CARTESIAN_POINT ( 'NONE',  ( 5.718334421616837900, 4.509999999999999800, -2.615302963122011300 ) ) ;
#6601 = SURFACE_STYLE_FILL_AREA ( #1265 ) ;
#6602 = VERTEX_POINT ( 'NONE', #5575 ) ;
#6603 = CARTESIAN_POINT ( 'NONE',  ( 1.872606259300594500, 4.509999999999999800, -0.9878629608893823000 ) ) ;
#6604 = CARTESIAN_POINT ( 'NONE',  ( 6.140000000000004100, 1.739999999999988900, 7.249999999999984000 ) ) ;
#6605 = CARTESIAN_POINT ( 'NONE',  ( 6.036434791201636500, 4.509999999999999800, -2.554729299710066600 ) ) ;
#6606 = EDGE_CURVE ( 'NONE', #410, #4029, #7512, .T. ) ;
#6607 = CARTESIAN_POINT ( 'NONE',  ( 7.061500226540987400, 4.500000000000000000, -1.375742957474572300 ) ) ;
#6608 = CARTESIAN_POINT ( 'NONE',  ( 0.6497431668066635500, 4.500000000000001800, -2.652894624883067400 ) ) ;
#6609 = VECTOR ( 'NONE', #2691, 1000.000000000000000 ) ;
#6610 = CARTESIAN_POINT ( 'NONE',  ( 5.606950058225275600, 4.500000000000001800, -2.283363954505303700 ) ) ;
#6611 = FILL_AREA_STYLE ('',( #7254 ) ) ;
#6612 = ORIENTED_EDGE ( 'NONE', *, *, #4986, .F. ) ;
#6613 =( LENGTH_UNIT ( ) NAMED_UNIT ( * ) SI_UNIT ( .MILLI., .METRE. ) );
#6614 = FILL_AREA_STYLE_COLOUR ( '', #346 ) ;
#6615 = CARTESIAN_POINT ( 'NONE',  ( 0.6874002827342231600, 4.500000000000001800, -0.9727401325866915600 ) ) ;
#6616 = FILL_AREA_STYLE_COLOUR ( '', #9310 ) ;
#6617 = CARTESIAN_POINT ( 'NONE',  ( 1.060000000000003600, 2.490000000000000200, 5.999999999999976900 ) ) ;
#6618 = VECTOR ( 'NONE', #8079, 1000.000000000000000 ) ;
#6619 = VERTEX_POINT ( 'NONE', #1707 ) ;
#6620 = CARTESIAN_POINT ( 'NONE',  ( 7.496176236442014600, 4.500000000000000000, -2.346887391394324200 ) ) ;
#6621 = ORIENTED_EDGE ( 'NONE', *, *, #1697, .T. ) ;
#6622 = CARTESIAN_POINT ( 'NONE',  ( 7.128653099423362800, 4.510000000000000700, -1.516918892343995800 ) ) ;
#6623 = CARTESIAN_POINT ( 'NONE',  ( 6.140000000000004100, 2.990000000000000200, 5.999999999999976900 ) ) ;
#6624 = CARTESIAN_POINT ( 'NONE',  ( 2.380781946183849300, 4.509999999999998900, -1.171441743213979600 ) ) ;
#6625 = EDGE_CURVE ( 'NONE', #761, #8194, #8117, .T. ) ;
#6626 = DIRECTION ( 'NONE',  ( -0.0000000000000000000, -1.000000000000000000, -0.0000000000000000000 ) ) ;
#6627 = ADVANCED_FACE ( 'NONE', ( #9536 ), #4592, .T. ) ;
#6628 =( NAMED_UNIT ( * ) PLANE_ANGLE_UNIT ( ) SI_UNIT ( $, .RADIAN. ) );
#6629 =( NAMED_UNIT ( * ) SI_UNIT ( $, .STERADIAN. ) SOLID_ANGLE_UNIT ( ) );
#6630 = EDGE_LOOP ( 'NONE', ( #5956, #2297, #44, #6541 ) ) ;
#6631 = ORIENTED_EDGE ( 'NONE', *, *, #2553, .T. ) ;
#6632 = STYLED_ITEM ( 'NONE', ( #8580 ), #6764 ) ;
#6633 =( NAMED_UNIT ( * ) PLANE_ANGLE_UNIT ( ) SI_UNIT ( $, .RADIAN. ) );
#6634 =( NAMED_UNIT ( * ) PLANE_ANGLE_UNIT ( ) SI_UNIT ( $, .RADIAN. ) );
#6635 = STYLED_ITEM ( 'NONE', ( #3428 ), #3322 ) ;
#6636 = EDGE_CURVE ( 'NONE', #1725, #6899, #1852, .T. ) ;
#6637 = CARTESIAN_POINT ( 'NONE',  ( 2.805942660086324600, 4.509999999999999800, -2.354669121904356700 ) ) ;
#6638 = ORIENTED_EDGE ( 'NONE', *, *, #2136, .F. ) ;
#6639 = CARTESIAN_POINT ( 'NONE',  ( 7.128653099423362800, 4.510000000000000700, -1.516918892343995800 ) ) ;
#6640 = DIRECTION ( 'NONE',  ( -0.0000000000000000000, -1.000000000000000000, -0.0000000000000000000 ) ) ;
#6641 = CARTESIAN_POINT ( 'NONE',  ( 6.883121080060261600, 4.500000000000000000, -1.140114137722214400 ) ) ;
#6642 = LINE ( 'NONE', #9909, #2567 ) ;
#6643 = CARTESIAN_POINT ( 'NONE',  ( 1.872606259300594500, 4.509999999999999800, -0.9878629608893823000 ) ) ;
#6644 = PLANE ( 'NONE',  #692 ) ;
#6645 = CARTESIAN_POINT ( 'NONE',  ( 5.564194921155187300, 4.510000000000000700, -2.456597176201947600 ) ) ;
#6646 = CARTESIAN_POINT ( 'NONE',  ( 6.057327357527889000, 4.500000000000001800, -2.735827419742393300 ) ) ;
#6647 = B_SPLINE_CURVE_WITH_KNOTS ( 'NONE', 3,
 ( #4865, #2614, #4185, #333, #3353, #4242, #3455 ),
 .UNSPECIFIED., .F., .F.,
 ( 4, 1, 1, 1, 4 ),
 ( 0.0000000000000000000, 0.2466285804975998900, 0.4918998734754773700, 0.7412208630385380700, 1.000000000000000000 ),
 .UNSPECIFIED. ) ;
#6648 = VERTEX_POINT ( 'NONE', #3384 ) ;
#6649 = VECTOR ( 'NONE', #797, 1000.000000000000000 ) ;
#6650 = CARTESIAN_POINT ( 'NONE',  ( 6.206547123850349100, 4.510000000000000700, -2.510939998543394200 ) ) ;
#6651 = STYLED_ITEM ( 'NONE', ( #1341 ), #8572 ) ;
#6652 = ORIENTED_EDGE ( 'NONE', *, *, #6308, .T. ) ;
#6653 = EDGE_LOOP ( 'NONE', ( #4377, #1773, #4003, #2552 ) ) ;
#6654 = DIRECTION ( 'NONE',  ( 1.000000000000000000, 0.0000000000000000000, -0.0000000000000000000 ) ) ;
#6655 = MECHANICAL_DESIGN_GEOMETRIC_PRESENTATION_REPRESENTATION (  '', ( #4401 ), #5618 ) ;
#6656 = CARTESIAN_POINT ( 'NONE',  ( 7.492984029905422000, 4.500000000000001800, -2.397041051215568400 ) ) ;
#6657 = CARTESIAN_POINT ( 'NONE',  ( 7.121154595448858900, 4.510000000000000700, -1.500099121680148300 ) ) ;
#6658 = CARTESIAN_POINT ( 'NONE',  ( 3.048632495190187100, 4.500000000000000900, -1.529553217398840000 ) ) ;
#6659 = CARTESIAN_POINT ( 'NONE',  ( 5.314109002976188400, 4.509999999999999800, -2.376888549152031100 ) ) ;
#6660 = CARTESIAN_POINT ( 'NONE',  ( 4.413942464192707000, 4.500000000000000900, -2.432514537340274800 ) ) ;
#6661 = LINE ( 'NONE', #3046, #4143 ) ;
#6662 = CARTESIAN_POINT ( 'NONE',  ( 3.852404203869046900, 4.509999999999999800, -1.541280638995781200 ) ) ;
#6663 = ORIENTED_EDGE ( 'NONE', *, *, #1191, .T. ) ;
#6664 = VECTOR ( 'NONE', #3141, 1000.000000000000000 ) ;
#6665 =( NAMED_UNIT ( * ) PLANE_ANGLE_UNIT ( ) SI_UNIT ( $, .RADIAN. ) );
#6666 = COLOUR_RGB ( '',1.000000000000000000, 1.000000000000000000, 1.000000000000000000 ) ;
#6667 = ORIENTED_EDGE ( 'NONE', *, *, #8206, .F. ) ;
#6668 = PRESENTATION_LAYER_ASSIGNMENT (  '', '', ( #2943 ) ) ;
#6669 = ADVANCED_FACE ( 'NONE', ( #8253 ), #7764, .T. ) ;
#6670 = CARTESIAN_POINT ( 'NONE',  ( 0.7672048675490761300, 4.500000000000000900, -0.9178641005960710400 ) ) ;
#6671 = EDGE_CURVE ( 'NONE', #6259, #651, #504, .T. ) ;
#6672 = STYLED_ITEM ( 'NONE', ( #5460 ), #2506 ) ;
#6673 = VECTOR ( 'NONE', #5073, 1000.000000000000000 ) ;
#6674 = ORIENTED_EDGE ( 'NONE', *, *, #4374, .T. ) ;
#6675 =( LENGTH_UNIT ( ) NAMED_UNIT ( * ) SI_UNIT ( .MILLI., .METRE. ) );
#6676 = CARTESIAN_POINT ( 'NONE',  ( 7.254418070401730900, 4.509999999999999800, -2.518352813666370400 ) ) ;
#6677 = CARTESIAN_POINT ( 'NONE',  ( 3.600000000000003600, 1.739999999999996000, 6.749999999999983100 ) ) ;
#6678 = LINE ( 'NONE', #5238, #6429 ) ;
#6679 = CARTESIAN_POINT ( 'NONE',  ( 7.016541613392837100, 4.510000000000000700, -1.297455294126004500 ) ) ;
#6680 = CARTESIAN_POINT ( 'NONE',  ( 0.6499240458237293100, 4.510000000000000700, -2.666405490152947300 ) ) ;
#6681 = ADVANCED_FACE ( 'NONE', ( #2259 ), #1154, .T. ) ;
#6682 = CARTESIAN_POINT ( 'NONE',  ( 6.076527827768488900, 4.500000000000000000, -0.9531179552905872900 ) ) ;
#6683 = CARTESIAN_POINT ( 'NONE',  ( 2.781151243762039800, 4.500000000000001800, -2.677835472748986100 ) ) ;
#6684 = CARTESIAN_POINT ( 'NONE',  ( 4.897092457145723700, 4.509999999999999800, -2.554278226873297500 ) ) ;
#6685 = CARTESIAN_POINT ( 'NONE',  ( 5.544327508835565700, 4.509999999999999800, -2.432514537340274800 ) ) ;
#6686 = CARTESIAN_POINT ( 'NONE',  ( 1.662388068842455700, 4.499999999999999100, -1.318163482251132300 ) ) ;
#6687 = ORIENTED_EDGE ( 'NONE', *, *, #8691, .F. ) ;
#6688 = ORIENTED_EDGE ( 'NONE', *, *, #4872, .T. ) ;
#6689 = CARTESIAN_POINT ( 'NONE',  ( 6.940000000000003100, 1.740000000000000000, 5.999999999999984000 ) ) ;
#6690 = CARTESIAN_POINT ( 'NONE',  ( 3.600000000000003600, 2.490000000000000200, 5.999999999999976900 ) ) ;
#6691 = CARTESIAN_POINT ( 'NONE',  ( 7.215527399761832300, 4.500000000000000900, -1.272699463758166100 ) ) ;
#6692 = VECTOR ( 'NONE', #8715, 1000.000000000000000 ) ;
#6693 = CARTESIAN_POINT ( 'NONE',  ( 7.061500226540987400, 4.509999999999999800, -1.375742957474572300 ) ) ;
#6694 = VECTOR ( 'NONE', #794, 1000.000000000000000 ) ;
#6695 = EDGE_LOOP ( 'NONE', ( #8314, #1150, #7216, #2512, #6494, #1835, #1525, #3005 ) ) ;
#6696 = CARTESIAN_POINT ( 'NONE',  ( 3.013548060825892400, 4.500000000000000900, -1.450330118162447700 ) ) ;
#6697 = MECHANICAL_DESIGN_GEOMETRIC_PRESENTATION_REPRESENTATION (  '', ( #6878 ), #7723 ) ;
#6698 = CARTESIAN_POINT ( 'NONE',  ( 6.417512328857923400, 4.500000000000002700, -2.518405064466795000 ) ) ;
#6699 = ORIENTED_EDGE ( 'NONE', *, *, #6081, .T. ) ;
#6700 = UNCERTAINTY_MEASURE_WITH_UNIT (LENGTH_MEASURE( 1.000000000000000100E-005 ), #8152, 'distance_accuracy_value', 'NONE');
#6701 = CARTESIAN_POINT ( 'NONE',  ( 4.906049746558777800, 4.500000000000000000, -2.554729299710066600 ) ) ;
#6702 = PRESENTATION_STYLE_ASSIGNMENT (( #3714 ) ) ;
#6703 = EDGE_CURVE ( 'NONE', #6807, #8067, #107, .T. ) ;
#6704 = DIRECTION ( 'NONE',  ( -0.0000000000000000000, -1.000000000000000000, -0.0000000000000000000 ) ) ;
#6705 = COLOUR_RGB ( '',1.000000000000000000, 1.000000000000000000, 1.000000000000000000 ) ;
#6706 = CARTESIAN_POINT ( 'NONE',  ( 7.186658115637490200, 4.500000000000000900, -1.223722356806541000 ) ) ;
#6707 =( NAMED_UNIT ( * ) PLANE_ANGLE_UNIT ( ) SI_UNIT ( $, .RADIAN. ) );
#6708 = B_SPLINE_CURVE_WITH_KNOTS ( 'NONE', 3,
 ( #8387, #9129, #9918, #2201, #4501, #6824, #9161, #766, #1542, #8415, #798, #5256, #2237, #3015, #6891, #8360, #2295, #91, #7865 ),
 .UNSPECIFIED., .F., .F.,
 ( 4, 1, 1, 1, 1, 1, 1, 1, 1, 1, 1, 1, 1, 1, 1, 1, 4 ),
 ( 0.0000000000000000000, 0.08247727264679181900, 0.1606727748936284400, 0.2356603322837441400, 0.3074119978731364400, 0.3754018117403263300, 0.4406906596600536600, 0.5034493295661055500, 0.5636023155689717800, 0.6214528270961907600, 0.6773415605321557700, 0.7321149886190239100, 0.7859519598473708700, 0.8393653783974389700, 0.8925294945439517000, 0.9459723235632278000, 1.000000000000000000 ),
 .UNSPECIFIED. ) ;
#6709 = UNCERTAINTY_MEASURE_WITH_UNIT (LENGTH_MEASURE( 1.000000000000000100E-005 ), #6862, 'distance_accuracy_value', 'NONE');
#6710 = CARTESIAN_POINT ( 'NONE',  ( 2.987087533816250600, 4.509999999999998900, -2.391882215198212900 ) ) ;
#6711 = SURFACE_STYLE_USAGE ( .BOTH. , #5010 ) ;
#6712 = DIRECTION ( 'NONE',  ( 0.0000000000000000000, -0.0000000000000000000, -1.000000000000000000 ) ) ;
#6713 = CARTESIAN_POINT ( 'NONE',  ( 0.6720685779845899700, 4.500000000000001800, -2.714215791611775500 ) ) ;
#6714 = AXIS2_PLACEMENT_3D ( 'NONE', #1171, #3449, #5735 ) ;
#6715 = VERTEX_POINT ( 'NONE', #6623 ) ;
#6716 =( GEOMETRIC_REPRESENTATION_CONTEXT ( 3 ) GLOBAL_UNCERTAINTY_ASSIGNED_CONTEXT ( ( #6078 ) ) GLOBAL_UNIT_ASSIGNED_CONTEXT ( ( #3039, #3107, #1593 ) ) REPRESENTATION_CONTEXT ( 'NONE', 'WORKASPACE' ) );
#6717 = FILL_AREA_STYLE_COLOUR ( '', #1652 ) ;
#6718 = MECHANICAL_DESIGN_GEOMETRIC_PRESENTATION_REPRESENTATION (  '', ( #8933 ), #4632 ) ;
#6719 = ADVANCED_FACE ( 'NONE', ( #2142, #5963 ), #5768, .T. ) ;
#6720 = VECTOR ( 'NONE', #4027, 1000.000000000000000 ) ;
#6721 = FILL_AREA_STYLE ('',( #5245 ) ) ;
#6722 = LINE ( 'NONE', #7174, #7316 ) ;
#6723 = ORIENTED_EDGE ( 'NONE', *, *, #4354, .F. ) ;
#6724 = FILL_AREA_STYLE_COLOUR ( '', #6170 ) ;
#6725 = CARTESIAN_POINT ( 'NONE',  ( 1.668068974677331400, 4.500000000000000900, -1.449031366756792900 ) ) ;
#6726 = CARTESIAN_POINT ( 'NONE',  ( 2.814187767392112500, 4.509999999999999800, -2.279035533434024900 ) ) ;
#6727 = CARTESIAN_POINT ( 'NONE',  ( 4.946142783125631000, 4.500000000000000900, -0.9531179552905878500 ) ) ;
#6728 = CARTESIAN_POINT ( 'NONE',  ( 2.813371609589778300, 4.500000000000000900, -2.317790639260089800 ) ) ;
#6729 = CARTESIAN_POINT ( 'NONE',  ( 5.595116086910375800, 4.500000000000000900, -2.283893114997979100 ) ) ;
#6730 = EDGE_CURVE ( 'NONE', #2137, #3465, #934, .T. ) ;
#6731 = PRESENTATION_LAYER_ASSIGNMENT (  '', '', ( #2814 ) ) ;
#6732 = ORIENTED_EDGE ( 'NONE', *, *, #7576, .T. ) ;
#6733 = CARTESIAN_POINT ( 'NONE',  ( 7.456928479739600500, 4.500000000000000900, -2.563452876185937900 ) ) ;
#6734 = CARTESIAN_POINT ( 'NONE',  ( 9.010000000000001600, 4.500000000000000900, -1.953732314818879400E-015 ) ) ;
#6735 = PRESENTATION_STYLE_ASSIGNMENT (( #1195 ) ) ;
#6736 = CARTESIAN_POINT ( 'NONE',  ( 5.264573451450891300, 4.509999999999999800, -2.560413707262149800 ) ) ;
#6737 = FILL_AREA_STYLE ('',( #9101 ) ) ;
#6738 = ORIENTED_EDGE ( 'NONE', *, *, #5325, .F. ) ;
#6739 = CARTESIAN_POINT ( 'NONE',  ( 3.035662940850393000, 4.510000000000000700, -1.381734156276819500 ) ) ;
#6740 = EDGE_CURVE ( 'NONE', #2052, #4806, #3949, .T. ) ;
#6741 =( NAMED_UNIT ( * ) SI_UNIT ( $, .STERADIAN. ) SOLID_ANGLE_UNIT ( ) );
#6742 = CARTESIAN_POINT ( 'NONE',  ( 2.166846216603341500, 4.509999999999998900, -2.387305477473979000 ) ) ;
#6743 = CARTESIAN_POINT ( 'NONE',  ( 5.312788819685980700, 4.500000000000001800, -2.330309223782979400 ) ) ;
#6744 = CARTESIAN_POINT ( 'NONE',  ( 5.777388218470981900, 4.500000000000000900, -2.655424519204114400 ) ) ;
#6745 = FILL_AREA_STYLE_COLOUR ( '', #9871 ) ;
#6746 = ORIENTED_EDGE ( 'NONE', *, *, #2961, .T. ) ;
#6747 = PLANE ( 'NONE',  #5394 ) ;
#6748 = SURFACE_STYLE_FILL_AREA ( #2867 ) ;
#6749 = SURFACE_STYLE_USAGE ( .BOTH. , #2128 ) ;
#6750 = CARTESIAN_POINT ( 'NONE',  ( 5.314109002976188400, 4.500000000000001800, -2.376888549152031100 ) ) ;
#6751 = SURFACE_STYLE_USAGE ( .BOTH. , #5223 ) ;
#6752 = ORIENTED_EDGE ( 'NONE', *, *, #5486, .F. ) ;
#6753 = CARTESIAN_POINT ( 'NONE',  ( 2.999876632421623900, 4.510000000000000700, -2.337151110932627500 ) ) ;
#6754 = CARTESIAN_POINT ( 'NONE',  ( 5.304599212313696900, 4.500000000000000900, -2.283935102730433100 ) ) ;
#6755 = CARTESIAN_POINT ( 'NONE',  ( 6.140000000000004100, 2.490000000000000200, 5.799999999999983800 ) ) ;
#6756 = EDGE_CURVE ( 'NONE', #5257, #1400, #8637, .T. ) ;
#6757 = B_SPLINE_CURVE_WITH_KNOTS ( 'NONE', 3,
 ( #1467, #6810, #4575, #1526, #785, #9182, #7719, #3778, #821, #5308, #11 ),
 .UNSPECIFIED., .F., .F.,
 ( 4, 1, 1, 1, 1, 1, 1, 1, 4 ),
 ( 0.0000000000000000000, 0.1291105823789965000, 0.2450588575812234200, 0.3531069179282665900, 0.4605420137297469000, 0.5744332052480211100, 0.6984684015256547000, 0.8392786984694966500, 0.9999999999999998900 ),
 .UNSPECIFIED. ) ;
#6758 = FILL_AREA_STYLE ('',( #5229 ) ) ;
#6759 = SURFACE_STYLE_USAGE ( .BOTH. , #5196 ) ;
#6760 = EDGE_LOOP ( 'NONE', ( #4020, #5930, #3345, #9137 ) ) ;
#6761 = LINE ( 'NONE', #6028, #5908 ) ;
#6762 = STYLED_ITEM ( 'NONE', ( #4263 ), #7494 ) ;
#6763 = UNCERTAINTY_MEASURE_WITH_UNIT (LENGTH_MEASURE( 1.000000000000000100E-005 ), #7616, 'distance_accuracy_value', 'NONE');
#6764 = ADVANCED_FACE ( 'NONE', ( #6203 ), #1208, .T. ) ;
#6765 = CARTESIAN_POINT ( 'NONE',  ( 4.119571358816963300, 4.500000000000000900, -0.9176199247100669300 ) ) ;
#6766 = ORIENTED_EDGE ( 'NONE', *, *, #154, .F. ) ;
#6767 = CARTESIAN_POINT ( 'NONE',  ( 3.104092552548362700, 4.500000000000000900, -1.359379597329114500 ) ) ;
#6768 = DIRECTION ( 'NONE',  ( -0.6719155422155840300, 0.0000000000000000000, 0.7406277770440005100 ) ) ;
#6769 = CARTESIAN_POINT ( 'NONE',  ( 1.848513747709803900, 4.509999999999999800, -1.419544193709387800 ) ) ;
#6770 = STYLED_ITEM ( 'NONE', ( #8760 ), #3724 ) ;
#6771 = EDGE_CURVE ( 'NONE', #5661, #8915, #8014, .T. ) ;
#6772 = B_SPLINE_CURVE_WITH_KNOTS ( 'NONE', 3,
 ( #7556, #546, #5176, #8210, #1330, #2146, #6676, #5983, #681, #1428, #5914 ),
 .UNSPECIFIED., .F., .F.,
 ( 4, 1, 1, 1, 1, 1, 1, 1, 4 ),
 ( 0.0000000000000000000, 0.1776927533761879800, 0.3331757883253078600, 0.4686890906939400500, 0.5870354530938758400, 0.6917121057556598900, 0.7907207944305284500, 0.8911850616761289900, 1.000000000000000000 ),
 .UNSPECIFIED. ) ;
#6773 = CARTESIAN_POINT ( 'NONE',  ( 4.923816581130675600, 4.510000000000000700, -2.554258305700128700 ) ) ;
#6774 = CARTESIAN_POINT ( 'NONE',  ( 4.791616254407958100, 4.510000000000000700, -2.718016784549997400 ) ) ;
#6775 = ORIENTED_EDGE ( 'NONE', *, *, #3434, .T. ) ;
#6776 = VECTOR ( 'NONE', #6362, 1000.000000000000000 ) ;
#6777 = DIRECTION ( 'NONE',  ( -1.000000000000000000, 0.0000000000000000000, -2.891205793294686200E-016 ) ) ;
#6778 = CARTESIAN_POINT ( 'NONE',  ( 6.866154632173617300, 4.509999999999999800, -2.278415578169777700 ) ) ;
#6779 = CARTESIAN_POINT ( 'NONE',  ( 4.821276487980102700, 4.500000000000000900, -2.537391382096841200 ) ) ;
#6780 = LINE ( 'NONE', #1307, #6287 ) ;
#6781 = CARTESIAN_POINT ( 'NONE',  ( 1.745735868673416100, 4.500000000000000900, -2.577083858657770700 ) ) ;
#6782 = PRESENTATION_LAYER_ASSIGNMENT (  '', '', ( #4162 ) ) ;
#6783 = EDGE_LOOP ( 'NONE', ( #5623, #2305, #7518, #4193 ) ) ;
#6784 = STYLED_ITEM ( 'NONE', ( #4109 ), #5185 ) ;
#6785 = ORIENTED_EDGE ( 'NONE', *, *, #1317, .T. ) ;
#6786 = SURFACE_SIDE_STYLE ('',( #1098 ) ) ;
#6787 = MECHANICAL_DESIGN_GEOMETRIC_PRESENTATION_REPRESENTATION (  '', ( #3194 ), #6597 ) ;
#6788 = CARTESIAN_POINT ( 'NONE',  ( 7.156855590939201800, 4.509999999999999800, -1.178343448593054600 ) ) ;
#6789 =( NAMED_UNIT ( * ) PLANE_ANGLE_UNIT ( ) SI_UNIT ( $, .RADIAN. ) );
#6790 =( NAMED_UNIT ( * ) SI_UNIT ( $, .STERADIAN. ) SOLID_ANGLE_UNIT ( ) );
#6791 = CARTESIAN_POINT ( 'NONE',  ( 5.273937723451807000, 4.509999999999999800, -2.191770001969793700 ) ) ;
#6792 = SURFACE_SIDE_STYLE ('',( #3680 ) ) ;
#6793 = ORIENTED_EDGE ( 'NONE', *, *, #1639, .T. ) ;
#6794 = CARTESIAN_POINT ( 'NONE',  ( 2.523470924014136400, 4.509999999999999800, -2.554729299710066600 ) ) ;
#6795 = FACE_OUTER_BOUND ( 'NONE', #6630, .T. ) ;
#6796 = ORIENTED_EDGE ( 'NONE', *, *, #5287, .F. ) ;
#6797 = EDGE_CURVE ( 'NONE', #6619, #1853, #8700, .T. ) ;
#6798 = CARTESIAN_POINT ( 'NONE',  ( 5.788351004464285400, 4.500000000000000900, -2.429672333564233600 ) ) ;
#6799 = CARTESIAN_POINT ( 'NONE',  ( 2.053695242745535500, 4.510000000000000700, -2.190927216376733700 ) ) ;
#6800 = LINE ( 'NONE', #6092, #581 ) ;
#6801 = COLOUR_RGB ( '',0.8980392156862745400, 0.8980392156862745400, 0.8980392156862745400 ) ;
#6802 = CARTESIAN_POINT ( 'NONE',  ( 6.140000000000004100, 2.990000000000000200, 5.799999999999983800 ) ) ;
#6803 = COLOUR_RGB ( '',1.000000000000000000, 1.000000000000000000, 1.000000000000000000 ) ;
#6804 = DIRECTION ( 'NONE',  ( -1.000000000000000000, 0.0000000000000000000, 0.0000000000000000000 ) ) ;
#6805 = VERTEX_POINT ( 'NONE', #4371 ) ;
#6807 = VERTEX_POINT ( 'NONE', #9093 ) ;
#6806 = CARTESIAN_POINT ( 'NONE',  ( 2.153578404017856500, 4.509999999999999800, -2.372828258043400100 ) ) ;
#6808 = PRESENTATION_STYLE_ASSIGNMENT (( #5793 ) ) ;
#6809 = CARTESIAN_POINT ( 'NONE',  ( 2.086583600725445900, 4.509999999999999800, -0.9176199247100669300 ) ) ;
#6810 = CARTESIAN_POINT ( 'NONE',  ( 6.261950935808385100, 4.509999999999999800, -2.387115135631040700 ) ) ;
#6811 = CARTESIAN_POINT ( 'NONE',  ( 7.290000000000004500, 2.990000000000000200, 5.799999999999983800 ) ) ;
#6812 = SURFACE_STYLE_FILL_AREA ( #3444 ) ;
#6813 = EDGE_CURVE ( 'NONE', #2137, #160, #5950, .T. ) ;
#6814 = UNCERTAINTY_MEASURE_WITH_UNIT (LENGTH_MEASURE( 1.000000000000000100E-005 ), #4449, 'distance_accuracy_value', 'NONE');
#6815 = CARTESIAN_POINT ( 'NONE',  ( 6.368854994862849700, 4.500000000000001800, -2.601844933314015200 ) ) ;
#6816 = CARTESIAN_POINT ( 'NONE',  ( 7.243620983212360400, 4.509999999999998900, -1.325101094684881100 ) ) ;
#6817 = CARTESIAN_POINT ( 'NONE',  ( 1.060000000000003600, 1.739999999999996000, 6.749999999999983100 ) ) ;
#6818 = COLOUR_RGB ( '',1.000000000000000000, 1.000000000000000000, 1.000000000000000000 ) ;
#6819 = CARTESIAN_POINT ( 'NONE',  ( 3.001143816869870300, 4.500000000000001800, -2.300220738961397300 ) ) ;
#6820 = MECHANICAL_DESIGN_GEOMETRIC_PRESENTATION_REPRESENTATION (  '', ( #4742 ), #5446 ) ;
#6821 = CARTESIAN_POINT ( 'NONE',  ( 0.7834093222135356500, 4.500000000000000900, -0.9182098381400001200 ) ) ;
#6822 = CARTESIAN_POINT ( 'NONE',  ( 5.544327508835565700, 4.509999999999999800, -2.432514537340274800 ) ) ;
#6823 = B_SPLINE_SURFACE_WITH_KNOTS ( 'NONE', 3, 1, ( 
 ( #8857, #9626 ),
 ( #5052, #6610 ),
 ( #484, #5820 ),
 ( #7253, #7953 ),
 ( #4200, #3438 ),
 ( #9557, #6502 ),
 ( #2631, #8087 ),
 ( #7282, #2594 ),
 ( #2730, #2693 ),
 ( #1159, #1858 ),
 ( #9489, #9521 ) ),
 .UNSPECIFIED., .F., .F., .F.,
 ( 4, 1, 1, 1, 1, 1, 1, 1, 4 ),
 ( 2, 2 ),
 ( 0.0000000000000000000, 0.1266558512251224100, 0.2499581619777200800, 0.3719201904168855700, 0.5022220188728671000, 0.6325238473288448100, 0.7556260460035196800, 0.8761988241860979600, 1.000000000000000000 ),
 ( 0.0000000000000000000, 1.000000000000000000 ),
 .UNSPECIFIED. ) ;
#6824 = CARTESIAN_POINT ( 'NONE',  ( 6.771589172394356200, 4.500000000000000900, -2.475079375362222200 ) ) ;
#6825 = CARTESIAN_POINT ( 'NONE',  ( 7.441504964685187000, 4.509999999999999800, -2.596266522088112700 ) ) ;
#6826 = SURFACE_STYLE_FILL_AREA ( #8321 ) ;
#6827 = UNCERTAINTY_MEASURE_WITH_UNIT (LENGTH_MEASURE( 1.000000000000000100E-005 ), #4072, 'distance_accuracy_value', 'NONE');
#6828 =( GEOMETRIC_REPRESENTATION_CONTEXT ( 3 ) GLOBAL_UNCERTAINTY_ASSIGNED_CONTEXT ( ( #6014 ) ) GLOBAL_UNIT_ASSIGNED_CONTEXT ( ( #1644, #163, #8612 ) ) REPRESENTATION_CONTEXT ( 'NONE', 'WORKASPACE' ) );
#6829 = CARTESIAN_POINT ( 'NONE',  ( 6.431501116071427900, 4.500000000000003600, -1.358567539107388400 ) ) ;
#6830 = EDGE_CURVE ( 'NONE', #8583, #3984, #2620, .T. ) ;
#6831 = CARTESIAN_POINT ( 'NONE',  ( 1.671215820312499800, 4.500000000000001800, -1.463323049710067100 ) ) ;
#6832 = SURFACE_STYLE_FILL_AREA ( #1982 ) ;
#6833 = CARTESIAN_POINT ( 'NONE',  ( 1.060000000000003600, -2.260000000000004200, 7.249999999999985800 ) ) ;
#6834 = CARTESIAN_POINT ( 'NONE',  ( 4.874525347768050100, 4.510000000000000700, -0.9179899795546517800 ) ) ;
#6835 = EDGE_LOOP ( 'NONE', ( #3101, #9486, #8468, #9395 ) ) ;
#6836 = DIRECTION ( 'NONE',  ( 0.9661062409955013500, -0.0000000000000000000, 0.2581447871051094100 ) ) ;
#6837 = CARTESIAN_POINT ( 'NONE',  ( 4.034006142813955100, 4.509999999999999800, -0.9693535411242261100 ) ) ;
#6838 =( LENGTH_UNIT ( ) NAMED_UNIT ( * ) SI_UNIT ( .MILLI., .METRE. ) );
#6839 = COLOUR_RGB ( '',1.000000000000000000, 1.000000000000000000, 1.000000000000000000 ) ;
#6840 = PRESENTATION_LAYER_ASSIGNMENT (  '', '', ( #4451 ) ) ;
#6841 = AXIS2_PLACEMENT_3D ( 'NONE', #7806, #3210, #2607 ) ;
#6842 = ORIENTED_EDGE ( 'NONE', *, *, #6207, .T. ) ;
#6843 = CARTESIAN_POINT ( 'NONE',  ( 6.160112945658233300, 4.509999999999999800, -2.148605785864427600 ) ) ;
#6844 = CARTESIAN_POINT ( 'NONE',  ( 6.632056859210994300, 4.509999999999998000, -1.570486415845414200 ) ) ;
#6845 =( LENGTH_UNIT ( ) NAMED_UNIT ( * ) SI_UNIT ( .MILLI., .METRE. ) );
#6846 = AXIS2_PLACEMENT_3D ( 'NONE', #2687, #2657, #1186 ) ;
#6847 = CARTESIAN_POINT ( 'NONE',  ( 4.647003173828124100, 4.500000000000001800, -2.655424519204114800 ) ) ;
#6848 = LINE ( 'NONE', #9724, #1937 ) ;
#6849 = CARTESIAN_POINT ( 'NONE',  ( 4.400000000000003900, 1.740000000000000000, 5.999999999999984000 ) ) ;
#6850 =( NAMED_UNIT ( * ) PLANE_ANGLE_UNIT ( ) SI_UNIT ( $, .RADIAN. ) );
#6851 = ORIENTED_EDGE ( 'NONE', *, *, #5486, .T. ) ;
#6852 = CARTESIAN_POINT ( 'NONE',  ( 7.440715358981812200, 4.509999999999998900, -1.853601093566124500 ) ) ;
#6853 =( GEOMETRIC_REPRESENTATION_CONTEXT ( 3 ) GLOBAL_UNCERTAINTY_ASSIGNED_CONTEXT ( ( #4544 ) ) GLOBAL_UNIT_ASSIGNED_CONTEXT ( ( #8653, #6536, #2723 ) ) REPRESENTATION_CONTEXT ( 'NONE', 'WORKASPACE' ) );
#6854 = CARTESIAN_POINT ( 'NONE',  ( 2.949664431293046500, 4.509999999999998900, -2.480804136781038900 ) ) ;
#6855 = SURFACE_STYLE_FILL_AREA ( #5249 ) ;
#6856 = EDGE_CURVE ( 'NONE', #8213, #6246, #4646, .T. ) ;
#6857 =( GEOMETRIC_REPRESENTATION_CONTEXT ( 3 ) GLOBAL_UNCERTAINTY_ASSIGNED_CONTEXT ( ( #5966 ) ) GLOBAL_UNIT_ASSIGNED_CONTEXT ( ( #7916, #3223, #8559 ) ) REPRESENTATION_CONTEXT ( 'NONE', 'WORKASPACE' ) );
#6858 = CARTESIAN_POINT ( 'NONE',  ( 2.813371609589778300, 4.500000000000000900, -2.317790639260089800 ) ) ;
#6859 = EDGE_LOOP ( 'NONE', ( #3361, #8264, #9127, #8734 ) ) ;
#6860 = FILL_AREA_STYLE ('',( #7612 ) ) ;
#6861 = CARTESIAN_POINT ( 'NONE',  ( 2.523470924014136400, 4.509999999999999800, -2.554729299710066600 ) ) ;
#6862 =( LENGTH_UNIT ( ) NAMED_UNIT ( * ) SI_UNIT ( .MILLI., .METRE. ) );
#6863 = CARTESIAN_POINT ( 'NONE',  ( 3.852404203869046900, 4.500000000000000900, -1.541280638995781200 ) ) ;
#6864 =( LENGTH_UNIT ( ) NAMED_UNIT ( * ) SI_UNIT ( .MILLI., .METRE. ) );
#6865 = PRESENTATION_STYLE_ASSIGNMENT (( #4892 ) ) ;
#6866 = CARTESIAN_POINT ( 'NONE',  ( 6.140000000000004100, 1.739999999999988900, 7.249999999999984000 ) ) ;
#6867 = ORIENTED_EDGE ( 'NONE', *, *, #2689, .T. ) ;
#6868 = DIRECTION ( 'NONE',  ( 0.2582330317988721400, 0.0000000000000000000, -0.9660826575857588400 ) ) ;
#6869 = EDGE_CURVE ( 'NONE', #7979, #1634, #1891, .T. ) ;
#6870 = ORIENTED_EDGE ( 'NONE', *, *, #8479, .F. ) ;
#6871 = FACE_OUTER_BOUND ( 'NONE', #1863, .T. ) ;
#6872 = SURFACE_SIDE_STYLE ('',( #241 ) ) ;
#6873 = CARTESIAN_POINT ( 'NONE',  ( 6.444494047619048000, 4.500000000000000900, -2.376888549152031100 ) ) ;
#6874 = COLOUR_RGB ( '',0.8980392156862745400, 0.8980392156862745400, 0.8980392156862745400 ) ;
#6875 = CARTESIAN_POINT ( 'NONE',  ( 5.997862025669642900, 4.509999999999999800, -0.9176199247100669300 ) ) ;
#6876 = DIRECTION ( 'NONE',  ( -0.0000000000000000000, -1.000000000000000000, -0.0000000000000000000 ) ) ;
#6877 = ORIENTED_EDGE ( 'NONE', *, *, #4549, .T. ) ;
#6878 = STYLED_ITEM ( 'NONE', ( #721 ), #6424 ) ;
#6879 = FACE_OUTER_BOUND ( 'NONE', #7056, .T. ) ;
#6880 = CARTESIAN_POINT ( 'NONE',  ( 6.443805371805283700, 4.500000000000002700, -2.393300428662840300 ) ) ;
#6881 = CARTESIAN_POINT ( 'NONE',  ( 6.151341029575892300, 4.509999999999999800, -2.138549461075394100 ) ) ;
#6882 = UNCERTAINTY_MEASURE_WITH_UNIT (LENGTH_MEASURE( 1.000000000000000100E-005 ), #5514, 'distance_accuracy_value', 'NONE');
#6883 = CARTESIAN_POINT ( 'NONE',  ( 7.269951230003719000, 4.509999999999999800, -1.380493111093995500 ) ) ;
#6884 = DIRECTION ( 'NONE',  ( -0.0000000000000000000, -1.000000000000000000, -0.0000000000000000000 ) ) ;
#6885 = CARTESIAN_POINT ( 'NONE',  ( 5.522401936848959600, 4.510000000000000700, -2.373640316265126500 ) ) ;
#6886 = CARTESIAN_POINT ( 'NONE',  ( 4.400000000000003000, 1.739999999999988900, 7.249999999999984000 ) ) ;
#6887 = EDGE_CURVE ( 'NONE', #9415, #3305, #6578, .T. ) ;
#6888 = B_SPLINE_SURFACE_WITH_KNOTS ( 'NONE', 3, 1, ( 
 ( #4148, #5607 ),
 ( #9403, #7170 ),
 ( #1834, #6450 ),
 ( #9468, #1036 ),
 ( #4888, #4855 ),
 ( #2604, #8704 ),
 ( #1103, #6376 ),
 ( #1864, #1806 ),
 ( #7962, #2640 ),
 ( #3348, #5634 ),
 ( #8638, #3309 ),
 ( #2568, #3377 ),
 ( #4112, #287 ),
 ( #1074, #7232 ),
 ( #7998, #2533 ),
 ( #6043, #1545 ),
 ( #1511, #4561 ),
 ( #1604, #59 ),
 ( #5396, #6829 ) ),
 .UNSPECIFIED., .F., .F., .F.,
 ( 4, 1, 1, 1, 1, 1, 1, 1, 1, 1, 1, 1, 1, 1, 1, 1, 4 ),
 ( 2, 2 ),
 ( 0.0000000000000000000, 0.05896032339175841900, 0.1151667795382082000, 0.1685460332946467400, 0.2201040331718202000, 0.2710764578581073600, 0.3221432053036933400, 0.3738521026366863900, 0.4280112790307142900, 0.4844415283733719000, 0.5441127082310428500, 0.6079151718827425800, 0.6763849079317502100, 0.7494119854088731000, 0.8271686075005272300, 0.9106142827348656700, 1.000000000000000000 ),
 ( 0.0000000000000000000, 1.000000000000000000 ),
 .UNSPECIFIED. ) ;
#6889 = VERTEX_POINT ( 'NONE', #9224 ) ;
#6890 = LINE ( 'NONE', #259, #9861 ) ;
#6891 = CARTESIAN_POINT ( 'NONE',  ( 7.083776495382753800, 4.500000000000000900, -2.720981008304916800 ) ) ;
#6892 = FACE_OUTER_BOUND ( 'NONE', #781, .T. ) ;
#6893 = ORIENTED_EDGE ( 'NONE', *, *, #6499, .F. ) ;
#6894 = CARTESIAN_POINT ( 'NONE',  ( 0.7331192405894378900, 4.500000000000000900, -2.736500938974917800 ) ) ;
#6895 = CARTESIAN_POINT ( 'NONE',  ( 4.587949376973981000, 4.500000000000002700, -2.615302963122012200 ) ) ;
#6896 = DIRECTION ( 'NONE',  ( 0.0000000000000000000, 0.0000000000000000000, 1.000000000000000000 ) ) ;
#6897 = CARTESIAN_POINT ( 'NONE',  ( 4.325022088913688600, 4.509999999999999800, -1.099520966376733600 ) ) ;
#6898 = PRESENTATION_STYLE_ASSIGNMENT (( #6966 ) ) ;
#6899 = VERTEX_POINT ( 'NONE', #6925 ) ;
#6900 = ORIENTED_EDGE ( 'NONE', *, *, #8275, .F. ) ;
#6901 = CARTESIAN_POINT ( 'NONE',  ( 8.999999999999998200, 0.0000000000000000000, -6.000000000000016000 ) ) ;
#6902 = CARTESIAN_POINT ( 'NONE',  ( 2.781151243762039800, 4.510000000000000700, -2.677835472748986100 ) ) ;
#6903 = PRESENTATION_LAYER_ASSIGNMENT (  '', '', ( #9238 ) ) ;
#6904 = ORIENTED_EDGE ( 'NONE', *, *, #617, .T. ) ;
#6905 = MECHANICAL_DESIGN_GEOMETRIC_PRESENTATION_REPRESENTATION (  '', ( #5864 ), #8425 ) ;
#6906 = CARTESIAN_POINT ( 'NONE',  ( 6.432256153384944500, 4.500000000000000900, -1.394051440477976200 ) ) ;
#6907 = LINE ( 'NONE', #9082, #2840 ) ;
#6908 = B_SPLINE_SURFACE_WITH_KNOTS ( 'NONE', 3, 1, ( 
 ( #6469, #3606 ),
 ( #8923, #545 ),
 ( #4351, #2082 ),
 ( #5880, #7455 ),
 ( #3637, #1328 ),
 ( #9681, #8208 ),
 ( #1293, #5333 ) ),
 .UNSPECIFIED., .F., .F., .F.,
 ( 4, 1, 1, 1, 4 ),
 ( 2, 2 ),
 ( 0.0000000000000000000, 0.2890735175390005100, 0.5515028090246377700, 0.7878253254373884800, 1.000000000000000000 ),
 ( 0.0000000000000000000, 1.000000000000000000 ),
 .UNSPECIFIED. ) ;
#6909 = B_SPLINE_CURVE_WITH_KNOTS ( 'NONE', 3,
 ( #7168, #4756, #6313, #7904, #225, #256, #4081, #5605, #2566, #4045, #9402 ),
 .UNSPECIFIED., .F., .F.,
 ( 4, 1, 1, 1, 1, 1, 1, 1, 4 ),
 ( 0.0000000000000000000, 0.1438452084224851300, 0.2744633483863632200, 0.3894294444927151000, 0.5015746808976575500, 0.6098445063685609100, 0.7259657379454850200, 0.8559693386118509800, 1.000000000000000000 ),
 .UNSPECIFIED. ) ;
#6910 = VECTOR ( 'NONE', #5779, 1000.000000000000000 ) ;
#6911 = ORIENTED_EDGE ( 'NONE', *, *, #2862, .F. ) ;
#6912 = SURFACE_SIDE_STYLE ('',( #3841 ) ) ;
#6913 = EDGE_LOOP ( 'NONE', ( #5329, #1386, #2716, #3177 ) ) ;
#6914 = CARTESIAN_POINT ( 'NONE',  ( 6.617493399034635200, 4.509999999999999800, -1.460466574612721700 ) ) ;
#6915 =( NAMED_UNIT ( * ) SI_UNIT ( $, .STERADIAN. ) SOLID_ANGLE_UNIT ( ) );
#6916 = CARTESIAN_POINT ( 'NONE',  ( 6.927305504385429900, 4.500000000000003600, -1.179745950487461700 ) ) ;
#6917 = MECHANICAL_DESIGN_GEOMETRIC_PRESENTATION_REPRESENTATION (  '', ( #4341 ), #7439 ) ;
#6918 = VECTOR ( 'NONE', #8081, 1000.000000000000000 ) ;
#6919 = EDGE_CURVE ( 'NONE', #404, #5920, #3943, .T. ) ;
#6920 = CARTESIAN_POINT ( 'NONE',  ( 2.135713123139880500, 4.510000000000000700, -1.099520966376733800 ) ) ;
#6921 = FILL_AREA_STYLE_COLOUR ( '', #9119 ) ;
#6922 = CARTESIAN_POINT ( 'NONE',  ( 4.657965959821427600, 4.500000000000000900, -2.429672333564233600 ) ) ;
#6923 = PRESENTATION_STYLE_ASSIGNMENT (( #152 ) ) ;
#6924 = ORIENTED_EDGE ( 'NONE', *, *, #7863, .F. ) ;
#6925 = CARTESIAN_POINT ( 'NONE',  ( 2.573006475539434000, 4.500000000000001800, -2.736630341376733000 ) ) ;
#6926 = CARTESIAN_POINT ( 'NONE',  ( 0.7730794270833332100, 4.500000000000000900, -0.9176199247100669300 ) ) ;
#6927 = ORIENTED_EDGE ( 'NONE', *, *, #3861, .F. ) ;
#6928 = SURFACE_SIDE_STYLE ('',( #6237 ) ) ;
#6929 = ORIENTED_EDGE ( 'NONE', *, *, #7576, .F. ) ;
#6930 = CARTESIAN_POINT ( 'NONE',  ( 4.392016892206099100, 4.500000000000000900, -2.373640316265126100 ) ) ;
#6931 = CARTESIAN_POINT ( 'NONE',  ( 2.086583600725445900, 4.500000000000000900, -0.9176199247100669300 ) ) ;
#6932 = LINE ( 'NONE', #9430, #3209 ) ;
#6933 = CARTESIAN_POINT ( 'NONE',  ( 1.660253034319195900, 4.500000000000000900, -1.373590616209322800 ) ) ;
#6934 = EDGE_CURVE ( 'NONE', #2542, #2291, #6322, .T. ) ;
#6935 = CARTESIAN_POINT ( 'NONE',  ( -1.009999999999997100, 4.500000000000000900, -2.000000000000015500 ) ) ;
#6936 = ORIENTED_EDGE ( 'NONE', *, *, #5303, .T. ) ;
#6937 = CARTESIAN_POINT ( 'NONE',  ( 7.314729139268875400, 4.500000000000000900, -2.277001929904150400 ) ) ;
#6938 = CARTESIAN_POINT ( 'NONE',  ( 2.591746407299643500, 4.510000000000000700, -2.735993456962030100 ) ) ;
#6939 = CARTESIAN_POINT ( 'NONE',  ( 6.604892131617579500, 4.500000000000000000, -2.151848599083205500 ) ) ;
#6940 = VECTOR ( 'NONE', #2149, 1000.000000000000000 ) ;
#6941 = CARTESIAN_POINT ( 'NONE',  ( 0.8292786148693864800, 4.500000000000000000, -0.9332871698254021600 ) ) ;
#6942 = B_SPLINE_SURFACE_WITH_KNOTS ( 'NONE', 3, 1, ( 
 ( #9200, #9165 ),
 ( #3889, #804 ),
 ( #3798, #770 ),
 ( #2298, #27 ),
 ( #8328, #706 ),
 ( #2241, #3018 ),
 ( #4535, #5362 ),
 ( #9885, #5293 ),
 ( #735, #2272 ),
 ( #4620, #6148 ),
 ( #1574, #6930 ) ),
 .UNSPECIFIED., .F., .F., .F.,
 ( 4, 1, 1, 1, 1, 1, 1, 1, 4 ),
 ( 2, 2 ),
 ( 0.0000000000000000000, 0.1266558512251218800, 0.2499581619777190800, 0.3719201904168841200, 0.5022220188728651100, 0.6325238473288461400, 0.7556260460035206800, 0.8761988241860985100, 1.000000000000000000 ),
 ( 0.0000000000000000000, 1.000000000000000000 ),
 .UNSPECIFIED. ) ;
#6943 = VECTOR ( 'NONE', #1931, 1000.000000000000000 ) ;
#6944 = CARTESIAN_POINT ( 'NONE',  ( 2.330193320603769700, 4.509999999999999800, -2.701927676949471600 ) ) ;
#6945 = CARTESIAN_POINT ( 'NONE',  ( 7.128653099423362800, 4.500000000000002700, -1.516918892343995800 ) ) ;
#6946 = CARTESIAN_POINT ( 'NONE',  ( 5.729850049149706400, 4.510000000000000700, -2.376767648900806500 ) ) ;
#6947 = PRESENTATION_STYLE_ASSIGNMENT (( #3073 ) ) ;
#6948 = CARTESIAN_POINT ( 'NONE',  ( 7.133693609701246900, 4.500000000000002700, -2.553769246868733900 ) ) ;
#6949 = EDGE_CURVE ( 'NONE', #8177, #3715, #9777, .T. ) ;
#6950 = ORIENTED_EDGE ( 'NONE', *, *, #6220, .T. ) ;
#6951 = CARTESIAN_POINT ( 'NONE',  ( 2.540000000000000000, -2.259999999999961600, 4.259999999999985600 ) ) ;
#6952 = DIRECTION ( 'NONE',  ( 0.9660826575857590600, -0.0000000000000000000, 0.2582330317988716900 ) ) ;
#6953 = CARTESIAN_POINT ( 'NONE',  ( 7.128653099423361900, 4.500000000000001800, -1.516918892343995600 ) ) ;
#6954 = CARTESIAN_POINT ( 'NONE',  ( 2.569799469359218300, 4.510000000000000700, -1.370576857338734200 ) ) ;
#6955 = STYLED_ITEM ( 'NONE', ( #8444 ), #7336 ) ;
#6956 = VECTOR ( 'NONE', #9267, 1000.000000000000000 ) ;
#6957 =( LENGTH_UNIT ( ) NAMED_UNIT ( * ) SI_UNIT ( .MILLI., .METRE. ) );
#6958 = VERTEX_POINT ( 'NONE', #1663 ) ;
#6959 = SURFACE_SIDE_STYLE ('',( #851 ) ) ;
#6960 = CARTESIAN_POINT ( 'NONE',  ( 0.6548310468323983400, 4.499999999999999100, -2.685073250669277400 ) ) ;
#6961 = LINE ( 'NONE', #2940, #3746 ) ;
#6962 = CARTESIAN_POINT ( 'NONE',  ( 3.018732530277337100, 4.500000000000000000, -1.489723548288325800 ) ) ;
#6963 = EDGE_CURVE ( 'NONE', #2735, #6055, #7540, .T. ) ;
#6964 = CARTESIAN_POINT ( 'NONE',  ( 4.000000000000003600, 1.740000000000000000, 5.999999999999984000 ) ) ;
#6965 = CARTESIAN_POINT ( 'NONE',  ( 6.085564313616071500, 4.500000000000000000, -2.736630341376733000 ) ) ;
#6966 = SURFACE_STYLE_USAGE ( .BOTH. , #6154 ) ;
#6967 =( NAMED_UNIT ( * ) PLANE_ANGLE_UNIT ( ) SI_UNIT ( $, .RADIAN. ) );
#6968 = VECTOR ( 'NONE', #1886, 1000.000000000000000 ) ;
#6969 = DIRECTION ( 'NONE',  ( -0.7071067811865474600, 0.0000000000000000000, -0.7071067811865474600 ) ) ;
#6970 = ORIENTED_EDGE ( 'NONE', *, *, #284, .T. ) ;
#6971 = CARTESIAN_POINT ( 'NONE',  ( 4.957744004306476000, 4.509999999999998900, -1.029296115152946500 ) ) ;
#6972 = SURFACE_SIDE_STYLE ('',( #9421 ) ) ;
#6973 = VECTOR ( 'NONE', #9522, 1000.000000000000000 ) ;
#6974 = CARTESIAN_POINT ( 'NONE',  ( 0.6850083052690263400, 4.500000000000000000, -2.567050285702841000 ) ) ;
#6975 =( GEOMETRIC_REPRESENTATION_CONTEXT ( 3 ) GLOBAL_UNCERTAINTY_ASSIGNED_CONTEXT ( ( #8293 ) ) GLOBAL_UNIT_ASSIGNED_CONTEXT ( ( #8383, #5226, #4528 ) ) REPRESENTATION_CONTEXT ( 'NONE', 'WORKASPACE' ) );
#6976 = COLOUR_RGB ( '',1.000000000000000000, 1.000000000000000000, 1.000000000000000000 ) ;
#6977 =( GEOMETRIC_REPRESENTATION_CONTEXT ( 3 ) GLOBAL_UNCERTAINTY_ASSIGNED_CONTEXT ( ( #6827 ) ) GLOBAL_UNIT_ASSIGNED_CONTEXT ( ( #4072, #1027, #4812 ) ) REPRESENTATION_CONTEXT ( 'NONE', 'WORKASPACE' ) );
#6978 = DIRECTION ( 'NONE',  ( 0.0000000000000000000, 0.0000000000000000000, -1.000000000000000000 ) ) ;
#6979 = CARTESIAN_POINT ( 'NONE',  ( 8.000000000000000000, 1.000000000000000000, -13.00000000000000000 ) ) ;
#6980 = CARTESIAN_POINT ( 'NONE',  ( 1.767464374128416200, 4.510000000000000700, -2.625124330698707500 ) ) ;
#6981 =( GEOMETRIC_REPRESENTATION_CONTEXT ( 3 ) GLOBAL_UNCERTAINTY_ASSIGNED_CONTEXT ( ( #2831 ) ) GLOBAL_UNIT_ASSIGNED_CONTEXT ( ( #3241, #4044, #965 ) ) REPRESENTATION_CONTEXT ( 'NONE', 'WORKASPACE' ) );
#6982 = CARTESIAN_POINT ( 'NONE',  ( 7.155857049851190000, 4.500000000000001800, -2.554729299710066600 ) ) ;
#6983 = ORIENTED_EDGE ( 'NONE', *, *, #449, .F. ) ;
#6984 = SURFACE_SIDE_STYLE ('',( #4434 ) ) ;
#6985 = DIRECTION ( 'NONE',  ( 0.2582330317988716900, 0.0000000000000000000, -0.9660826575857590600 ) ) ;
#6986 = CARTESIAN_POINT ( 'NONE',  ( 4.821276487980102700, 4.500000000000000900, -2.537391382096841200 ) ) ;
#6987 = EDGE_LOOP ( 'NONE', ( #2800, #8466, #7130, #4832, #3157, #3797, #3336, #1882, #3439 ) ) ;
#6988 = ORIENTED_EDGE ( 'NONE', *, *, #5589, .F. ) ;
#6989 = CARTESIAN_POINT ( 'NONE',  ( 6.632056859210994300, 4.499999999999999100, -1.570486415845414200 ) ) ;
#6990 = EDGE_CURVE ( 'NONE', #4384, #5582, #7769, .T. ) ;
#6991 = ORIENTED_EDGE ( 'NONE', *, *, #8185, .T. ) ;
#6992 = CARTESIAN_POINT ( 'NONE',  ( 6.694216960315421800, 4.500000000000000900, -1.851023680273757400 ) ) ;
#6993 = DIRECTION ( 'NONE',  ( 0.0000000000000000000, 0.0000000000000000000, 1.000000000000000000 ) ) ;
#6994 = VECTOR ( 'NONE', #5873, 1000.000000000000000 ) ;
#6995 = CARTESIAN_POINT ( 'NONE',  ( 5.159765974952541100, 4.500000000000000900, -1.014414131091090800 ) ) ;
#6996 = ORIENTED_EDGE ( 'NONE', *, *, #5006, .T. ) ;
#6997 = CARTESIAN_POINT ( 'NONE',  ( 1.889641331271527200, 4.500000000000000900, -0.9770401771116777900 ) ) ;
#6998 = CARTESIAN_POINT ( 'NONE',  ( 5.116505883472482800, 4.500000000000003600, -2.287051556701787700 ) ) ;
#6999 = ORIENTED_EDGE ( 'NONE', *, *, #8749, .F. ) ;
#7000 = CARTESIAN_POINT ( 'NONE',  ( 3.013934435395391600, 4.510000000000000700, -1.429774628317754100 ) ) ;
#7001 = CARTESIAN_POINT ( 'NONE',  ( 6.955962542042547300, 4.500000000000001800, -2.422261316552464500 ) ) ;
#7002 = DIRECTION ( 'NONE',  ( 0.0000000000000000000, -1.000000000000000000, 4.336808689942025600E-016 ) ) ;
#7003 = FACE_OUTER_BOUND ( 'NONE', #9845, .T. ) ;
#7004 = FILL_AREA_STYLE ('',( #8485 ) ) ;
#7005 = VERTEX_POINT ( 'NONE', #1536 ) ;
#7006 = CARTESIAN_POINT ( 'NONE',  ( 4.958021472749254400, 4.500000000000000900, -1.008570445543400100 ) ) ;
#7007 = DIRECTION ( 'NONE',  ( -1.000000000000000000, 0.0000000000000000000, 0.0000000000000000000 ) ) ;
#7008 = CARTESIAN_POINT ( 'NONE',  ( 0.6809108189174105700, 4.500000000000000900, -1.005728241767358500 ) ) ;
#7009 = SURFACE_STYLE_USAGE ( .BOTH. , #8427 ) ;
#7010 = EDGE_LOOP ( 'NONE', ( #5942, #1423 ) ) ;
#7011 =( NAMED_UNIT ( * ) PLANE_ANGLE_UNIT ( ) SI_UNIT ( $, .RADIAN. ) );
#7012 = SURFACE_SIDE_STYLE ('',( #1413 ) ) ;
#7013 = LINE ( 'NONE', #8737, #4366 ) ;
#7014 = B_SPLINE_CURVE_WITH_KNOTS ( 'NONE', 3,
 ( #4823, #7875, #3279, #4019, #937, #4085, #1779, #1704, #2466, #4691, #9302, #7907, #8609, #5467, #129, #3213, #262, #1673, #7071 ),
 .UNSPECIFIED., .F., .F.,
 ( 4, 1, 1, 1, 1, 1, 1, 1, 1, 1, 1, 1, 1, 1, 1, 1, 4 ),
 ( 0.0000000000000000000, 0.05884865939375230600, 0.1149486670466061400, 0.1682268267020931600, 0.2196871817214319800, 0.2705630705612188100, 0.3215331035239645800, 0.3731440702168840100, 0.4272006754271571700, 0.4841087328651387200, 0.5436669024452982500, 0.6079870225141677000, 0.6763270848431238700, 0.7492158575253496900, 0.8274959300652161600, 0.9107835688917304000, 1.000000000000000000 ),
 .UNSPECIFIED. ) ;
#7015 = CARTESIAN_POINT ( 'NONE',  ( 7.111560244248016400, 4.510000000000000700, -2.548604635120392400 ) ) ;
#7016 = MECHANICAL_DESIGN_GEOMETRIC_PRESENTATION_REPRESENTATION (  '', ( #986 ), #7157 ) ;
#7017 = ORIENTED_EDGE ( 'NONE', *, *, #9095, .F. ) ;
#7018 = CARTESIAN_POINT ( 'NONE',  ( 6.723842075892855900, 4.509999999999999800, -0.9176199247100669300 ) ) ;
#7019 = CARTESIAN_POINT ( 'NONE',  ( 2.989592343284969400, 4.500000000000000900, -2.190927216376733300 ) ) ;
#7020 =( NAMED_UNIT ( * ) SI_UNIT ( $, .STERADIAN. ) SOLID_ANGLE_UNIT ( ) );
#7021 = SURFACE_STYLE_FILL_AREA ( #8447 ) ;
#7022 = ORIENTED_EDGE ( 'NONE', *, *, #8414, .F. ) ;
#7023 = CARTESIAN_POINT ( 'NONE',  ( 3.891588091979859800, 4.509999999999998900, -1.536267157812387400 ) ) ;
#7024 = CARTESIAN_POINT ( 'NONE',  ( 1.878752068428788600, 4.500000000000001800, -1.240568788840435500 ) ) ;
#7025 = EDGE_CURVE ( 'NONE', #3548, #3369, #585, .T. ) ;
#7026 = SURFACE_STYLE_FILL_AREA ( #8242 ) ;
#7027 = CARTESIAN_POINT ( 'NONE',  ( 6.404322768094668400, 4.510000000000000700, -2.191770001969794500 ) ) ;
#7028 = ORIENTED_EDGE ( 'NONE', *, *, #1624, .F. ) ;
#7029 = EDGE_LOOP ( 'NONE', ( #6498, #1872, #7772, #8783 ) ) ;
#7030 = DIRECTION ( 'NONE',  ( -0.0000000000000000000, -0.0000000000000000000, -1.000000000000000000 ) ) ;
#7031 = VERTEX_POINT ( 'NONE', #2385 ) ;
#7032 = FILL_AREA_STYLE_COLOUR ( '', #8784 ) ;
#7033 =( NAMED_UNIT ( * ) PLANE_ANGLE_UNIT ( ) SI_UNIT ( $, .RADIAN. ) );
#7034 = CARTESIAN_POINT ( 'NONE',  ( 5.314109002976188400, 4.500000000000001800, -2.376888549152031100 ) ) ;
#7035 =( LENGTH_UNIT ( ) NAMED_UNIT ( * ) SI_UNIT ( .MILLI., .METRE. ) );
#7036 = CARTESIAN_POINT ( 'NONE',  ( 4.392016892206099100, 4.500000000000002700, -2.373640316265126100 ) ) ;
#7037 = CARTESIAN_POINT ( 'NONE',  ( 5.182555571056547600, 4.500000000000000900, -1.070692899505453900 ) ) ;
#7038 =( NAMED_UNIT ( * ) PLANE_ANGLE_UNIT ( ) SI_UNIT ( $, .RADIAN. ) );
#7039 = ORIENTED_EDGE ( 'NONE', *, *, #9797, .T. ) ;
#7040 = AXIS2_PLACEMENT_3D ( 'NONE', #3069, #3850, #3161 ) ;
#7041 = ADVANCED_FACE ( 'NONE', ( #4405 ), #4686, .T. ) ;
#7042 = SURFACE_STYLE_USAGE ( .BOTH. , #1679 ) ;
#7043 = PRESENTATION_LAYER_ASSIGNMENT (  '', '', ( #5475 ) ) ;
#7044 = DIRECTION ( 'NONE',  ( 1.000000000000000000, -0.0000000000000000000, 0.0000000000000000000 ) ) ;
#7045 = SURFACE_STYLE_USAGE ( .BOTH. , #7081 ) ;
#7046 = VERTEX_POINT ( 'NONE', #6214 ) ;
#7047 = CARTESIAN_POINT ( 'NONE',  ( 6.065984516788474500, 4.500000000000000900, -1.077106416611775000 ) ) ;
#7048 = LINE ( 'NONE', #6979, #5707 ) ;
#7049 = SURFACE_STYLE_USAGE ( .BOTH. , #8458 ) ;
#7050 = FILL_AREA_STYLE ('',( #1686 ) ) ;
#7051 = CARTESIAN_POINT ( 'NONE',  ( 6.595793027778753100, 4.500000000000001800, -0.9446731299589044000 ) ) ;
#7052 = ORIENTED_EDGE ( 'NONE', *, *, #4255, .F. ) ;
#7053 = VECTOR ( 'NONE', #636, 1000.000000000000000 ) ;
#7054 =( GEOMETRIC_REPRESENTATION_CONTEXT ( 3 ) GLOBAL_UNCERTAINTY_ASSIGNED_CONTEXT ( ( #6213 ) ) GLOBAL_UNIT_ASSIGNED_CONTEXT ( ( #8011, #4187, #3423 ) ) REPRESENTATION_CONTEXT ( 'NONE', 'WORKASPACE' ) );
#7055 = ORIENTED_EDGE ( 'NONE', *, *, #5178, .F. ) ;
#7056 = EDGE_LOOP ( 'NONE', ( #7039, #7184, #1713, #3026 ) ) ;
#7057 = EDGE_CURVE ( 'NONE', #8521, #6055, #5464, .T. ) ;
#7058 = CARTESIAN_POINT ( 'NONE',  ( 2.493825040044810300, 4.509999999999999800, -1.269522511940499400 ) ) ;
#7059 = STYLED_ITEM ( 'NONE', ( #9153 ), #2664 ) ;
#7060 = CARTESIAN_POINT ( 'NONE',  ( 7.204580543154761200, 4.509999999999999800, -2.736630341376733000 ) ) ;
#7061 = CARTESIAN_POINT ( 'NONE',  ( 4.669648281844977200, 4.509999999999999800, -2.439531113327624700 ) ) ;
#7062 = CARTESIAN_POINT ( 'NONE',  ( 4.041578246799151200, 4.509999999999999800, -1.057356331956339700 ) ) ;
#7063 = CARTESIAN_POINT ( 'NONE',  ( 2.022636044890848700, 4.500000000000000000, -1.117325397685895700 ) ) ;
#7064 = PRESENTATION_STYLE_ASSIGNMENT (( #9444 ) ) ;
#7065 = CARTESIAN_POINT ( 'NONE',  ( 6.444055796865916900, 4.509999999999999800, -2.361425980753538000 ) ) ;
#7066 = FILL_AREA_STYLE ('',( #2423 ) ) ;
#7067 = VECTOR ( 'NONE', #1831, 1000.000000000000000 ) ;
#7068 = CARTESIAN_POINT ( 'NONE',  ( 2.987087533816250600, 4.500000000000000000, -2.391882215198212900 ) ) ;
#7069 = CARTESIAN_POINT ( 'NONE',  ( 5.029727901015373700, 4.500000000000002700, -2.148605785864427200 ) ) ;
#7070 = EDGE_CURVE ( 'NONE', #4384, #6009, #3102, .T. ) ;
#7071 = CARTESIAN_POINT ( 'NONE',  ( 7.496921502976189100, 4.509999999999999800, -2.294464639646822700 ) ) ;
#7072 = FILL_AREA_STYLE_COLOUR ( '', #6801 ) ;
#7073 = ORIENTED_EDGE ( 'NONE', *, *, #386, .F. ) ;
#7074 = CARTESIAN_POINT ( 'NONE',  ( 7.155857049851190000, 4.500000000000000900, -2.554729299710066600 ) ) ;
#7075 = CARTESIAN_POINT ( 'NONE',  ( 5.164604246405407800, 4.509999999999998000, -1.042164952054618800 ) ) ;
#7076 = UNCERTAINTY_MEASURE_WITH_UNIT (LENGTH_MEASURE( 1.000000000000000100E-005 ), #1038, 'distance_accuracy_value', 'NONE');
#7077 = PLANE ( 'NONE',  #5105 ) ;
#7078 = LINE ( 'NONE', #1209, #5136 ) ;
#7079 = CARTESIAN_POINT ( 'NONE',  ( 0.6546258531004134400, 4.510000000000001600, -2.606462916124225900 ) ) ;
#7080 = CARTESIAN_POINT ( 'NONE',  ( 0.8292786148693864800, 4.509999999999998900, -0.9332871698254021600 ) ) ;
#7081 = SURFACE_SIDE_STYLE ('',( #3700 ) ) ;
#7082 = CARTESIAN_POINT ( 'NONE',  ( 6.076805576540865100, 4.500000000000000900, -1.064356071063501400 ) ) ;
#7083 = VECTOR ( 'NONE', #2406, 999.9999999999998900 ) ;
#7084 =( GEOMETRIC_REPRESENTATION_CONTEXT ( 3 ) GLOBAL_UNCERTAINTY_ASSIGNED_CONTEXT ( ( #688 ) ) GLOBAL_UNIT_ASSIGNED_CONTEXT ( ( #6233, #7011, #4636 ) ) REPRESENTATION_CONTEXT ( 'NONE', 'WORKASPACE' ) );
#7085 = ORIENTED_EDGE ( 'NONE', *, *, #6583, .F. ) ;
#7086 = SURFACE_STYLE_USAGE ( .BOTH. , #1721 ) ;
#7087 = CARTESIAN_POINT ( 'NONE',  ( 5.029727901015373700, 4.509999999999998900, -2.148605785864427200 ) ) ;
#7088 = CARTESIAN_POINT ( 'NONE',  ( 6.471607726251139800, 4.500000000000000000, -1.090300694841062500 ) ) ;
#7089 = FACE_OUTER_BOUND ( 'NONE', #5941, .T. ) ;
#7090 = UNCERTAINTY_MEASURE_WITH_UNIT (LENGTH_MEASURE( 1.000000000000000100E-005 ), #6, 'distance_accuracy_value', 'NONE');
#7091 = EDGE_CURVE ( 'NONE', #3715, #6619, #6932, .T. ) ;
#7092 =( NAMED_UNIT ( * ) PLANE_ANGLE_UNIT ( ) SI_UNIT ( $, .RADIAN. ) );
#7093 = CARTESIAN_POINT ( 'NONE',  ( 0.7401910691034224700, 4.500000000000000900, -2.736630341376733000 ) ) ;
#7094 = ADVANCED_FACE ( 'NONE', ( #9054 ), #9330, .T. ) ;
#7095 = ORIENTED_EDGE ( 'NONE', *, *, #154, .T. ) ;
#7096 = CARTESIAN_POINT ( 'NONE',  ( 1.671215820312499600, 4.500000000000000900, -1.463323049710066900 ) ) ;
#7097 = DIRECTION ( 'NONE',  ( 0.0000000000000000000, -1.000000000000000000, 4.336808689942025100E-016 ) ) ;
#7098 = CARTESIAN_POINT ( 'NONE',  ( 4.400000000000003000, 2.990000000000000200, 5.799999999999983800 ) ) ;
#7099 = CARTESIAN_POINT ( 'NONE',  ( 7.204580543154761200, 4.500000000000000900, -2.736630341376733000 ) ) ;
#7100 = CARTESIAN_POINT ( 'NONE',  ( 6.613402157738094400, 4.500000000000002700, -1.361409742883430000 ) ) ;
#7101 = PRESENTATION_LAYER_ASSIGNMENT (  '', '', ( #616 ) ) ;
#7102 = ORIENTED_EDGE ( 'NONE', *, *, #5077, .T. ) ;
#7103 = DIRECTION ( 'NONE',  ( -1.000000000000000000, -0.0000000000000000000, -0.0000000000000000000 ) ) ;
#7104 = CARTESIAN_POINT ( 'NONE',  ( 6.688997728949046500, 4.509999999999998900, -0.9183749874644192600 ) ) ;
#7105 = EDGE_CURVE ( 'NONE', #7356, #314, #9770, .T. ) ;
#7106 = DIRECTION ( 'NONE',  ( -0.0000000000000000000, -1.000000000000000000, -0.0000000000000000000 ) ) ;
#7107 = CARTESIAN_POINT ( 'NONE',  ( 1.671215820312499600, 4.509999999999999800, -1.463323049710066900 ) ) ;
#7108 = CARTESIAN_POINT ( 'NONE',  ( 6.540000000000004500, 1.740000000000000000, 5.999999999999984000 ) ) ;
#7109 = CARTESIAN_POINT ( 'NONE',  ( 4.393126860956336100, 4.500000000000001800, -2.384079172309085900 ) ) ;
#7110 = DIRECTION ( 'NONE',  ( 2.891205793294686200E-016, 0.0000000000000000000, -1.000000000000000000 ) ) ;
#7111 = CIRCLE ( 'NONE', #6846, 1.250000000000000200 ) ;
#7112 = DIRECTION ( 'NONE',  ( 0.0000000000000000000, -1.000000000000000000, 0.0000000000000000000 ) ) ;
#7113 = CARTESIAN_POINT ( 'NONE',  ( 0.0000000000000000000, 0.0000000000000000000, 0.0000000000000000000 ) ) ;
#7114 = CARTESIAN_POINT ( 'NONE',  ( 2.493825040044810300, 4.500000000000000900, -1.269522511940499400 ) ) ;
#7115 = ORIENTED_EDGE ( 'NONE', *, *, #1360, .F. ) ;
#7116 = CARTESIAN_POINT ( 'NONE',  ( 6.694216960315421800, 4.509999999999999800, -1.851023680273757400 ) ) ;
#7117 = CARTESIAN_POINT ( 'NONE',  ( 6.640391139513180700, 4.509999999999999800, -2.231543213593283300 ) ) ;
#7118 = STYLED_ITEM ( 'NONE', ( #7185 ), #8814 ) ;
#7119 = LINE ( 'NONE', #644, #4921 ) ;
#7120 = CARTESIAN_POINT ( 'NONE',  ( 6.088309927966401200, 4.509999999999999800, -1.015785249883067700 ) ) ;
#7121 = CARTESIAN_POINT ( 'NONE',  ( 1.716695000891258500, 4.500000000000001800, -2.559454679426736300 ) ) ;
#7122 = MECHANICAL_DESIGN_GEOMETRIC_PRESENTATION_REPRESENTATION (  '', ( #6209 ), #6065 ) ;
#7123 = ORIENTED_EDGE ( 'NONE', *, *, #2799, .T. ) ;
#7124 = EDGE_LOOP ( 'NONE', ( #1141, #3979, #3687, #8120 ) ) ;
#7125 = CARTESIAN_POINT ( 'NONE',  ( 7.254418070401730900, 4.500000000000000900, -2.518352813666370400 ) ) ;
#7126 = CARTESIAN_POINT ( 'NONE',  ( 1.859207298642112600, 4.500000000000000900, -1.463323049710066900 ) ) ;
#7127 = SURFACE_SIDE_STYLE ('',( #9827 ) ) ;
#7128 = ORIENTED_EDGE ( 'NONE', *, *, #8206, .T. ) ;
#7129 = EDGE_CURVE ( 'NONE', #4158, #8964, #9236, .T. ) ;
#7130 = ORIENTED_EDGE ( 'NONE', *, *, #3204, .F. ) ;
#7131 = B_SPLINE_CURVE_WITH_KNOTS ( 'NONE', 3,
 ( #5786, #5852, #1333, #1225, #7458, #6573, #4297, #480, #5817, #1260, #3641 ),
 .UNSPECIFIED., .F., .F.,
 ( 4, 1, 1, 1, 1, 1, 1, 1, 4 ),
 ( 0.0000000000000000000, 0.1436409104313115200, 0.2740735383166318900, 0.3888763523592629300, 0.4987022707778766600, 0.6085281891964934300, 0.7258537232309721900, 0.8536058418296564900, 1.000000000000000000 ),
 .UNSPECIFIED. ) ;
#7132 = CARTESIAN_POINT ( 'NONE',  ( 2.651951591901908800, 4.510000000000000700, -1.169746037949487500 ) ) ;
#7133 = SURFACE_SIDE_STYLE ('',( #2398 ) ) ;
#7134 = CARTESIAN_POINT ( 'NONE',  ( 6.256158649691046800, 4.500000000000001800, -2.315811436865796900 ) ) ;
#7135 = CARTESIAN_POINT ( 'NONE',  ( 7.163376300868517200, 4.510000000000000700, -1.598685807076384300 ) ) ;
#7136 =( NAMED_UNIT ( * ) SI_UNIT ( $, .STERADIAN. ) SOLID_ANGLE_UNIT ( ) );
#7137 = CARTESIAN_POINT ( 'NONE',  ( 5.094633847982404300, 4.500000000000001800, -2.712692906538341800 ) ) ;
#7138 = ORIENTED_EDGE ( 'NONE', *, *, #1057, .T. ) ;
#7139 = PLANE ( 'NONE',  #277 ) ;
#7140 = FILL_AREA_STYLE_COLOUR ( '', #4476 ) ;
#7141 = CARTESIAN_POINT ( 'NONE',  ( 3.942671227148741000, 4.510000000000001600, -1.471055787771994700 ) ) ;
#7142 = ADVANCED_FACE ( 'NONE', ( #7760 ), #1029, .T. ) ;
#7143 = CLOSED_SHELL ( 'NONE', ( #2449, #8847, #6271, #7094, #643, #9412, #2812, #1305, #6367, #2715, #1859, #597, #8900, #2952, #350, #2664, #2506, #7844, #399, #7242, #8041, #7193, #9507, #2106, #1253, #5002, #1908, #8269, #5102, #4358, #3724, #4071, #4796, #9048, #1010, #2699, #1161, #7273, #6566, #301, #5053, #4024, #7989, #8572, #7433, #2618, #8914, #8088, #1320, #8178, #4943, #3473, #9309, #3617, #3424, #3219, #4396, #6424, #7531, #1264, #2869, #5091, #1766, #1950, #8814, #9458, #8858, #1712, #3368, #9358, #6719, #2048, #4217, #6764, #9610, #6508, #5756, #9694, #4696, #7336, #7791, #5041, #4124, #3578, #7390, #5509, #3978, #1407, #4320, #8759, #4847, #4902, #8714, #3629, #7938, #7898, #9764, #6576, #6681, #5958, #9558, #7142, #1212, #5616, #452, #4347, #2906, #7041, #502, #2008, #2853, #552, #7445, #1993, #8614, #3322, #6324, #5149, #1112, #3530, #956, #9751, #9708, #7494, #6669, #4171, #2558, #2914, #3464, #4441, #1813, #5795, #6527, #6477, #9662, #8190, #8133, #8145, #5996, #8963, #3269, #204, #5807, #5185, #7283, #5557, #1371, #5708, #6627, #908, #4746, #5659, #249, #8231, #5856, #2758, #8661, #146, #1149, #8029, #1063, #1358, #9804, #2057, #538 ) ) ;
#7144 = DIRECTION ( 'NONE',  ( -1.000000000000000000, -0.0000000000000000000, -0.0000000000000000000 ) ) ;
#7145 = UNCERTAINTY_MEASURE_WITH_UNIT (LENGTH_MEASURE( 1.000000000000000100E-005 ), #8660, 'distance_accuracy_value', 'NONE');
#7146 = LINE ( 'NONE', #6662, #4843 ) ;
#7147 = CARTESIAN_POINT ( 'NONE',  ( 5.790000000000003600, 2.990000000000000200, 1.999999999999984500 ) ) ;
#7148 = CARTESIAN_POINT ( 'NONE',  ( 6.604892131617579500, 4.509999999999998900, -2.151848599083205500 ) ) ;
#7149 = B_SPLINE_SURFACE_WITH_KNOTS ( 'NONE', 3, 1, ( 
 ( #5746, #7340 ),
 ( #8818, #4190 ),
 ( #5710, #2684 ),
 ( #8781, #6941 ),
 ( #2476, #7848 ),
 ( #2341, #842 ),
 ( #5440, #4667 ) ),
 .UNSPECIFIED., .F., .F., .F.,
 ( 4, 1, 1, 1, 4 ),
 ( 2, 2 ),
 ( 0.0000000000000000000, 0.2717271386774248700, 0.5047564260883127300, 0.7407639243545047800, 1.000000000000000000 ),
 ( 0.0000000000000000000, 1.000000000000000000 ),
 .UNSPECIFIED. ) ;
#7150 = EDGE_CURVE ( 'NONE', #3945, #4130, #9674, .T. ) ;
#7151 = ORIENTED_EDGE ( 'NONE', *, *, #8448, .F. ) ;
#7152 = ORIENTED_EDGE ( 'NONE', *, *, #9752, .T. ) ;
#7153 = SURFACE_STYLE_USAGE ( .BOTH. , #4804 ) ;
#7154 = VECTOR ( 'NONE', #918, 1000.000000000000000 ) ;
#7155 = FACE_OUTER_BOUND ( 'NONE', #3016, .T. ) ;
#7156 = ORIENTED_EDGE ( 'NONE', *, *, #8960, .F. ) ;
#7157 =( GEOMETRIC_REPRESENTATION_CONTEXT ( 3 ) GLOBAL_UNCERTAINTY_ASSIGNED_CONTEXT ( ( #4773 ) ) GLOBAL_UNIT_ASSIGNED_CONTEXT ( ( #1888, #7255, #8728 ) ) REPRESENTATION_CONTEXT ( 'NONE', 'WORKASPACE' ) );
#7158 = CARTESIAN_POINT ( 'NONE',  ( 4.957744004306476000, 4.509999999999998900, -1.029296115152946500 ) ) ;
#7159 =( LENGTH_UNIT ( ) NAMED_UNIT ( * ) SI_UNIT ( .MILLI., .METRE. ) );
#7160 = SURFACE_STYLE_FILL_AREA ( #580 ) ;
#7161 = EDGE_LOOP ( 'NONE', ( #6532, #1318, #4817, #6468, #2012, #2546, #2359, #9050, #2344, #4032, #9869, #7471, #2563, #9032, #327, #5441, #6621, #2014, #7291, #309 ) ) ;
#7162 = CARTESIAN_POINT ( 'NONE',  ( 6.900870992213787900, 4.500000000000005300, -2.620558828072076600 ) ) ;
#7163 = STYLED_ITEM ( 'NONE', ( #1389 ), #3368 ) ;
#7164 = CARTESIAN_POINT ( 'NONE',  ( 3.937764226140070300, 4.509999999999998900, -1.489723548288325500 ) ) ;
#7165 = CARTESIAN_POINT ( 'NONE',  ( 2.135713123139880000, 4.509999999999999800, -1.099520966376733600 ) ) ;
#7166 = EDGE_CURVE ( 'NONE', #7837, #5093, #5699, .T. ) ;
#7167 = CARTESIAN_POINT ( 'NONE',  ( 2.770956207085554500, 4.509999999999999800, -1.380725642570658000 ) ) ;
#7168 = CARTESIAN_POINT ( 'NONE',  ( 6.088406517392113100, 4.500000000000000900, -1.008570445543400100 ) ) ;
#7169 = PRESENTATION_STYLE_ASSIGNMENT (( #7045 ) ) ;
#7170 = CARTESIAN_POINT ( 'NONE',  ( 6.712043602653407600, 4.500000000000002700, -0.9178755928021017400 ) ) ;
#7171 = FILL_AREA_STYLE ('',( #4821 ) ) ;
#7172 = CARTESIAN_POINT ( 'NONE',  ( 5.159798286306853200, 4.509999999999999800, -0.9880149556987065700 ) ) ;
#7173 = ORIENTED_EDGE ( 'NONE', *, *, #2848, .T. ) ;
#7174 = CARTESIAN_POINT ( 'NONE',  ( 1.872606259300594500, 4.509999999999999800, -0.9878629608893823000 ) ) ;
#7175 = DIRECTION ( 'NONE',  ( -0.0000000000000000000, -1.000000000000000000, -0.0000000000000000000 ) ) ;
#7176 = ORIENTED_EDGE ( 'NONE', *, *, #8568, .F. ) ;
#7177 = PRESENTATION_LAYER_ASSIGNMENT (  '', '', ( #6651 ) ) ;
#7178 = CARTESIAN_POINT ( 'NONE',  ( 1.662388068842455700, 4.500000000000000900, -1.318163482251132300 ) ) ;
#7179 = CARTESIAN_POINT ( 'NONE',  ( 4.400000000000003000, 2.990000000000000200, 5.999999999999976900 ) ) ;
#7180 = FILL_AREA_STYLE ('',( #8684 ) ) ;
#7181 = CARTESIAN_POINT ( 'NONE',  ( 4.048610074537859500, 4.510000000000000700, -1.066209992267790300 ) ) ;
#7182 = FILL_AREA_STYLE ('',( #6391 ) ) ;
#7183 = CARTESIAN_POINT ( 'NONE',  ( 7.083776495382753800, 4.509999999999999800, -2.720981008304916800 ) ) ;
#7184 = ORIENTED_EDGE ( 'NONE', *, *, #7787, .T. ) ;
#7185 = PRESENTATION_STYLE_ASSIGNMENT (( #9331 ) ) ;
#7186 = SURFACE_STYLE_FILL_AREA ( #8338 ) ;
#7187 = ORIENTED_EDGE ( 'NONE', *, *, #1388, .T. ) ;
#7188 = EDGE_CURVE ( 'NONE', #4042, #6807, #1422, .T. ) ;
#7189 =( NAMED_UNIT ( * ) PLANE_ANGLE_UNIT ( ) SI_UNIT ( $, .RADIAN. ) );
#7190 = PRESENTATION_LAYER_ASSIGNMENT (  '', '', ( #9917 ) ) ;
#7191 = FILL_AREA_STYLE_COLOUR ( '', #8768 ) ;
#7192 = CARTESIAN_POINT ( 'NONE',  ( 7.314729139268875400, 4.509999999999999800, -2.277001929904150400 ) ) ;
#7193 = ADVANCED_FACE ( 'NONE', ( #459 ), #8794, .F. ) ;
#7194 = SURFACE_STYLE_USAGE ( .BOTH. , #7127 ) ;
#7195 = CARTESIAN_POINT ( 'NONE',  ( 2.135713123139880000, 4.500000000000000900, -1.099520966376733600 ) ) ;
#7196 = LINE ( 'NONE', #2965, #6345 ) ;
#7197 = DIRECTION ( 'NONE',  ( -0.0000000000000000000, -1.000000000000000000, -0.0000000000000000000 ) ) ;
#7198 = ORIENTED_EDGE ( 'NONE', *, *, #3400, .T. ) ;
#7199 = B_SPLINE_CURVE_WITH_KNOTS ( 'NONE', 3,
 ( #556, #5152, #1338, #8251, #8160, #6683, #5860, #487, #4391, #4333, #8192 ),
 .UNSPECIFIED., .F., .F.,
 ( 4, 1, 1, 1, 1, 1, 1, 1, 4 ),
 ( 0.0000000000000000000, 0.1219780729151987700, 0.2401332559370389600, 0.3567875635310757700, 0.4744148235189550300, 0.5947232046834967100, 0.7213330141841428600, 0.8556385647990115700, 1.000000000000000000 ),
 .UNSPECIFIED. ) ;
#7200 =( NAMED_UNIT ( * ) SI_UNIT ( $, .STERADIAN. ) SOLID_ANGLE_UNIT ( ) );
#7201 = PRESENTATION_STYLE_ASSIGNMENT (( #8626 ) ) ;
#7202 = SURFACE_SIDE_STYLE ('',( #3430 ) ) ;
#7203 = SURFACE_SIDE_STYLE ('',( #9380 ) ) ;
#7204 = SURFACE_STYLE_USAGE ( .BOTH. , #5701 ) ;
#7205 =( NAMED_UNIT ( * ) PLANE_ANGLE_UNIT ( ) SI_UNIT ( $, .RADIAN. ) );
#7206 = SURFACE_SIDE_STYLE ('',( #5833 ) ) ;
#7207 = DIRECTION ( 'NONE',  ( 0.0000000000000000000, -1.000000000000000000, 4.336808689942025600E-016 ) ) ;
#7208 = CARTESIAN_POINT ( 'NONE',  ( 4.549556187220980900, 4.500000000000000900, -2.315984182522566700 ) ) ;
#7209 = CARTESIAN_POINT ( 'NONE',  ( 4.520338463158515700, 4.509999999999999800, -2.290491966352345500 ) ) ;
#7210 = ORIENTED_EDGE ( 'NONE', *, *, #5750, .F. ) ;
#7211 = CARTESIAN_POINT ( 'NONE',  ( 2.507229759579612200, 4.509999999999999800, -1.284264211819442100 ) ) ;
#7212 = CARTESIAN_POINT ( 'NONE',  ( 2.008013488620570700, 4.510000000000001600, -2.484815779787112400 ) ) ;
#7213 = B_SPLINE_SURFACE_WITH_KNOTS ( 'NONE', 3, 1, ( 
 ( #4026, #207 ),
 ( #8649, #238 ),
 ( #1648, #5545 ),
 ( #6328, #8522 ),
 ( #9416, #1752 ),
 ( #7116, #4801 ),
 ( #5620, #5586 ) ),
 .UNSPECIFIED., .F., .F., .F.,
 ( 4, 1, 1, 1, 4 ),
 ( 2, 2 ),
 ( 0.0000000000000000000, 0.2750033103974506300, 0.5315097954157082000, 0.7746017486674372500, 0.9999999999999998900 ),
 ( 0.0000000000000000000, 1.000000000000000000 ),
 .UNSPECIFIED. ) ;
#7214 = AXIS2_PLACEMENT_3D ( 'NONE', #656, #6777, #8306 ) ;
#7215 = CARTESIAN_POINT ( 'NONE',  ( 1.909657568337643300, 4.500000000000000900, -1.196007067462094400 ) ) ;
#7216 = ORIENTED_EDGE ( 'NONE', *, *, #8095, .F. ) ;
#7217 = COLOUR_RGB ( '',1.000000000000000000, 1.000000000000000000, 1.000000000000000000 ) ;
#7218 = EDGE_CURVE ( 'NONE', #6194, #5461, #6432, .T. ) ;
#7219 = UNCERTAINTY_MEASURE_WITH_UNIT (LENGTH_MEASURE( 1.000000000000000100E-005 ), #2757, 'distance_accuracy_value', 'NONE');
#7220 =( LENGTH_UNIT ( ) NAMED_UNIT ( * ) SI_UNIT ( .MILLI., .METRE. ) );
#7221 = DIRECTION ( 'NONE',  ( 1.000000000000000000, 0.0000000000000000000, 0.0000000000000000000 ) ) ;
#7222 = CARTESIAN_POINT ( 'NONE',  ( 7.273045327373640000, 4.500000000000000900, -1.961135697238186600 ) ) ;
#7223 = CARTESIAN_POINT ( 'NONE',  ( 6.970921810634038700, 4.500000000000005300, -2.671709991107279200 ) ) ;
#7224 = ORIENTED_EDGE ( 'NONE', *, *, #5519, .F. ) ;
#7225 = SURFACE_STYLE_USAGE ( .BOTH. , #3476 ) ;
#7226 = CARTESIAN_POINT ( 'NONE',  ( 0.0000000000000000000, 4.500000000000000900, 0.0000000000000000000 ) ) ;
#7227 = B_SPLINE_SURFACE_WITH_KNOTS ( 'NONE', 3, 1, ( 
 ( #8357, #8322 ),
 ( #3789, #4499 ),
 ( #6036, #9914 ),
 ( #5324, #1567 ),
 ( #5358, #765 ),
 ( #3074, #4585 ),
 ( #6106, #3855 ) ),
 .UNSPECIFIED., .F., .F., .F.,
 ( 4, 1, 1, 1, 4 ),
 ( 2, 2 ),
 ( 0.0000000000000000000, 0.2483179281435874100, 0.4947167839755666800, 0.7439842376202708800, 1.000000000000000000 ),
 ( 0.0000000000000000000, 1.000000000000000000 ),
 .UNSPECIFIED. ) ;
#7228 = FACE_OUTER_BOUND ( 'NONE', #866, .T. ) ;
#7229 = CARTESIAN_POINT ( 'NONE',  ( 2.402880278087797400, 4.509999999999999800, -0.9838026697807514800 ) ) ;
#7230 = AXIS2_PLACEMENT_3D ( 'NONE', #5244, #4426, #9730 ) ;
#7231 = PRESENTATION_LAYER_ASSIGNMENT (  '', '', ( #8250 ) ) ;
#7232 = CARTESIAN_POINT ( 'NONE',  ( 6.449192394797800700, 4.500000000000002700, -1.166510598833230900 ) ) ;
#7233 = CARTESIAN_POINT ( 'NONE',  ( 3.859452570610312000, 4.500000000000000900, -1.359749652173699400 ) ) ;
#7234 = CARTESIAN_POINT ( 'NONE',  ( 4.657965959821427600, 4.509999999999999800, -2.429672333564233600 ) ) ;
#7235 = VERTEX_POINT ( 'NONE', #1096 ) ;
#7236 = SURFACE_SIDE_STYLE ('',( #7567 ) ) ;
#7237 =( NAMED_UNIT ( * ) SI_UNIT ( $, .STERADIAN. ) SOLID_ANGLE_UNIT ( ) );
#7238 = FILL_AREA_STYLE_COLOUR ( '', #6456 ) ;
#7239 = CARTESIAN_POINT ( 'NONE',  ( 1.660253034319195900, 4.509999999999999800, -1.373590616209322800 ) ) ;
#7240 = FILL_AREA_STYLE ('',( #6461 ) ) ;
#7241 = CARTESIAN_POINT ( 'NONE',  ( 4.545148840453299100, 4.509999999999999800, -2.311040072749954300 ) ) ;
#7242 = ADVANCED_FACE ( 'NONE', ( #8236 ), #352, .T. ) ;
#7243 = LINE ( 'NONE', #9116, #7727 ) ;
#7244 = ORIENTED_EDGE ( 'NONE', *, *, #3467, .T. ) ;
#7245 = CARTESIAN_POINT ( 'NONE',  ( 2.651951591901908800, 4.510000000000000700, -1.169746037949487500 ) ) ;
#7246 = PRESENTATION_LAYER_ASSIGNMENT (  '', '', ( #6204 ) ) ;
#7247 = ORIENTED_EDGE ( 'NONE', *, *, #2120, .F. ) ;
#7248 = EDGE_CURVE ( 'NONE', #9208, #9109, #70, .T. ) ;
#7249 = STYLED_ITEM ( 'NONE', ( #1087 ), #1908 ) ;
#7250 = EDGE_LOOP ( 'NONE', ( #1119, #6924, #6652, #6688 ) ) ;
#7251 =( NAMED_UNIT ( * ) PLANE_ANGLE_UNIT ( ) SI_UNIT ( $, .RADIAN. ) );
#7252 = PLANE ( 'NONE',  #5929 ) ;
#7253 = CARTESIAN_POINT ( 'NONE',  ( 5.578225586157231900, 4.510000000000001600, -2.289430927563800700 ) ) ;
#7254 = FILL_AREA_STYLE_COLOUR ( '', #7217 ) ;
#7255 =( NAMED_UNIT ( * ) PLANE_ANGLE_UNIT ( ) SI_UNIT ( $, .RADIAN. ) );
#7256 = SURFACE_STYLE_USAGE ( .BOTH. , #5086 ) ;
#7257 = CARTESIAN_POINT ( 'NONE',  ( 0.7730794270833332100, 4.500000000000001800, -0.9176199247100669300 ) ) ;
#7258 = EDGE_CURVE ( 'NONE', #8184, #5680, #4731, .T. ) ;
#7259 = CARTESIAN_POINT ( 'NONE',  ( 4.400000000000003900, 2.490000000000000200, 5.999999999999976900 ) ) ;
#7260 = ORIENTED_EDGE ( 'NONE', *, *, #2235, .T. ) ;
#7261 = CARTESIAN_POINT ( 'NONE',  ( 3.942562321022016200, 4.509999999999998900, -1.429774628317754100 ) ) ;
#7262 = UNCERTAINTY_MEASURE_WITH_UNIT (LENGTH_MEASURE( 1.000000000000000100E-005 ), #88, 'distance_accuracy_value', 'NONE');
#7263 = DIRECTION ( 'NONE',  ( -1.000000000000000000, -0.0000000000000000000, -0.0000000000000000000 ) ) ;
#7264 = CARTESIAN_POINT ( 'NONE',  ( -2.540000000000000000, 0.0000000000000000000, 5.799999999999983800 ) ) ;
#7265 = PRESENTATION_STYLE_ASSIGNMENT (( #9477 ) ) ;
#7266 = CARTESIAN_POINT ( 'NONE',  ( 5.822577710892672600, 4.500000000000001800, -2.458556450953181200 ) ) ;
#7267 = CARTESIAN_POINT ( 'NONE',  ( 6.702256512749479500, 4.509999999999998900, -1.114376713829946700 ) ) ;
#7268 = CARTESIAN_POINT ( 'NONE',  ( 1.846620396205356500, 4.500000000000001800, -1.375214732652775300 ) ) ;
#7269 = CARTESIAN_POINT ( 'NONE',  ( 4.482561383928570300, 4.509999999999999800, -2.283095824542656200 ) ) ;
#7270 = EDGE_LOOP ( 'NONE', ( #3191, #4903, #8132, #4743 ) ) ;
#7271 = EDGE_LOOP ( 'NONE', ( #8881, #5328, #2361, #2100 ) ) ;
#7272 = CARTESIAN_POINT ( 'NONE',  ( 5.172699077772520600, 4.510000000000001600, -2.668068866232034400 ) ) ;
#7273 = ADVANCED_FACE ( 'NONE', ( #6795 ), #6442, .T. ) ;
#7274 = EDGE_CURVE ( 'NONE', #437, #4780, #9272, .T. ) ;
#7275 = ORIENTED_EDGE ( 'NONE', *, *, #4938, .T. ) ;
#7276 =( LENGTH_UNIT ( ) NAMED_UNIT ( * ) SI_UNIT ( .MILLI., .METRE. ) );
#7277 = FILL_AREA_STYLE ('',( #845 ) ) ;
#7278 = PRESENTATION_LAYER_ASSIGNMENT (  '', '', ( #6762 ) ) ;
#7279 = VERTEX_POINT ( 'NONE', #4304 ) ;
#7280 = ORIENTED_EDGE ( 'NONE', *, *, #6963, .F. ) ;
#7281 = DIRECTION ( 'NONE',  ( 0.0000000000000000000, -0.0000000000000000000, -1.000000000000000000 ) ) ;
#7282 = CARTESIAN_POINT ( 'NONE',  ( 5.529025500747745300, 4.509999999999998900, -2.339670029120749300 ) ) ;
#7283 = ADVANCED_FACE ( 'NONE', ( #1294, #9639 ), #4361, .T. ) ;
#7284 = PRESENTATION_LAYER_ASSIGNMENT (  '', '', ( #94 ) ) ;
#7285 = CARTESIAN_POINT ( 'NONE',  ( 4.955179268973211900, 4.499999999999999100, -2.736630341376733000 ) ) ;
#7286 = CARTESIAN_POINT ( 'NONE',  ( 7.314729139268875400, 4.509999999999999800, -2.277001929904150400 ) ) ;
#7287 = CARTESIAN_POINT ( 'NONE',  ( 0.6964723991707456600, 4.500000000000002700, -0.9576271177994134500 ) ) ;
#7288 = CARTESIAN_POINT ( 'NONE',  ( 1.878752068428788600, 4.510000000000000700, -1.240568788840435500 ) ) ;
#7289 = EDGE_CURVE ( 'NONE', #9355, #4167, #4277, .T. ) ;
#7290 = COLOUR_RGB ( '',1.000000000000000000, 1.000000000000000000, 1.000000000000000000 ) ;
#7291 = ORIENTED_EDGE ( 'NONE', *, *, #4324, .T. ) ;
#7292 = ORIENTED_EDGE ( 'NONE', *, *, #3561, .F. ) ;
#7293 = CARTESIAN_POINT ( 'NONE',  ( 6.250005887128726700, 4.500000000000000000, -2.452124493493722300 ) ) ;
#7294 = CARTESIAN_POINT ( 'NONE',  ( 6.772565569196427000, 4.509999999999999800, -1.099520966376733600 ) ) ;
#7295 = PLANE ( 'NONE',  #2737 ) ;
#7296 =( NAMED_UNIT ( * ) PLANE_ANGLE_UNIT ( ) SI_UNIT ( $, .RADIAN. ) );
#7297 = CARTESIAN_POINT ( 'NONE',  ( 2.802006894066219700, 4.509999999999999800, -2.190927216376733300 ) ) ;
#7298 = FILL_AREA_STYLE_COLOUR ( '', #962 ) ;
#7299 = PRESENTATION_STYLE_ASSIGNMENT (( #2710 ) ) ;
#7300 = MECHANICAL_DESIGN_GEOMETRIC_PRESENTATION_REPRESENTATION (  '', ( #4162 ), #4465 ) ;
#7301 = CARTESIAN_POINT ( 'NONE',  ( 2.330193320603769700, 4.500000000000000900, -2.701927676949471600 ) ) ;
#7302 = CARTESIAN_POINT ( 'NONE',  ( 6.651114166566844500, 4.509999999999999800, -1.165503138752370000 ) ) ;
#7303 = DIRECTION ( 'NONE',  ( 0.0000000000000000000, 1.414962237524463600E-014, -1.000000000000000000 ) ) ;
#7304 = MECHANICAL_DESIGN_GEOMETRIC_PRESENTATION_REPRESENTATION (  '', ( #3588 ), #2034 ) ;
#7305 = DIRECTION ( 'NONE',  ( 0.0000000000000000000, 0.0000000000000000000, -1.000000000000000000 ) ) ;
#7306 = CARTESIAN_POINT ( 'NONE',  ( 6.772565569196427000, 4.509999999999999800, -1.099520966376733600 ) ) ;
#7307 = B_SPLINE_SURFACE_WITH_KNOTS ( 'NONE', 3, 1, ( 
 ( #5804, #469 ),
 ( #8947, #3665 ),
 ( #5838, #8840 ),
 ( #4373, #4408 ),
 ( #7442, #9706 ),
 ( #8912, #1281 ),
 ( #6624, #9608 ),
 ( #4343, #7409 ),
 ( #3527, #5100 ),
 ( #533, #5770 ),
 ( #570, #1210 ) ),
 .UNSPECIFIED., .F., .F., .F.,
 ( 4, 1, 1, 1, 1, 1, 1, 1, 4 ),
 ( 2, 2 ),
 ( 0.0000000000000000000, 0.1214509621913057700, 0.2406038546872041300, 0.3593001125676642500, 0.4798460403188188900, 0.6020595435301845400, 0.7290456311465688400, 0.8605972046192699200, 1.000000000000000000 ),
 ( 0.0000000000000000000, 1.000000000000000000 ),
 .UNSPECIFIED. ) ;
#7308 = PRESENTATION_STYLE_ASSIGNMENT (( #9306 ) ) ;
#7309 = FACE_OUTER_BOUND ( 'NONE', #2431, .T. ) ;
#7310 = CARTESIAN_POINT ( 'NONE',  ( 5.790000000000003600, 2.490000000000000200, 5.799999999999983800 ) ) ;
#7311 = PRESENTATION_LAYER_ASSIGNMENT (  '', '', ( #3398 ) ) ;
#7312 = FILL_AREA_STYLE_COLOUR ( '', #9400 ) ;
#7313 =( NAMED_UNIT ( * ) PLANE_ANGLE_UNIT ( ) SI_UNIT ( $, .RADIAN. ) );
#7314 = EDGE_CURVE ( 'NONE', #6899, #9688, #7199, .T. ) ;
#7315 = SURFACE_SIDE_STYLE ('',( #863 ) ) ;
#7316 = VECTOR ( 'NONE', #3245, 1000.000000000000000 ) ;
#7317 = CARTESIAN_POINT ( 'NONE',  ( 2.114653012706989400, 4.500000000000000900, -0.9183319625429866600 ) ) ;
#7318 = DIRECTION ( 'NONE',  ( -0.0000000000000000000, -1.000000000000000000, -0.0000000000000000000 ) ) ;
#7319 = EDGE_LOOP ( 'NONE', ( #5991, #6596, #7775, #8294 ) ) ;
#7320 = B_SPLINE_CURVE_WITH_KNOTS ( 'NONE', 3,
 ( #2630, #4941, #378, #2791, #1985, #3679, #8122 ),
 .UNSPECIFIED., .F., .F.,
 ( 4, 1, 1, 1, 4 ),
 ( 0.0000000000000000000, 0.2483179281435889700, 0.4947167839755677900, 0.7439842376202714400, 1.000000000000000000 ),
 .UNSPECIFIED. ) ;
#7321 = CARTESIAN_POINT ( 'NONE',  ( 4.669940337544708200, 4.500000000000002700, -2.668096377734473300 ) ) ;
#7322 = CARTESIAN_POINT ( 'NONE',  ( 0.6612475182322004000, 4.509999999999998900, -2.701465446063500600 ) ) ;
#7323 = DIRECTION ( 'NONE',  ( 1.000000000000000000, 0.0000000000000000000, -1.084202172485504400E-016 ) ) ;
#7324 = CARTESIAN_POINT ( 'NONE',  ( 7.313825665703833900, 4.509999999999999800, -2.351656169316176400 ) ) ;
#7325 = COLOUR_RGB ( '',0.8980392156862745400, 0.8980392156862745400, 0.8980392156862745400 ) ;
#7326 = CARTESIAN_POINT ( 'NONE',  ( 6.262593005952380700, 4.509999999999999800, -2.372828258043400100 ) ) ;
#7327 = ORIENTED_EDGE ( 'NONE', *, *, #2511, .F. ) ;
#7328 = CARTESIAN_POINT ( 'NONE',  ( 4.759129499744084100, 4.509999999999998900, -2.505895107314502400 ) ) ;
#7329 = DIRECTION ( 'NONE',  ( 1.000000000000000000, 0.0000000000000000000, 0.0000000000000000000 ) ) ;
#7330 = CARTESIAN_POINT ( 'NONE',  ( 2.805662209501913500, 4.500000000000001800, -2.205740874638906200 ) ) ;
#7331 = DIRECTION ( 'NONE',  ( -1.000000000000000000, 7.515012899418031000E-014, 0.0000000000000000000 ) ) ;
#7332 = CARTESIAN_POINT ( 'NONE',  ( -8.673617379884035500E-016, 0.0000000000000000000, -13.00000000000000200 ) ) ;
#7333 = CARTESIAN_POINT ( 'NONE',  ( 2.569799469359218300, 4.500000000000001800, -1.370576857338734200 ) ) ;
#7334 = EDGE_CURVE ( 'NONE', #8745, #1089, #205, .T. ) ;
#7335 = DIRECTION ( 'NONE',  ( 0.0000000000000000000, 0.0000000000000000000, 1.000000000000000000 ) ) ;
#7336 = ADVANCED_FACE ( 'NONE', ( #2474 ), #4506, .T. ) ;
#7337 = CARTESIAN_POINT ( 'NONE',  ( 5.788351004464285400, 4.500000000000000900, -2.429672333564233600 ) ) ;
#7338 = VERTEX_POINT ( 'NONE', #4363 ) ;
#7339 = CARTESIAN_POINT ( 'NONE',  ( 4.034006142813955100, 4.500000000000000900, -0.9693535411242261100 ) ) ;
#7340 = CARTESIAN_POINT ( 'NONE',  ( 0.8591575985863093600, 4.500000000000000900, -0.9850207571133405800 ) ) ;
#7341 = MECHANICAL_DESIGN_GEOMETRIC_PRESENTATION_REPRESENTATION (  '', ( #2379 ), #2911 ) ;
#7342 = PRESENTATION_STYLE_ASSIGNMENT (( #1661 ) ) ;
#7343 = CARTESIAN_POINT ( 'NONE',  ( 4.953042197029793300, 4.509999999999999800, -0.9693535411242255600 ) ) ;
#7344 = CARTESIAN_POINT ( 'NONE',  ( 1.826674513549134200, 4.509999999999998900, -1.022090510178135700 ) ) ;
#7345 = DIRECTION ( 'NONE',  ( 1.000000000000000000, 0.0000000000000000000, 0.0000000000000000000 ) ) ;
#7346 = AXIS2_PLACEMENT_3D ( 'NONE', #9080, #4509, #9854 ) ;
#7347 = ORIENTED_EDGE ( 'NONE', *, *, #7677, .T. ) ;
#7348 = EDGE_CURVE ( 'NONE', #608, #6401, #8515, .T. ) ;
#7349 = SURFACE_STYLE_FILL_AREA ( #9812 ) ;
#7350 = CARTESIAN_POINT ( 'NONE',  ( 7.038843694920115200, 4.509999999999998900, -1.335079654942215500 ) ) ;
#7351 = CARTESIAN_POINT ( 'NONE',  ( 4.750000000000004400, 2.990000000000000200, 1.999999999999984500 ) ) ;
#7352 =( NAMED_UNIT ( * ) PLANE_ANGLE_UNIT ( ) SI_UNIT ( $, .RADIAN. ) );
#7353 = CARTESIAN_POINT ( 'NONE',  ( 2.060378407145177200, 4.509999999999998900, -2.542062832497007800 ) ) ;
#7354 = CARTESIAN_POINT ( 'NONE',  ( 1.692723202390605600, 4.509999999999998900, -1.209468582649994900 ) ) ;
#7355 = CARTESIAN_POINT ( 'NONE',  ( 7.258303672365889800, 4.509999999999999800, -1.894976910655698800 ) ) ;
#7356 = VERTEX_POINT ( 'NONE', #5891 ) ;
#7357 = B_SPLINE_SURFACE_WITH_KNOTS ( 'NONE', 3, 1, ( 
 ( #7326, #4233 ),
 ( #1199, #8096 ),
 ( #2029, #462 ),
 ( #421, #7293 ),
 ( #526, #4269 ),
 ( #6650, #2701 ),
 ( #5762, #8902 ),
 ( #2064, #7434 ),
 ( #9566, #491 ),
 ( #8833, #3550 ),
 ( #8936, #4989 ) ),
 .UNSPECIFIED., .F., .F., .F.,
 ( 4, 1, 1, 1, 1, 1, 1, 1, 4 ),
 ( 2, 2 ),
 ( 0.0000000000000000000, 0.1291105823789965000, 0.2450588575812234200, 0.3531069179282665900, 0.4605420137297469000, 0.5744332052480211100, 0.6984684015256547000, 0.8392786984694966500, 0.9999999999999998900 ),
 ( 0.0000000000000000000, 1.000000000000000000 ),
 .UNSPECIFIED. ) ;
#7358 = ORIENTED_EDGE ( 'NONE', *, *, #1928, .F. ) ;
#7359 = CARTESIAN_POINT ( 'NONE',  ( 3.000489052769021600, 4.509999999999999800, -2.235906277177237100 ) ) ;
#7360 = AXIS2_PLACEMENT_3D ( 'NONE', #6849, #3753, #8379 ) ;
#7361 = PRESENTATION_LAYER_ASSIGNMENT (  '', '', ( #7689 ) ) ;
#7362 = CARTESIAN_POINT ( 'NONE',  ( 6.151341029575892300, 4.500000000000000900, -2.138549461075394600 ) ) ;
#7363 = CARTESIAN_POINT ( 'NONE',  ( -2.540000000000000000, 0.0000000000000000000, 5.799999999999983800 ) ) ;
#7364 = AXIS2_PLACEMENT_3D ( 'NONE', #7310, #9514, #3537 ) ;
#7365 = CARTESIAN_POINT ( 'NONE',  ( 7.405146722558822800, 4.500000000000000900, -2.652219584101968700 ) ) ;
#7366 = VECTOR ( 'NONE', #7197, 1000.000000000000000 ) ;
#7367 = CARTESIAN_POINT ( 'NONE',  ( 2.329126591666316400, 4.509999999999998900, -0.9532138264777859600 ) ) ;
#7368 = VERTEX_POINT ( 'NONE', #4455 ) ;
#7369 = ORIENTED_EDGE ( 'NONE', *, *, #7771, .F. ) ;
#7370 = SURFACE_SIDE_STYLE ('',( #3956 ) ) ;
#7371 = CARTESIAN_POINT ( 'NONE',  ( 1.661561082781855700, 4.509999999999999800, -1.419475189413716300 ) ) ;
#7372 = FILL_AREA_STYLE ('',( #3627 ) ) ;
#7373 = CARTESIAN_POINT ( 'NONE',  ( 5.997862025669642900, 4.509999999999999800, -0.9176199247100669300 ) ) ;
#7374 = CARTESIAN_POINT ( 'NONE',  ( 4.029413241663991800, 4.500000000000000000, -0.9880149556987065700 ) ) ;
#7375 = PRESENTATION_LAYER_ASSIGNMENT (  '', '', ( #1021 ) ) ;
#7376 = B_SPLINE_CURVE_WITH_KNOTS ( 'NONE', 3,
 ( #3725, #1408, #2938, #9034, #4460, #5215, #2222, #3002, #5925, #2971, #659 ),
 .UNSPECIFIED., .F., .F.,
 ( 4, 1, 1, 1, 1, 1, 1, 1, 4 ),
 ( 0.0000000000000000000, 0.1219780729151987700, 0.2401332559370389600, 0.3567875635310757700, 0.4744148235189550300, 0.5947232046834967100, 0.7213330141841428600, 0.8556385647990115700, 1.000000000000000000 ),
 .UNSPECIFIED. ) ;
#7377 = EDGE_CURVE ( 'NONE', #3305, #1456, #5331, .T. ) ;
#7378 = ORIENTED_EDGE ( 'NONE', *, *, #4717, .F. ) ;
#7379 = CARTESIAN_POINT ( 'NONE',  ( 5.758423100107704900, 4.509999999999999800, -2.642539487240881600 ) ) ;
#7380 = B_SPLINE_CURVE_WITH_KNOTS ( 'NONE', 3,
 ( #5271, #6843, #2254, #3720, #5211, #6091, #7660, #6198, #881, #7783, #7817 ),
 .UNSPECIFIED., .F., .F.,
 ( 4, 1, 1, 1, 1, 1, 1, 1, 4 ),
 ( 0.0000000000000000000, 0.1509398342856085900, 0.2930091889939348500, 0.4272146947976586100, 0.5525714633560068200, 0.6714016893043983600, 0.7851944250067206500, 0.8941901696829238600, 1.000000000000000000 ),
 .UNSPECIFIED. ) ;
#7381 = CARTESIAN_POINT ( 'NONE',  ( 1.857284237892998100, 4.509999999999999800, -0.9992806684977452200 ) ) ;
#7382 = PRESENTATION_STYLE_ASSIGNMENT (( #4209 ) ) ;
#7383 = DIRECTION ( 'NONE',  ( -7.186068289332658600E-014, 1.000000000000000000, -2.473755452034227000E-014 ) ) ;
#7384 = B_SPLINE_CURVE_WITH_KNOTS ( 'NONE', 3,
 ( #2233, #2169, #6729, #3760, #9126, #3822, #9072, #605, #4529, #4556, #7545 ),
 .UNSPECIFIED., .F., .F.,
 ( 4, 1, 1, 1, 1, 1, 1, 1, 4 ),
 ( 0.0000000000000000000, 0.1266558512251224100, 0.2499581619777200800, 0.3719201904168855700, 0.5022220188728671000, 0.6325238473288448100, 0.7556260460035196800, 0.8761988241860979600, 1.000000000000000000 ),
 .UNSPECIFIED. ) ;
#7385 = CARTESIAN_POINT ( 'NONE',  ( 6.444055796865916900, 4.500000000000000900, -2.361425980753538000 ) ) ;
#7386 = CARTESIAN_POINT ( 'NONE',  ( 0.6847310117452459800, 4.500000000000001800, -2.724902919779791200 ) ) ;
#7387 = LINE ( 'NONE', #1960, #2436 ) ;
#7388 = FILL_AREA_STYLE ('',( #8157 ) ) ;
#7389 = ORIENTED_EDGE ( 'NONE', *, *, #2862, .T. ) ;
#7390 = ADVANCED_FACE ( 'NONE', ( #924 ), #3750, .T. ) ;
#7391 = ORIENTED_EDGE ( 'NONE', *, *, #3158, .T. ) ;
#7392 = CARTESIAN_POINT ( 'NONE',  ( 1.873980736087519100, 4.509999999999998900, -2.218847581896561800 ) ) ;
#7393 = LINE ( 'NONE', #77, #680 ) ;
#7394 =( NAMED_UNIT ( * ) PLANE_ANGLE_UNIT ( ) SI_UNIT ( $, .RADIAN. ) );
#7395 = CARTESIAN_POINT ( 'NONE',  ( 0.6499240458237293100, 4.510000000000000700, -2.666405490152947300 ) ) ;
#7396 = CARTESIAN_POINT ( 'NONE',  ( 7.111560244248016400, 4.510000000000000700, -2.548604635120392400 ) ) ;
#7397 = VECTOR ( 'NONE', #9499, 1000.000000000000000 ) ;
#7398 = EDGE_LOOP ( 'NONE', ( #2787, #4106, #9, #460 ) ) ;
#7399 = UNCERTAINTY_MEASURE_WITH_UNIT (LENGTH_MEASURE( 1.000000000000000100E-005 ), #5816, 'distance_accuracy_value', 'NONE');
#7400 = EDGE_CURVE ( 'NONE', #4346, #5095, #6133, .T. ) ;
#7401 = SURFACE_SIDE_STYLE ('',( #1258 ) ) ;
#7402 = ORIENTED_EDGE ( 'NONE', *, *, #2920, .F. ) ;
#7403 = ORIENTED_EDGE ( 'NONE', *, *, #3861, .T. ) ;
#7404 = CARTESIAN_POINT ( 'NONE',  ( 1.660253034319195900, 4.509999999999999800, -1.373590616209322800 ) ) ;
#7405 = CARTESIAN_POINT ( 'NONE',  ( 6.927305504385429900, 4.510000000000002500, -1.179745950487461700 ) ) ;
#7406 =( NAMED_UNIT ( * ) PLANE_ANGLE_UNIT ( ) SI_UNIT ( $, .RADIAN. ) );
#7407 = MECHANICAL_DESIGN_GEOMETRIC_PRESENTATION_REPRESENTATION (  '', ( #1052 ), #6167 ) ;
#7408 = CARTESIAN_POINT ( 'NONE',  ( 0.8591575985863093600, 4.500000000000000900, -0.9850207571133405800 ) ) ;
#7409 = CARTESIAN_POINT ( 'NONE',  ( 2.425095526932421500, 4.500000000000000000, -1.203115286063851700 ) ) ;
#7410 = CARTESIAN_POINT ( 'NONE',  ( 0.7401910691034224700, 4.500000000000000900, -2.554729299710066600 ) ) ;
#7411 = DIRECTION ( 'NONE',  ( 1.000000000000000000, 0.0000000000000000000, -0.0000000000000000000 ) ) ;
#7412 = LINE ( 'NONE', #4053, #5697 ) ;
#7413 = CARTESIAN_POINT ( 'NONE',  ( 7.496163219321323000, 4.500000000000001800, -2.258980899971467800 ) ) ;
#7414 = ORIENTED_EDGE ( 'NONE', *, *, #7606, .T. ) ;
#7415 = EDGE_CURVE ( 'NONE', #6433, #4177, #811, .T. ) ;
#7416 = ORIENTED_EDGE ( 'NONE', *, *, #2827, .F. ) ;
#7417 = CARTESIAN_POINT ( 'NONE',  ( 0.6809108189174105700, 4.500000000000000900, -1.005728241767358500 ) ) ;
#7418 = FILL_AREA_STYLE_COLOUR ( '', #1044 ) ;
#7419 = SURFACE_SIDE_STYLE ('',( #7936 ) ) ;
#7420 = LINE ( 'NONE', #4188, #6692 ) ;
#7421 = FILL_AREA_STYLE_COLOUR ( '', #3932 ) ;
#7422 = PRESENTATION_STYLE_ASSIGNMENT (( #9912 ) ) ;
#7423 = CARTESIAN_POINT ( 'NONE',  ( 6.295046864947899200, 4.500000000000001800, -2.026695946533230600 ) ) ;
#7424 = CARTESIAN_POINT ( 'NONE',  ( 5.264573451450891300, 4.509999999999999800, -2.560413707262149800 ) ) ;
#7426 = VERTEX_POINT ( 'NONE', #9802 ) ;
#7425 = CARTESIAN_POINT ( 'NONE',  ( 4.867476981026784200, 4.500000000000000900, -1.099520966376733600 ) ) ;
#7427 = CARTESIAN_POINT ( 'NONE',  ( 7.083835634732184700, 4.500000000000000900, -1.420027323098118200 ) ) ;
#7428 = CARTESIAN_POINT ( 'NONE',  ( 1.872606259300594500, 4.499999999999999100, -0.9878629608893823000 ) ) ;
#7429 = DIRECTION ( 'NONE',  ( -0.0000000000000000000, -1.000000000000000000, -0.0000000000000000000 ) ) ;
#7430 = CARTESIAN_POINT ( 'NONE',  ( 7.067445114099083300, 4.509999999999999800, -2.528852599027336700 ) ) ;
#7431 = SURFACE_STYLE_USAGE ( .BOTH. , #8310 ) ;
#7432 = MECHANICAL_DESIGN_GEOMETRIC_PRESENTATION_REPRESENTATION (  '', ( #5155 ), #5667 ) ;
#7433 = ADVANCED_FACE ( 'NONE', ( #2117 ), #1340, .T. ) ;
#7434 = CARTESIAN_POINT ( 'NONE',  ( 6.134028383993286800, 4.500000000000000900, -2.545027625353822200 ) ) ;
#7435 = COLOUR_RGB ( '',1.000000000000000000, 1.000000000000000000, 1.000000000000000000 ) ;
#7436 = DIRECTION ( 'NONE',  ( 0.0000000000000000000, 1.000000000000000000, -0.0000000000000000000 ) ) ;
#7437 = CARTESIAN_POINT ( 'NONE',  ( 2.802006894066219700, 4.500000000000001800, -2.190927216376733300 ) ) ;
#7438 = CARTESIAN_POINT ( 'NONE',  ( 5.159411911737351800, 4.509999999999999800, -1.008570445543400100 ) ) ;
#7439 =( GEOMETRIC_REPRESENTATION_CONTEXT ( 3 ) GLOBAL_UNCERTAINTY_ASSIGNED_CONTEXT ( ( #1918 ) ) GLOBAL_UNIT_ASSIGNED_CONTEXT ( ( #9768, #5890, #5124 ) ) REPRESENTATION_CONTEXT ( 'NONE', 'WORKASPACE' ) );
#7440 = FILL_AREA_STYLE ('',( #4281 ) ) ;
#7441 = CARTESIAN_POINT ( 'NONE',  ( 6.394958496093749100, 4.509999999999999800, -2.560413707262149800 ) ) ;
#7442 = CARTESIAN_POINT ( 'NONE',  ( 2.287313795418822500, 4.510000000000001600, -1.124733988095137900 ) ) ;
#7443 = DIRECTION ( 'NONE',  ( 0.0000000000000000000, 1.000000000000000000, 0.0000000000000000000 ) ) ;
#7444 = EDGE_CURVE ( 'NONE', #591, #2444, #8335, .T. ) ;
#7445 = ADVANCED_FACE ( 'NONE', ( #5809 ), #8431, .T. ) ;
#7446 = VERTEX_POINT ( 'NONE', #9904 ) ;
#7447 = AXIS2_PLACEMENT_3D ( 'NONE', #7491, #7621, #4482 ) ;
#7448 = CARTESIAN_POINT ( 'NONE',  ( 4.119571358816963300, 4.500000000000000900, -0.9176199247100669300 ) ) ;
#7449 = VECTOR ( 'NONE', #8810, 1000.000000000000000 ) ;
#7450 = CARTESIAN_POINT ( 'NONE',  ( 0.7730794270833332100, 4.500000000000000900, -0.9176199247100669300 ) ) ;
#7451 = LINE ( 'NONE', #4246, #5374 ) ;
#7452 =( NAMED_UNIT ( * ) SI_UNIT ( $, .STERADIAN. ) SOLID_ANGLE_UNIT ( ) );
#7453 = CIRCLE ( 'NONE', #9218, 0.7499999999999997800 ) ;
#7454 = ORIENTED_EDGE ( 'NONE', *, *, #7620, .T. ) ;
#7455 = CARTESIAN_POINT ( 'NONE',  ( 4.530518339621141700, 4.500000000000000900, -2.564085325910711700 ) ) ;
#7456 = B_SPLINE_CURVE_WITH_KNOTS ( 'NONE', 3,
 ( #2954, #2922, #7584, #2990, #6706, #708, #5234, #3021, #5980, #9715, #4479, #6044, #1485, #8366, #676, #3708, #5945, #9020, #3742 ),
 .UNSPECIFIED., .F., .F.,
 ( 4, 1, 1, 1, 1, 1, 1, 1, 1, 1, 1, 1, 1, 1, 1, 1, 4 ),
 ( 0.0000000000000000000, 0.08212281502205892600, 0.1604391508911685000, 0.2350813593500163100, 0.3069439010564258800, 0.3750387779419630000, 0.4404285151425521000, 0.5028977086468716700, 0.5631436476071392000, 0.6210835541335253400, 0.6770586510803233700, 0.7319167192235875900, 0.7856211965772441600, 0.8391171535937979000, 0.8923634229658081700, 0.9458888358988556400, 1.000000000000000000 ),
 .UNSPECIFIED. ) ;
#7457 = DIRECTION ( 'NONE',  ( -0.0000000000000000000, -1.000000000000000000, -0.0000000000000000000 ) ) ;
#7458 = CARTESIAN_POINT ( 'NONE',  ( 1.732766314333623200, 4.500000000000000900, -2.724902919779792000 ) ) ;
#7459 = EDGE_CURVE ( 'NONE', #3548, #8099, #6757, .T. ) ;
#7460 = FILL_AREA_STYLE ('',( #9588 ) ) ;
#7461 = FILL_AREA_STYLE ('',( #1061 ) ) ;
#7462 = DIRECTION ( 'NONE',  ( -0.0000000000000000000, -0.0000000000000000000, -1.000000000000000000 ) ) ;
#7463 = VERTEX_POINT ( 'NONE', #7662 ) ;
#7464 = CARTESIAN_POINT ( 'NONE',  ( 1.785994525479323900, 4.499999999999999100, -1.062853970187231300 ) ) ;
#7465 = CARTESIAN_POINT ( 'NONE',  ( 4.878607218389062100, 4.509999999999998900, -2.553347343801442900 ) ) ;
#7466 =( LENGTH_UNIT ( ) NAMED_UNIT ( * ) SI_UNIT ( .MILLI., .METRE. ) );
#7467 = CARTESIAN_POINT ( 'NONE',  ( 4.692192666249813900, 4.500000000000000900, -2.458556450953180800 ) ) ;
#7468 = ORIENTED_EDGE ( 'NONE', *, *, #3498, .T. ) ;
#7469 = PLANE ( 'NONE',  #9502 ) ;
#7470 = CARTESIAN_POINT ( 'NONE',  ( 6.992953778051470300, 4.500000000000000900, -1.005982915782471100 ) ) ;
#7471 = ORIENTED_EDGE ( 'NONE', *, *, #3478, .T. ) ;
#7472 = CARTESIAN_POINT ( 'NONE',  ( 2.813734214370416300, 4.500000000000000000, -2.264486386593719000 ) ) ;
#7473 = CARTESIAN_POINT ( 'NONE',  ( 2.999876632421623900, 4.500000000000001800, -2.337151110932627500 ) ) ;
#7474 = CARTESIAN_POINT ( 'NONE',  ( 5.189873894604942500, 4.509999999999998900, -2.055531216110068300 ) ) ;
#7475 =( NAMED_UNIT ( * ) PLANE_ANGLE_UNIT ( ) SI_UNIT ( $, .RADIAN. ) );
#7476 = LINE ( 'NONE', #7438, #8187 ) ;
#7477 = EDGE_CURVE ( 'NONE', #2970, #5461, #7637, .T. ) ;
#7478 = CARTESIAN_POINT ( 'NONE',  ( 7.441504964685187000, 4.500000000000000900, -2.596266522088112700 ) ) ;
#7479 = CARTESIAN_POINT ( 'NONE',  ( 4.040905556718115600, 4.510000000000000700, -0.9531179552905874000 ) ) ;
#7480 = EDGE_LOOP ( 'NONE', ( #4697, #3501, #3150, #8562 ) ) ;
#7481 = ORIENTED_EDGE ( 'NONE', *, *, #4469, .T. ) ;
#7482 = STYLED_ITEM ( 'NONE', ( #2348 ), #7390 ) ;
#7483 = CARTESIAN_POINT ( 'NONE',  ( 3.097044185807098100, 4.500000000000000900, -1.359749652173699100 ) ) ;
#7484 = LINE ( 'NONE', #7952, #9836 ) ;
#7485 = SURFACE_STYLE_USAGE ( .BOTH. , #647 ) ;
#7486 = ORIENTED_EDGE ( 'NONE', *, *, #5048, .T. ) ;
#7487 = LINE ( 'NONE', #9378, #6387 ) ;
#7488 =( NAMED_UNIT ( * ) SI_UNIT ( $, .STERADIAN. ) SOLID_ANGLE_UNIT ( ) );
#7489 = STYLED_ITEM ( 'NONE', ( #6535 ), #4217 ) ;
#7490 = EDGE_CURVE ( 'NONE', #6318, #8701, #7393, .T. ) ;
#7491 = CARTESIAN_POINT ( 'NONE',  ( 1.091000220889136700, 4.509999999999999800, -2.554729299710066600 ) ) ;
#7492 = ORIENTED_EDGE ( 'NONE', *, *, #7248, .T. ) ;
#7493 = CARTESIAN_POINT ( 'NONE',  ( 7.204580543154761200, 4.509999999999999800, -2.736630341376733000 ) ) ;
#7494 = ADVANCED_FACE ( 'NONE', ( #5318 ), #7846, .T. ) ;
#7495 = DIRECTION ( 'NONE',  ( 0.0000000000000000000, 1.000000000000000000, 0.0000000000000000000 ) ) ;
#7496 =( LENGTH_UNIT ( ) NAMED_UNIT ( * ) SI_UNIT ( .MILLI., .METRE. ) );
#7497 = VECTOR ( 'NONE', #1571, 1000.000000000000000 ) ;
#7498 = SURFACE_SIDE_STYLE ('',( #7965 ) ) ;
#7499 = PRESENTATION_LAYER_ASSIGNMENT (  '', '', ( #8490 ) ) ;
#7500 = ORIENTED_EDGE ( 'NONE', *, *, #2750, .T. ) ;
#7501 = STYLED_ITEM ( 'NONE', ( #5507 ), #5795 ) ;
#7502 = DIRECTION ( 'NONE',  ( -0.0000000000000000000, -1.000000000000000000, -0.0000000000000000000 ) ) ;
#7503 = MECHANICAL_DESIGN_GEOMETRIC_PRESENTATION_REPRESENTATION (  '', ( #8375 ), #1847 ) ;
#7504 = CARTESIAN_POINT ( 'NONE',  ( 6.957486358611070900, 4.500000000000000900, -0.9821685688963428500 ) ) ;
#7505 = CARTESIAN_POINT ( 'NONE',  ( 2.968482767140934600, 4.500000000000001800, -2.446552390498969200 ) ) ;
#7506 = DIRECTION ( 'NONE',  ( 0.0000000000000000000, 1.000000000000000000, -4.336808689942025600E-016 ) ) ;
#7507 = CARTESIAN_POINT ( 'NONE',  ( 5.522401936848958700, 4.509999999999999800, -2.373640316265126100 ) ) ;
#7508 = COLOUR_RGB ( '',1.000000000000000000, 1.000000000000000000, 1.000000000000000000 ) ;
#7509 = ORIENTED_EDGE ( 'NONE', *, *, #5261, .T. ) ;
#7510 = ORIENTED_EDGE ( 'NONE', *, *, #2527, .T. ) ;
#7511 = PRESENTATION_STYLE_ASSIGNMENT (( #6749 ) ) ;
#7512 = B_SPLINE_CURVE_WITH_KNOTS ( 'NONE', 3,
 ( #7036, #7109, #2503, #5435, #8611 ),
 .UNSPECIFIED., .F., .F.,
 ( 4, 1, 4 ),
 ( 0.0000000000000000000, 0.4862122328046493700, 1.000000000000000000 ),
 .UNSPECIFIED. ) ;
#7513 = SURFACE_STYLE_FILL_AREA ( #4336 ) ;
#7514 = CARTESIAN_POINT ( 'NONE',  ( 3.013644650251603900, 4.509999999999999800, -1.457544922502115500 ) ) ;
#7515 = EDGE_CURVE ( 'NONE', #3293, #1997, #9757, .T. ) ;
#7516 = CARTESIAN_POINT ( 'NONE',  ( 3.104092552548362700, 4.509999999999999800, -1.359379597329114500 ) ) ;
#7517 = CARTESIAN_POINT ( 'NONE',  ( 1.889641331271527200, 4.500000000000000900, -0.9770401771116777900 ) ) ;
#7518 = ORIENTED_EDGE ( 'NONE', *, *, #9118, .T. ) ;
#7519 = ORIENTED_EDGE ( 'NONE', *, *, #1099, .F. ) ;
#7520 = FACE_OUTER_BOUND ( 'NONE', #790, .T. ) ;
#7521 = CARTESIAN_POINT ( 'NONE',  ( 3.250000000000003100, 2.490000000000000200, 5.799999999999983800 ) ) ;
#7522 = CARTESIAN_POINT ( 'NONE',  ( 3.025426750449514500, 4.509999999999999800, -1.394877627909635100 ) ) ;
#7523 = UNCERTAINTY_MEASURE_WITH_UNIT (LENGTH_MEASURE( 1.000000000000000100E-005 ), #5075, 'distance_accuracy_value', 'NONE');
#7524 = FACE_OUTER_BOUND ( 'NONE', #4389, .T. ) ;
#7525 = FILL_AREA_STYLE_COLOUR ( '', #9205 ) ;
#7526 = FILL_AREA_STYLE ('',( #5208 ) ) ;
#7527 = CARTESIAN_POINT ( 'NONE',  ( 4.657965959821427600, 4.500000000000000900, -2.429672333564233600 ) ) ;
#7528 = CARTESIAN_POINT ( 'NONE',  ( 5.718334421616837900, 4.509999999999999800, -2.615302963122011300 ) ) ;
#7529 = FILL_AREA_STYLE ('',( #6745 ) ) ;
#7530 = VECTOR ( 'NONE', #7992, 1000.000000000000000 ) ;
#7531 = ADVANCED_FACE ( 'NONE', ( #7520 ), #4520, .T. ) ;
#7532 = ORIENTED_EDGE ( 'NONE', *, *, #2426, .T. ) ;
#7533 = CARTESIAN_POINT ( 'NONE',  ( 3.600000000000003600, 2.990000000000000200, 5.999999999999976900 ) ) ;
#7534 = ORIENTED_EDGE ( 'NONE', *, *, #8841, .T. ) ;
#7535 = FACE_OUTER_BOUND ( 'NONE', #7398, .T. ) ;
#7536 = CARTESIAN_POINT ( 'NONE',  ( 0.0000000000000000000, 4.500000000000000900, 0.0000000000000000000 ) ) ;
#7537 = CARTESIAN_POINT ( 'NONE',  ( 1.661561082781855700, 4.500000000000000900, -1.419475189413716300 ) ) ;
#7538 = LINE ( 'NONE', #6317, #4173 ) ;
#7539 = CARTESIAN_POINT ( 'NONE',  ( 3.891588091979859800, 4.500000000000000000, -1.536267157812387400 ) ) ;
#7540 = LINE ( 'NONE', #5968, #4514 ) ;
#7541 = ORIENTED_EDGE ( 'NONE', *, *, #1180, .F. ) ;
#7542 = CARTESIAN_POINT ( 'NONE',  ( 6.920878707365749200, 4.509999999999999800, -0.9622905474261734800 ) ) ;
#7543 = PRESENTATION_LAYER_ASSIGNMENT (  '', '', ( #3229 ) ) ;
#7544 = CARTESIAN_POINT ( 'NONE',  ( 5.151697358630950200, 4.509999999999999800, -2.011868378486108400 ) ) ;
#7545 = CARTESIAN_POINT ( 'NONE',  ( 5.522401936848959600, 4.500000000000000900, -2.373640316265126500 ) ) ;
#7546 = VERTEX_POINT ( 'NONE', #9321 ) ;
#7547 = DIRECTION ( 'NONE',  ( -0.0000000000000000000, -1.000000000000000000, -0.0000000000000000000 ) ) ;
#7548 =( NAMED_UNIT ( * ) PLANE_ANGLE_UNIT ( ) SI_UNIT ( $, .RADIAN. ) );
#7549 = PRESENTATION_STYLE_ASSIGNMENT (( #9142 ) ) ;
#7550 = AXIS2_PLACEMENT_3D ( 'NONE', #5468, #6116, #5401 ) ;
#7551 = EDGE_CURVE ( 'NONE', #8002, #3539, #906, .T. ) ;
#7552 =( NAMED_UNIT ( * ) SI_UNIT ( $, .STERADIAN. ) SOLID_ANGLE_UNIT ( ) );
#7553 = CARTESIAN_POINT ( 'NONE',  ( 6.843355596390072300, 4.510000000000001600, -2.234236130373333100 ) ) ;
#7554 =( NAMED_UNIT ( * ) SI_UNIT ( $, .STERADIAN. ) SOLID_ANGLE_UNIT ( ) );
#7555 = SURFACE_STYLE_FILL_AREA ( #5824 ) ;
#7556 = CARTESIAN_POINT ( 'NONE',  ( 7.315020461309522700, 4.509999999999999800, -2.292840523203370400 ) ) ;
#7557 = CARTESIAN_POINT ( 'NONE',  ( 4.599465004506847700, 4.500000000000001800, -2.376767648900806500 ) ) ;
#7558 = CARTESIAN_POINT ( 'NONE',  ( 2.471723503491458600, 4.509999999999999800, -2.553128057635377900 ) ) ;
#7559 = EDGE_LOOP ( 'NONE', ( #3481, #5469, #1596, #5646 ) ) ;
#7560 = MECHANICAL_DESIGN_GEOMETRIC_PRESENTATION_REPRESENTATION (  '', ( #5990 ), #5338 ) ;
#7561 =( LENGTH_UNIT ( ) NAMED_UNIT ( * ) SI_UNIT ( .MILLI., .METRE. ) );
#7562 = CARTESIAN_POINT ( 'NONE',  ( 4.432415677527572500, 4.510000000000000700, -2.298339766766987600 ) ) ;
#7563 = LINE ( 'NONE', #8776, #9803 ) ;
#7564 = STYLED_ITEM ( 'NONE', ( #1594 ), #643 ) ;
#7565 = LINE ( 'NONE', #4098, #8722 ) ;
#7566 = CARTESIAN_POINT ( 'NONE',  ( 1.697764920941040800, 4.500000000000000900, -2.555803424821899500 ) ) ;
#7567 = SURFACE_STYLE_FILL_AREA ( #1902 ) ;
#7568 = VERTEX_POINT ( 'NONE', #8566 ) ;
#7569 = CARTESIAN_POINT ( 'NONE',  ( 6.102104859207315700, 4.510000000000001600, -2.736063023224931900 ) ) ;
#7570 = CARTESIAN_POINT ( 'NONE',  ( 6.992953778051470300, 4.509999999999999800, -1.005982915782471100 ) ) ;
#7571 = CARTESIAN_POINT ( 'NONE',  ( 7.409007091627089800, 4.509999999999999800, -1.738095816926704000 ) ) ;
#7572 = MECHANICAL_DESIGN_GEOMETRIC_PRESENTATION_REPRESENTATION (  '', ( #1534 ), #6000 ) ;
#7573 = CARTESIAN_POINT ( 'NONE',  ( 7.156855590939201800, 4.509999999999999800, -1.178343448593054600 ) ) ;
#7574 = CARTESIAN_POINT ( 'NONE',  ( 5.525794794994700600, 4.509999999999999800, -2.405548924280863000 ) ) ;
#7575 =( LENGTH_UNIT ( ) NAMED_UNIT ( * ) SI_UNIT ( .MILLI., .METRE. ) );
#7576 = EDGE_CURVE ( 'NONE', #4978, #404, #69, .T. ) ;
#7577 =( GEOMETRIC_REPRESENTATION_CONTEXT ( 3 ) GLOBAL_UNCERTAINTY_ASSIGNED_CONTEXT ( ( #8311 ) ) GLOBAL_UNIT_ASSIGNED_CONTEXT ( ( #5672, #7205, #7237 ) ) REPRESENTATION_CONTEXT ( 'NONE', 'WORKASPACE' ) );
#7578 = LINE ( 'NONE', #3065, #493 ) ;
#7579 = CARTESIAN_POINT ( 'NONE',  ( 2.814187767392112500, 4.500000000000000900, -2.279035533434024900 ) ) ;
#7580 = ORIENTED_EDGE ( 'NONE', *, *, #4549, .F. ) ;
#7581 = CARTESIAN_POINT ( 'NONE',  ( 2.660309844254544300, 4.510000000000000700, -2.524636747394925600 ) ) ;
#7582 = UNCERTAINTY_MEASURE_WITH_UNIT (LENGTH_MEASURE( 1.000000000000000100E-005 ), #8196, 'distance_accuracy_value', 'NONE');
#7583 = CARTESIAN_POINT ( 'NONE',  ( 4.923816581130675600, 4.500000000000001800, -2.554258305700128700 ) ) ;
#7584 = CARTESIAN_POINT ( 'NONE',  ( 7.243620983212360400, 4.500000000000000000, -1.325101094684881100 ) ) ;
#7585 = DIRECTION ( 'NONE',  ( -0.0000000000000000000, -0.0000000000000000000, -1.000000000000000000 ) ) ;
#7586 =( NAMED_UNIT ( * ) SI_UNIT ( $, .STERADIAN. ) SOLID_ANGLE_UNIT ( ) );
#7587 = ORIENTED_EDGE ( 'NONE', *, *, #7589, .T. ) ;
#7588 = CARTESIAN_POINT ( 'NONE',  ( 4.867476981026784200, 4.509999999999999800, -0.9176199247100669300 ) ) ;
#7589 = EDGE_CURVE ( 'NONE', #3691, #179, #9370, .T. ) ;
#7590 = CARTESIAN_POINT ( 'NONE',  ( 4.791616254407958100, 4.500000000000001800, -2.718016784549997400 ) ) ;
#7591 = COLOUR_RGB ( '',0.09803921568627450800, 0.09803921568627450800, 0.09803921568627450800 ) ;
#7592 = SURFACE_STYLE_USAGE ( .BOTH. , #6872 ) ;
#7593 = CARTESIAN_POINT ( 'NONE',  ( 7.045270938289092100, 4.509999999999998900, -2.514009616099471600 ) ) ;
#7594 = SURFACE_SIDE_STYLE ('',( #5625 ) ) ;
#7595 = ORIENTED_EDGE ( 'NONE', *, *, #5192, .F. ) ;
#7596 = EDGE_LOOP ( 'NONE', ( #5894, #4676, #4990, #1046 ) ) ;
#7597 = DIRECTION ( 'NONE',  ( -0.0000000000000000000, 1.000000000000000000, -0.0000000000000000000 ) ) ;
#7598 =( GEOMETRIC_REPRESENTATION_CONTEXT ( 3 ) GLOBAL_UNCERTAINTY_ASSIGNED_CONTEXT ( ( #317 ) ) GLOBAL_UNIT_ASSIGNED_CONTEXT ( ( #886, #9247, #3870 ) ) REPRESENTATION_CONTEXT ( 'NONE', 'WORKASPACE' ) );
#7599 = VECTOR ( 'NONE', #6011, 1000.000000000000000 ) ;
#7600 = CARTESIAN_POINT ( 'NONE',  ( 1.661561082781855700, 4.509999999999999800, -1.419475189413716300 ) ) ;
#7601 = CARTESIAN_POINT ( 'NONE',  ( 3.104092552548362700, 4.509999999999999800, -1.359379597329114500 ) ) ;
#7602 = ORIENTED_EDGE ( 'NONE', *, *, #1913, .F. ) ;
#7603 = CARTESIAN_POINT ( 'NONE',  ( 0.7100000000000031800, 2.990000000000000200, 5.799999999999983800 ) ) ;
#7604 = CARTESIAN_POINT ( 'NONE',  ( 0.7730794270833332100, 4.500000000000000900, -0.9176199247100669300 ) ) ;
#7605 = CARTESIAN_POINT ( 'NONE',  ( 9.000000000000000000, 1.000000000000000000, -12.00000000000000000 ) ) ;
#7606 = EDGE_CURVE ( 'NONE', #8964, #7867, #6449, .T. ) ;
#7607 = PRESENTATION_STYLE_ASSIGNMENT (( #4845 ) ) ;
#7608 = CARTESIAN_POINT ( 'NONE',  ( 2.734406397586578700, 4.499999999999999100, -2.476202821890305400 ) ) ;
#7609 = CARTESIAN_POINT ( 'NONE',  ( 6.935468747816531600, 4.509999999999998000, -2.647855662113765000 ) ) ;
#7610 = FACE_OUTER_BOUND ( 'NONE', #7697, .T. ) ;
#7611 = VECTOR ( 'NONE', #8061, 1000.000000000000000 ) ;
#7612 = FILL_AREA_STYLE_COLOUR ( '', #2184 ) ;
#7613 = FILL_AREA_STYLE_COLOUR ( '', #6666 ) ;
#7614 = VERTEX_POINT ( 'NONE', #6266 ) ;
#7615 = FILL_AREA_STYLE_COLOUR ( '', #9679 ) ;
#7616 =( LENGTH_UNIT ( ) NAMED_UNIT ( * ) SI_UNIT ( .MILLI., .METRE. ) );
#7617 = DIRECTION ( 'NONE',  ( 0.0000000000000000000, 1.000000000000000000, 0.0000000000000000000 ) ) ;
#7618 = MECHANICAL_DESIGN_GEOMETRIC_PRESENTATION_REPRESENTATION (  '', ( #6770 ), #9824 ) ;
#7619 = ORIENTED_EDGE ( 'NONE', *, *, #4791, .F. ) ;
#7620 = EDGE_CURVE ( 'NONE', #8195, #4051, #5685, .T. ) ;
#7621 = DIRECTION ( 'NONE',  ( 0.0000000000000000000, -0.0000000000000000000, 1.000000000000000000 ) ) ;
#7622 = ORIENTED_EDGE ( 'NONE', *, *, #3037, .T. ) ;
#7623 = CARTESIAN_POINT ( 'NONE',  ( 4.958021472749254400, 4.509999999999999800, -1.008570445543400100 ) ) ;
#7624 = CARTESIAN_POINT ( 'NONE',  ( 6.036434791201636500, 4.500000000000000000, -2.554729299710066600 ) ) ;
#7625 = CARTESIAN_POINT ( 'NONE',  ( 5.788351004464285400, 4.500000000000000900, -2.429672333564233600 ) ) ;
#7626 = CIRCLE ( 'NONE', #4147, 0.7499999999999997800 ) ;
#7627 = ORIENTED_EDGE ( 'NONE', *, *, #7274, .T. ) ;
#7628 = CARTESIAN_POINT ( 'NONE',  ( 5.679941231863838700, 4.500000000000000900, -2.315984182522566700 ) ) ;
#7629 = PRESENTATION_STYLE_ASSIGNMENT (( #8553 ) ) ;
#7630 = CARTESIAN_POINT ( 'NONE',  ( 2.507229759579612200, 4.509999999999999800, -1.284264211819442100 ) ) ;
#7631 = MECHANICAL_DESIGN_GEOMETRIC_PRESENTATION_REPRESENTATION (  '', ( #7118 ), #9450 ) ;
#7632 = EDGE_LOOP ( 'NONE', ( #7602, #142, #4430, #267 ) ) ;
#7633 = EDGE_CURVE ( 'NONE', #6619, #3138, #8671, .T. ) ;
#7634 = ORIENTED_EDGE ( 'NONE', *, *, #7922, .F. ) ;
#7635 = CARTESIAN_POINT ( 'NONE',  ( 6.442446172954622500, 4.510000000000002500, -2.425691587641274800 ) ) ;
#7636 =( GEOMETRIC_REPRESENTATION_CONTEXT ( 3 ) GLOBAL_UNCERTAINTY_ASSIGNED_CONTEXT ( ( #6700 ) ) GLOBAL_UNIT_ASSIGNED_CONTEXT ( ( #8152, #7313, #2726 ) ) REPRESENTATION_CONTEXT ( 'NONE', 'WORKASPACE' ) );
#7637 = LINE ( 'NONE', #1587, #6544 ) ;
#7638 = FILL_AREA_STYLE ('',( #6921 ) ) ;
#7639 = UNCERTAINTY_MEASURE_WITH_UNIT (LENGTH_MEASURE( 1.000000000000000100E-005 ), #9039, 'distance_accuracy_value', 'NONE');
#7640 = CARTESIAN_POINT ( 'NONE',  ( -1.009999999999996900, 1.500000000000000400, -1.561251128379126400E-014 ) ) ;
#7641 = VERTEX_POINT ( 'NONE', #8654 ) ;
#7642 = CARTESIAN_POINT ( 'NONE',  ( 6.687705485026040900, 4.509999999999999800, -1.827125133043400000 ) ) ;
#7643 =( LENGTH_UNIT ( ) NAMED_UNIT ( * ) SI_UNIT ( .MILLI., .METRE. ) );
#7644 = PRESENTATION_STYLE_ASSIGNMENT (( #3357 ) ) ;
#7645 = CARTESIAN_POINT ( 'NONE',  ( 4.034219201762550000, 4.500000000000000000, -1.042164952054619200 ) ) ;
#7646 = ORIENTED_EDGE ( 'NONE', *, *, #933, .T. ) ;
#7647 = ORIENTED_EDGE ( 'NONE', *, *, #9635, .T. ) ;
#7648 = CARTESIAN_POINT ( 'NONE',  ( 6.262593005952380700, 4.500000000000000900, -2.372828258043400100 ) ) ;
#7649 = CARTESIAN_POINT ( 'NONE',  ( 2.421146576958719300, 4.500000000000000000, -2.544354378052030400 ) ) ;
#7650 = EDGE_CURVE ( 'NONE', #5134, #8464, #4952, .T. ) ;
#7651 = DIRECTION ( 'NONE',  ( 0.0000000000000000000, 1.000000000000000000, 0.0000000000000000000 ) ) ;
#7652 = UNCERTAINTY_MEASURE_WITH_UNIT (LENGTH_MEASURE( 1.000000000000000100E-005 ), #4962, 'distance_accuracy_value', 'NONE');
#7653 = CARTESIAN_POINT ( 'NONE',  ( 4.029026867094492200, 4.509999999999999800, -1.008570445543400100 ) ) ;
#7654 = SURFACE_STYLE_FILL_AREA ( #5783 ) ;
#7655 = CARTESIAN_POINT ( 'NONE',  ( 6.687705485026040900, 4.500000000000000900, -1.827125133043400000 ) ) ;
#7656 = CARTESIAN_POINT ( 'NONE',  ( 2.153578404017856500, 4.500000000000000900, -2.372828258043400100 ) ) ;
#7657 = ORIENTED_EDGE ( 'NONE', *, *, #1639, .F. ) ;
#7658 = ORIENTED_EDGE ( 'NONE', *, *, #9350, .T. ) ;
#7659 = VECTOR ( 'NONE', #2186, 1000.000000000000000 ) ;
#7660 = CARTESIAN_POINT ( 'NONE',  ( 6.246890928115340600, 4.509999999999998900, -2.287051556701786800 ) ) ;
#7661 = CARTESIAN_POINT ( 'NONE',  ( 6.623862038345388100, 4.510000000000001600, -1.513909559264479300 ) ) ;
#7662 = CARTESIAN_POINT ( 'NONE',  ( 4.400000000000003000, 2.990000000000000200, 5.799999999999983800 ) ) ;
#7663 = CARTESIAN_POINT ( 'NONE',  ( 6.772565569196427000, 4.500000000000000900, -1.099520966376733600 ) ) ;
#7664 = EDGE_CURVE ( 'NONE', #9808, #8798, #2949, .T. ) ;
#7665 = ORIENTED_EDGE ( 'NONE', *, *, #2655, .T. ) ;
#7666 = LINE ( 'NONE', #7902, #2261 ) ;
#7667 = CARTESIAN_POINT ( 'NONE',  ( 7.483658129123965000, 4.510000000000001600, -2.078008495689835000 ) ) ;
#7668 = DIRECTION ( 'NONE',  ( -0.0000000000000000000, -1.000000000000000000, -0.0000000000000000000 ) ) ;
#7669 = CARTESIAN_POINT ( 'NONE',  ( 6.617493399034635200, 4.500000000000000900, -1.460466574612721700 ) ) ;
#7670 = CARTESIAN_POINT ( 'NONE',  ( 4.638409840995713300, 4.500000000000000900, -2.411986976220042300 ) ) ;
#7671 = SURFACE_STYLE_FILL_AREA ( #3124 ) ;
#7672 = ORIENTED_EDGE ( 'NONE', *, *, #5423, .F. ) ;
#7673 = CARTESIAN_POINT ( 'NONE',  ( 4.867476981026785100, 4.510000000000000700, -0.9176199247100670400 ) ) ;
#7674 =( GEOMETRIC_REPRESENTATION_CONTEXT ( 3 ) GLOBAL_UNCERTAINTY_ASSIGNED_CONTEXT ( ( #7941 ) ) GLOBAL_UNIT_ASSIGNED_CONTEXT ( ( #6864, #2246, #8394 ) ) REPRESENTATION_CONTEXT ( 'NONE', 'WORKASPACE' ) );
#7675 = CARTESIAN_POINT ( 'NONE',  ( 6.181370325574492100, 4.499999999999999100, -2.726937923305110500 ) ) ;
#7676 = CARTESIAN_POINT ( 'NONE',  ( 7.288043588670111800, 4.509999999999999800, -1.420942306409518100 ) ) ;
#7677 = EDGE_CURVE ( 'NONE', #3080, #8982, #2768, .T. ) ;
#7678 =( NAMED_UNIT ( * ) SI_UNIT ( $, .STERADIAN. ) SOLID_ANGLE_UNIT ( ) );
#7679 = VECTOR ( 'NONE', #3941, 1000.000000000000000 ) ;
#7680 = CARTESIAN_POINT ( 'NONE',  ( 3.018527336545354000, 4.509999999999999800, -1.411113213743273600 ) ) ;
#7681 = DIRECTION ( 'NONE',  ( -1.000000000000000000, 0.0000000000000000000, 0.0000000000000000000 ) ) ;
#7682 = EDGE_LOOP ( 'NONE', ( #9868, #1134, #6699, #2196, #3610, #4787, #1023, #7821 ) ) ;
#7683 = CARTESIAN_POINT ( 'NONE',  ( 6.262593005952380700, 4.500000000000000900, -2.372828258043400100 ) ) ;
#7684 = CARTESIAN_POINT ( 'NONE',  ( 2.682372215663588300, 4.510000000000000700, -2.722836433553022900 ) ) ;
#7685 = LINE ( 'NONE', #7971, #7449 ) ;
#7686 = MECHANICAL_DESIGN_GEOMETRIC_PRESENTATION_REPRESENTATION (  '', ( #6651 ), #1342 ) ;
#7687 = PRESENTATION_STYLE_ASSIGNMENT (( #1577 ) ) ;
#7688 = UNCERTAINTY_MEASURE_WITH_UNIT (LENGTH_MEASURE( 1.000000000000000100E-005 ), #8048, 'distance_accuracy_value', 'NONE');
#7689 = STYLED_ITEM ( 'NONE', ( #5278 ), #5557 ) ;
#7690 = VERTEX_POINT ( 'NONE', #343 ) ;
#7691 = CARTESIAN_POINT ( 'NONE',  ( 3.250000000000003100, 2.990000000000000200, 5.799999999999983800 ) ) ;
#7692 = CARTESIAN_POINT ( 'NONE',  ( 6.888779430108173500, 4.509999999999999800, -2.319159550889543700 ) ) ;
#7693 = STYLED_ITEM ( 'NONE', ( #3374 ), #1212 ) ;
#7694 = CARTESIAN_POINT ( 'NONE',  ( 7.067445114099083300, 4.509999999999999800, -2.528852599027336700 ) ) ;
#7695 = CARTESIAN_POINT ( 'NONE',  ( 6.443805371805283700, 4.510000000000001600, -2.393300428662840300 ) ) ;
#7696 = CARTESIAN_POINT ( 'NONE',  ( 4.867476981026785100, 4.500000000000001800, -0.9176199247100670400 ) ) ;
#7697 = EDGE_LOOP ( 'NONE', ( #85, #2321, #2532, #4406 ) ) ;
#7698 = UNCERTAINTY_MEASURE_WITH_UNIT (LENGTH_MEASURE( 1.000000000000000100E-005 ), #9672, 'distance_accuracy_value', 'NONE');
#7699 = CARTESIAN_POINT ( 'NONE',  ( 6.088406517392113100, 4.509999999999999800, -1.008570445543400100 ) ) ;
#7700 = CARTESIAN_POINT ( 'NONE',  ( 6.655377291673975300, 4.509999999999999800, -1.693114568848612400 ) ) ;
#7701 = EDGE_CURVE ( 'NONE', #340, #4671, #8215, .T. ) ;
#7702 = STYLED_ITEM ( 'NONE', ( #6188 ), #2699 ) ;
#7703 = FILL_AREA_STYLE ('',( #3815 ) ) ;
#7704 = CARTESIAN_POINT ( 'NONE',  ( 6.083222047940668500, 4.509999999999999800, -1.047963875669278400 ) ) ;
#7705 = VERTEX_POINT ( 'NONE', #4840 ) ;
#7706 = ORIENTED_EDGE ( 'NONE', *, *, #22, .T. ) ;
#7707 = CARTESIAN_POINT ( 'NONE',  ( 6.266074259224552600, 4.500000000000002700, -2.693998988631578500 ) ) ;
#7708 = CARTESIAN_POINT ( 'NONE',  ( 3.013548060825892400, 4.500000000000000000, -1.450330118162447700 ) ) ;
#7709 = CARTESIAN_POINT ( 'NONE',  ( 4.628038055464847900, 4.500000000000001800, -2.642539487240881600 ) ) ;
#7710 = CARTESIAN_POINT ( 'NONE',  ( 5.181526791761850600, 4.500000000000001800, -0.9399744836577715900 ) ) ;
#7711 = CARTESIAN_POINT ( 'NONE',  ( -8.673617379884035500E-016, 1.000000000000000000, -13.00000000000000200 ) ) ;
#7712 =( NAMED_UNIT ( * ) SI_UNIT ( $, .STERADIAN. ) SOLID_ANGLE_UNIT ( ) );
#7713 = SURFACE_STYLE_USAGE ( .BOTH. , #32 ) ;
#7714 = UNCERTAINTY_MEASURE_WITH_UNIT (LENGTH_MEASURE( 1.000000000000000100E-005 ), #8488, 'distance_accuracy_value', 'NONE');
#7715 = ORIENTED_EDGE ( 'NONE', *, *, #3514, .T. ) ;
#7716 = CARTESIAN_POINT ( 'NONE',  ( 0.7008023251876108800, 4.510000000000000700, -2.559454679426736800 ) ) ;
#7717 = CARTESIAN_POINT ( 'NONE',  ( 6.037045913780454000, 4.500000000000000000, -1.094507485193339400 ) ) ;
#7718 = CARTESIAN_POINT ( 'NONE',  ( 5.125773605048189900, 4.510000000000000700, -2.315811436865796900 ) ) ;
#7719 = CARTESIAN_POINT ( 'NONE',  ( 6.173609246204016200, 4.509999999999999800, -2.530829638628621300 ) ) ;
#7720 = PRESENTATION_STYLE_ASSIGNMENT (( #3205 ) ) ;
#7721 = CARTESIAN_POINT ( 'NONE',  ( 7.023224145289559000, 4.509999999999999800, -2.495667312210589500 ) ) ;
#7722 = ORIENTED_EDGE ( 'NONE', *, *, #3143, .F. ) ;
#7723 =( GEOMETRIC_REPRESENTATION_CONTEXT ( 3 ) GLOBAL_UNCERTAINTY_ASSIGNED_CONTEXT ( ( #2278 ) ) GLOBAL_UNIT_ASSIGNED_CONTEXT ( ( #5242, #8342, #8400 ) ) REPRESENTATION_CONTEXT ( 'NONE', 'WORKASPACE' ) );
#7724 = FACE_OUTER_BOUND ( 'NONE', #9783, .T. ) ;
#7725 = CARTESIAN_POINT ( 'NONE',  ( 2.425095526932421500, 4.509999999999998900, -1.203115286063851700 ) ) ;
#7726 = CARTESIAN_POINT ( 'NONE',  ( 7.219698003989985400, 4.500000000000001800, -1.753814059769081400 ) ) ;
#7727 = VECTOR ( 'NONE', #6876, 1000.000000000000000 ) ;
#7728 = CARTESIAN_POINT ( 'NONE',  ( 6.623862038345388100, 4.510000000000001600, -1.513909559264479300 ) ) ;
#7729 = EDGE_CURVE ( 'NONE', #7235, #5257, #1729, .T. ) ;
#7730 = ORIENTED_EDGE ( 'NONE', *, *, #5563, .T. ) ;
#7731 =( LENGTH_UNIT ( ) NAMED_UNIT ( * ) SI_UNIT ( .MILLI., .METRE. ) );
#7732 = COLOUR_RGB ( '',1.000000000000000000, 1.000000000000000000, 1.000000000000000000 ) ;
#7733 = CARTESIAN_POINT ( 'NONE',  ( 0.7100000000000031800, 2.990000000000000200, 5.799999999999983800 ) ) ;
#7734 = CARTESIAN_POINT ( 'NONE',  ( 3.097020724034378300, 4.500000000000000900, -1.541151236593966100 ) ) ;
#7735 = CARTESIAN_POINT ( 'NONE',  ( 5.088573919054214300, 4.500000000000003600, -2.228284837589486600 ) ) ;
#7736 =( NAMED_UNIT ( * ) SI_UNIT ( $, .STERADIAN. ) SOLID_ANGLE_UNIT ( ) );
#7737 = DIRECTION ( 'NONE',  ( 0.0000000000000000000, 1.000000000000000000, 0.0000000000000000000 ) ) ;
#7738 = PRESENTATION_LAYER_ASSIGNMENT (  '', '', ( #8473 ) ) ;
#7739 = VERTEX_POINT ( 'NONE', #28 ) ;
#7740 = ORIENTED_EDGE ( 'NONE', *, *, #5600, .F. ) ;
#7741 = DIRECTION ( 'NONE',  ( 0.2581447871051093500, 0.0000000000000000000, -0.9661062409955012400 ) ) ;
#7742 = CARTESIAN_POINT ( 'NONE',  ( 5.164604246405407800, 4.509999999999998000, -1.042164952054618800 ) ) ;
#7743 = MECHANICAL_DESIGN_GEOMETRIC_PRESENTATION_REPRESENTATION (  '', ( #9238 ), #3647 ) ;
#7744 = CARTESIAN_POINT ( 'NONE',  ( -8.673617379884035500E-016, 1.000000000000000000, -13.00000000000000200 ) ) ;
#7745 = CARTESIAN_POINT ( 'NONE',  ( 2.141840252967773600, 4.500000000000000000, -2.358750625986579600 ) ) ;
#7746 = VECTOR ( 'NONE', #4091, 1000.000000000000000 ) ;
#7747 = CARTESIAN_POINT ( 'NONE',  ( 0.6615252670045747000, 4.500000000000000900, -2.590227330290587800 ) ) ;
#7748 = ORIENTED_EDGE ( 'NONE', *, *, #310, .T. ) ;
#7749 = CARTESIAN_POINT ( 'NONE',  ( 2.489621464519551800, 4.509999999999998900, -2.734416018275681400 ) ) ;
#7750 = ORIENTED_EDGE ( 'NONE', *, *, #4616, .F. ) ;
#7751 = DIRECTION ( 'NONE',  ( -1.000000000000000000, 0.0000000000000000000, -2.168404344971008900E-016 ) ) ;
#7752 =( LENGTH_UNIT ( ) NAMED_UNIT ( * ) SI_UNIT ( .MILLI., .METRE. ) );
#7753 = B_SPLINE_CURVE_WITH_KNOTS ( 'NONE', 3,
 ( #3843, #9149, #3645, #4578, #5348, #786, #6641, #1558, #6916, #2310, #519, #1337, #5858, #9687, #8214, #7427, #2833, #5120, #554 ),
 .UNSPECIFIED., .F., .F.,
 ( 4, 1, 1, 1, 1, 1, 1, 1, 1, 1, 1, 1, 1, 1, 1, 1, 4 ),
 ( 0.0000000000000000000, 0.03834071324777453500, 0.07750939163373007900, 0.1182835932177109800, 0.1613540092509254100, 0.2073079104334317500, 0.2570799722343181700, 0.3106741504272330600, 0.3683071397237665000, 0.4302342101250791800, 0.4972360532654251900, 0.5683295723612031800, 0.6442256478402399500, 0.7259981487572542100, 0.8118153447437130900, 0.9036603918444094900, 1.000000000000000000 ),
 .UNSPECIFIED. ) ;
#7754 = CARTESIAN_POINT ( 'NONE',  ( 7.089472794064652900, 4.509999999999999800, -2.540400938040191700 ) ) ;
#7755 = STYLED_ITEM ( 'NONE', ( #7629 ), #9708 ) ;
#7756 = CARTESIAN_POINT ( 'NONE',  ( 6.444055796865916900, 4.500000000000000900, -2.361425980753538000 ) ) ;
#7757 = PRESENTATION_LAYER_ASSIGNMENT (  '', '', ( #3132 ) ) ;
#7758 = CARTESIAN_POINT ( 'NONE',  ( 2.993247154490524100, 4.500000000000000900, -2.206013419754879700 ) ) ;
#7759 = CARTESIAN_POINT ( 'NONE',  ( 5.997862025669642900, 4.500000000000000900, -1.099520966376733600 ) ) ;
#7760 = FACE_OUTER_BOUND ( 'NONE', #844, .T. ) ;
#7761 = VERTEX_POINT ( 'NONE', #898 ) ;
#7762 = DIRECTION ( 'NONE',  ( 0.0000000000000000000, 1.000000000000000000, 0.0000000000000000000 ) ) ;
#7763 = CARTESIAN_POINT ( 'NONE',  ( 6.613693479778741700, 4.509999999999998900, -1.377248336182649500 ) ) ;
#7764 = B_SPLINE_SURFACE_WITH_KNOTS ( 'NONE', 3, 1, ( 
 ( #4827, #5613 ),
 ( #5740, #9537 ),
 ( #3316, #1870 ),
 ( #5704, #6489 ),
 ( #1176, #364 ),
 ( #4896, #4089 ),
 ( #9409, #1042 ),
 ( #1904, #8711 ),
 ( #2647, #7266 ),
 ( #2574, #4119 ),
 ( #296, #332 ) ),
 .UNSPECIFIED., .F., .F., .F.,
 ( 4, 1, 1, 1, 1, 1, 1, 1, 4 ),
 ( 2, 2 ),
 ( 0.0000000000000000000, 0.09486978756470546000, 0.1957836342065310300, 0.3032057033568426000, 0.4212345528262024800, 0.5488960780012359700, 0.6876390831323600000, 0.8381370387901755400, 1.000000000000000000 ),
 ( 0.0000000000000000000, 1.000000000000000000 ),
 .UNSPECIFIED. ) ;
#7765 = ORIENTED_EDGE ( 'NONE', *, *, #2191, .F. ) ;
#7766 = CARTESIAN_POINT ( 'NONE',  ( 6.443173864328841200, 4.509999999999999800, -2.330309223782979400 ) ) ;
#7767 = DIRECTION ( 'NONE',  ( 1.734723475976806900E-015, -1.000000000000000000, 0.0000000000000000000 ) ) ;
#7768 = CARTESIAN_POINT ( 'NONE',  ( 1.278585670107886800, 4.509999999999999800, -2.554729299710066600 ) ) ;
#7769 = LINE ( 'NONE', #9256, #8465 ) ;
#7770 = PLANE ( 'NONE',  #6841 ) ;
#7771 = EDGE_CURVE ( 'NONE', #9270, #1767, #7810, .T. ) ;
#7772 = ORIENTED_EDGE ( 'NONE', *, *, #7650, .F. ) ;
#7773 = FILL_AREA_STYLE ('',( #7615 ) ) ;
#7774 =( LENGTH_UNIT ( ) NAMED_UNIT ( * ) SI_UNIT ( .MILLI., .METRE. ) );
#7775 = ORIENTED_EDGE ( 'NONE', *, *, #4222, .F. ) ;
#7776 = CARTESIAN_POINT ( 'NONE',  ( 0.6809108189174105700, 4.509999999999999800, -1.005728241767358500 ) ) ;
#7777 =( NAMED_UNIT ( * ) SI_UNIT ( $, .STERADIAN. ) SOLID_ANGLE_UNIT ( ) );
#7778 = DIRECTION ( 'NONE',  ( 0.6714571773835018600, 0.0000000000000000000, -0.7410433583402394900 ) ) ;
#7779 =( NAMED_UNIT ( * ) PLANE_ANGLE_UNIT ( ) SI_UNIT ( $, .RADIAN. ) );
#7780 =( NAMED_UNIT ( * ) SI_UNIT ( $, .STERADIAN. ) SOLID_ANGLE_UNIT ( ) );
#7781 = CARTESIAN_POINT ( 'NONE',  ( 0.6853771391369045700, 4.499999999999999100, -1.033338221306048900 ) ) ;
#7782 = CARTESIAN_POINT ( 'NONE',  ( 5.997862025669642900, 4.500000000000000900, -1.099520966376733600 ) ) ;
#7783 = CARTESIAN_POINT ( 'NONE',  ( 6.262295226800813600, 4.509999999999999800, -2.363467509424859600 ) ) ;
#7784 = SURFACE_SIDE_STYLE ('',( #3337 ) ) ;
#7785 = CARTESIAN_POINT ( 'NONE',  ( 8.000000000000000000, 0.0000000000000000000, 0.0000000000000000000 ) ) ;
#7786 = CARTESIAN_POINT ( 'NONE',  ( 7.148522036177767300, 4.500000000000000900, -2.554411569219188700 ) ) ;
#7787 = EDGE_CURVE ( 'NONE', #3465, #2215, #2587, .T. ) ;
#7788 = ORIENTED_EDGE ( 'NONE', *, *, #8263, .T. ) ;
#7789 = CARTESIAN_POINT ( 'NONE',  ( 6.353102374140174600, 4.510000000000000700, -2.100932883778873900 ) ) ;
#7790 = CARTESIAN_POINT ( 'NONE',  ( 5.564194921155187300, 4.500000000000001800, -2.456597176201947600 ) ) ;
#7791 = ADVANCED_FACE ( 'NONE', ( #3683 ), #4459, .T. ) ;
#7792 = CARTESIAN_POINT ( 'NONE',  ( 4.692192666249813900, 4.509999999999999800, -2.458556450953180800 ) ) ;
#7793 = LINE ( 'NONE', #7441, #5734 ) ;
#7794 = FILL_AREA_STYLE ('',( #2419 ) ) ;
#7795 = AXIS2_PLACEMENT_3D ( 'NONE', #9523, #7955, #3371 ) ;
#7796 = CARTESIAN_POINT ( 'NONE',  ( 6.614294093622547200, 4.500000000000000000, -1.409902502619032400 ) ) ;
#7797 = LINE ( 'NONE', #9442, #5743 ) ;
#7798 = CARTESIAN_POINT ( 'NONE',  ( 6.353102374140174600, 4.510000000000000700, -2.100932883778873900 ) ) ;
#7799 = ORIENTED_EDGE ( 'NONE', *, *, #5233, .T. ) ;
#7800 = DIRECTION ( 'NONE',  ( -0.0000000000000000000, -1.000000000000000000, -0.0000000000000000000 ) ) ;
#7801 = MECHANICAL_DESIGN_GEOMETRIC_PRESENTATION_REPRESENTATION (  '', ( #7489 ), #1952 ) ;
#7802 = DIRECTION ( 'NONE',  ( -0.0000000000000000000, -1.000000000000000000, -0.0000000000000000000 ) ) ;
#7803 = FACE_OUTER_BOUND ( 'NONE', #5712, .T. ) ;
#7804 = DIRECTION ( 'NONE',  ( 0.0000000000000000000, -1.000000000000000000, 0.0000000000000000000 ) ) ;
#7805 = EDGE_CURVE ( 'NONE', #838, #4042, #5194, .T. ) ;
#7806 = CARTESIAN_POINT ( 'NONE',  ( -2.540000000000000000, -2.259999999999961600, 4.259999999999985600 ) ) ;
#7807 = CARTESIAN_POINT ( 'NONE',  ( 6.160112945658233300, 4.509999999999999800, -2.148605785864427600 ) ) ;
#7808 = CARTESIAN_POINT ( 'NONE',  ( 1.692723202390605600, 4.499999999999998200, -1.209468582649994900 ) ) ;
#7809 = CARTESIAN_POINT ( 'NONE',  ( 4.952837003297808000, 4.500000000000001800, -1.047963875669278400 ) ) ;
#7810 = B_SPLINE_CURVE_WITH_KNOTS ( 'NONE', 3,
 ( #7708, #1606, #3927, #6962, #158, #9201, #6248, #1671, #3986, #7734, #4594 ),
 .UNSPECIFIED., .F., .F.,
 ( 4, 1, 1, 1, 1, 1, 1, 1, 4 ),
 ( 0.0000000000000000000, 0.1463941581703432400, 0.2741462767690248100, 0.3914718108035067900, 0.5012977292221224600, 0.6111236476407392300, 0.7259264616833669400, 0.8563590895686886700, 1.000000000000000000 ),
 .UNSPECIFIED. ) ;
#7811 =( NAMED_UNIT ( * ) SI_UNIT ( $, .STERADIAN. ) SOLID_ANGLE_UNIT ( ) );
#7812 = EDGE_LOOP ( 'NONE', ( #3159, #3429, #9187, #9469 ) ) ;
#7813 = CARTESIAN_POINT ( 'NONE',  ( 7.290000000000004500, 2.990000000000000200, 5.799999999999983800 ) ) ;
#7814 = CARTESIAN_POINT ( 'NONE',  ( 4.029026867094492200, 4.509999999999999800, -1.008570445543400100 ) ) ;
#7815 = SURFACE_SIDE_STYLE ('',( #1419 ) ) ;
#7816 = FILL_AREA_STYLE ('',( #2374 ) ) ;
#7817 = CARTESIAN_POINT ( 'NONE',  ( 6.262593005952380700, 4.509999999999999800, -2.372828258043400100 ) ) ;
#7818 =( LENGTH_UNIT ( ) NAMED_UNIT ( * ) SI_UNIT ( .MILLI., .METRE. ) );
#7819 = CARTESIAN_POINT ( 'NONE',  ( 1.762871472978455100, 4.500000000000000900, -2.606462916124225000 ) ) ;
#7820 = MECHANICAL_DESIGN_GEOMETRIC_PRESENTATION_REPRESENTATION (  '', ( #7693 ), #8815 ) ;
#7821 = ORIENTED_EDGE ( 'NONE', *, *, #7091, .T. ) ;
#7822 = UNCERTAINTY_MEASURE_WITH_UNIT (LENGTH_MEASURE( 1.000000000000000100E-005 ), #468, 'distance_accuracy_value', 'NONE');
#7823 = PRESENTATION_STYLE_ASSIGNMENT (( #7194 ) ) ;
#7824 = CARTESIAN_POINT ( 'NONE',  ( 6.434984256956553800, 4.509999999999998900, -2.283935102730433100 ) ) ;
#7825 = CARTESIAN_POINT ( 'NONE',  ( 3.942948695591516700, 4.500000000000000900, -1.450330118162447700 ) ) ;
#7826 = FACE_OUTER_BOUND ( 'NONE', #1549, .T. ) ;
#7827 = DIRECTION ( 'NONE',  ( 1.000000000000000000, -0.0000000000000000000, -0.0000000000000000000 ) ) ;
#7828 = ORIENTED_EDGE ( 'NONE', *, *, #4387, .T. ) ;
#7829 = CARTESIAN_POINT ( 'NONE',  ( 2.068351633955786800, 4.509999999999998000, -2.239751663166089200 ) ) ;
#7830 = EDGE_CURVE ( 'NONE', #1028, #1089, #2703, .T. ) ;
#7831 = FILL_AREA_STYLE ('',( #3273 ) ) ;
#7832 = CARTESIAN_POINT ( 'NONE',  ( 7.216379014363425000, 4.500000000000000900, -2.736374672132270800 ) ) ;
#7833 = CARTESIAN_POINT ( 'NONE',  ( 3.001143816869870300, 4.500000000000001800, -2.300220738961397300 ) ) ;
#7834 = ORIENTED_EDGE ( 'NONE', *, *, #9464, .T. ) ;
#7835 = CARTESIAN_POINT ( 'NONE',  ( 3.907586967703442900, 4.500000000000001800, -1.371700583321890500 ) ) ;
#7836 = CARTESIAN_POINT ( 'NONE',  ( 3.001773216610862200, 4.509999999999999800, -2.281877737210066900 ) ) ;
#7837 = VERTEX_POINT ( 'NONE', #324 ) ;
#7838 = CARTESIAN_POINT ( 'NONE',  ( 2.795104399181546700, 4.509999999999999800, -1.463323049710066900 ) ) ;
#7839 = DIRECTION ( 'NONE',  ( 1.000000000000000000, -0.0000000000000000000, -0.0000000000000000000 ) ) ;
#7840 =( LENGTH_UNIT ( ) NAMED_UNIT ( * ) SI_UNIT ( .MILLI., .METRE. ) );
#7841 = CARTESIAN_POINT ( 'NONE',  ( 1.857284237892998100, 4.500000000000000900, -0.9992806684977452200 ) ) ;
#7842 = LINE ( 'NONE', #4745, #4809 ) ;
#7843 =( NAMED_UNIT ( * ) PLANE_ANGLE_UNIT ( ) SI_UNIT ( $, .RADIAN. ) );
#7844 = ADVANCED_FACE ( 'NONE', ( #3180 ), #5571, .F. ) ;
#7845 = CARTESIAN_POINT ( 'NONE',  ( 4.888042187279578100, 4.510000000000000700, -1.099144658173321700 ) ) ;
#7846 = B_SPLINE_SURFACE_WITH_KNOTS ( 'NONE', 3, 1, ( 
 ( #3064, #7625 ),
 ( #6164, #6126 ),
 ( #6946, #2346 ),
 ( #3126, #3032 ),
 ( #3907, #9214 ) ),
 .UNSPECIFIED., .F., .F., .F.,
 ( 4, 1, 4 ),
 ( 2, 2 ),
 ( 0.0000000000000000000, 0.5021492086968814000, 1.000000000000000000 ),
 ( 0.0000000000000000000, 1.000000000000000000 ),
 .UNSPECIFIED. ) ;
#7847 = SURFACE_STYLE_USAGE ( .BOTH. , #5512 ) ;
#7848 = CARTESIAN_POINT ( 'NONE',  ( 0.8031435130265859300, 4.500000000000001800, -0.9193368064240683400 ) ) ;
#7849 = ORIENTED_EDGE ( 'NONE', *, *, #4658, .T. ) ;
#7850 = EDGE_CURVE ( 'NONE', #1400, #2438, #8233, .T. ) ;
#7851 = CARTESIAN_POINT ( 'NONE',  ( 6.076805576540865100, 4.500000000000001800, -1.064356071063501400 ) ) ;
#7852 = CARTESIAN_POINT ( 'NONE',  ( 3.013548060825892400, 4.500000000000000000, -1.450330118162447700 ) ) ;
#7853 = CARTESIAN_POINT ( 'NONE',  ( 6.449192394797800700, 4.500000000000000000, -1.166510598833230900 ) ) ;
#7854 = FACE_OUTER_BOUND ( 'NONE', #6447, .T. ) ;
#7855 = MECHANICAL_DESIGN_GEOMETRIC_PRESENTATION_REPRESENTATION (  '', ( #2516 ), #3044 ) ;
#7856 = FACE_OUTER_BOUND ( 'NONE', #7480, .T. ) ;
#7857 = ORIENTED_EDGE ( 'NONE', *, *, #5884, .T. ) ;
#7858 = CARTESIAN_POINT ( 'NONE',  ( 6.353102374140174600, 4.500000000000001800, -2.100932883778873900 ) ) ;
#7859 = CARTESIAN_POINT ( 'NONE',  ( 1.855588247628682900, 4.500000000000001800, -1.448506838128058800 ) ) ;
#7860 = STYLED_ITEM ( 'NONE', ( #8433 ), #3269 ) ;
#7861 = SURFACE_STYLE_USAGE ( .BOTH. , #7901 ) ;
#7862 = CARTESIAN_POINT ( 'NONE',  ( 4.906049746558777800, 4.509999999999999800, -2.554729299710066600 ) ) ;
#7863 = EDGE_CURVE ( 'NONE', #3744, #1748, #6890, .T. ) ;
#7864 = UNCERTAINTY_MEASURE_WITH_UNIT (LENGTH_MEASURE( 1.000000000000000100E-005 ), #5258, 'distance_accuracy_value', 'NONE');
#7865 = CARTESIAN_POINT ( 'NONE',  ( 7.204580543154761200, 4.500000000000000000, -2.736630341376733000 ) ) ;
#7866 = VERTEX_POINT ( 'NONE', #1075 ) ;
#7867 = VERTEX_POINT ( 'NONE', #2462 ) ;
#7868 = CARTESIAN_POINT ( 'NONE',  ( 7.216379014363425000, 4.509999999999999800, -2.736374672132270800 ) ) ;
#7869 =( LENGTH_UNIT ( ) NAMED_UNIT ( * ) SI_UNIT ( .MILLI., .METRE. ) );
#7870 = FILL_AREA_STYLE_COLOUR ( '', #9343 ) ;
#7871 = VECTOR ( 'NONE', #7502, 1000.000000000000000 ) ;
#7872 = ORIENTED_EDGE ( 'NONE', *, *, #1881, .F. ) ;
#7873 = CARTESIAN_POINT ( 'NONE',  ( 6.569088636245370900, 4.509999999999999800, -0.9600070487248615300 ) ) ;
#7874 = CARTESIAN_POINT ( 'NONE',  ( 5.131305657779814800, 4.509999999999999800, -2.344464161783645900 ) ) ;
#7875 = CARTESIAN_POINT ( 'NONE',  ( 7.216379014363425000, 4.509999999999999800, -2.736374672132270800 ) ) ;
#7876 = DIRECTION ( 'NONE',  ( 0.0000000000000000000, 0.0000000000000000000, -1.000000000000000000 ) ) ;
#7877 = VECTOR ( 'NONE', #7617, 1000.000000000000000 ) ;
#7878 = STYLED_ITEM ( 'NONE', ( #968 ), #8178 ) ;
#7879 = DIRECTION ( 'NONE',  ( -0.0000000000000000000, -1.000000000000000000, -0.0000000000000000000 ) ) ;
#7880 = DIRECTION ( 'NONE',  ( 0.0000000000000000000, 4.336808689942025600E-016, 1.000000000000000000 ) ) ;
#7881 = FACE_BOUND ( 'NONE', #3402, .T. ) ;
#7882 = ORIENTED_EDGE ( 'NONE', *, *, #8525, .F. ) ;
#7883 = MECHANICAL_DESIGN_GEOMETRIC_PRESENTATION_REPRESENTATION (  '', ( #6463 ), #2161 ) ;
#7884 = ORIENTED_EDGE ( 'NONE', *, *, #7863, .T. ) ;
#7885 = STYLED_ITEM ( 'NONE', ( #982 ), #1264 ) ;
#7886 = UNCERTAINTY_MEASURE_WITH_UNIT (LENGTH_MEASURE( 1.000000000000000100E-005 ), #4758, 'distance_accuracy_value', 'NONE');
#7887 = CARTESIAN_POINT ( 'NONE',  ( 4.400000000000003000, 1.739999999999988900, 7.249999999999984000 ) ) ;
#7888 = ORIENTED_EDGE ( 'NONE', *, *, #7664, .T. ) ;
#7889 = CARTESIAN_POINT ( 'NONE',  ( 2.795104399181546700, 4.509999999999999800, -1.463323049710066900 ) ) ;
#7890 = FILL_AREA_STYLE ('',( #2549 ) ) ;
#7891 = CARTESIAN_POINT ( 'NONE',  ( 1.755972059074294400, 4.510000000000000700, -2.590227330290587400 ) ) ;
#7892 = COLOUR_RGB ( '',0.8470588235294117500, 0.8470588235294117500, 0.8470588235294117500 ) ;
#7893 = ORIENTED_EDGE ( 'NONE', *, *, #8884, .F. ) ;
#7894 = ORIENTED_EDGE ( 'NONE', *, *, #1191, .F. ) ;
#7895 = EDGE_CURVE ( 'NONE', #4987, #3494, #4953, .T. ) ;
#7896 = FILL_AREA_STYLE_COLOUR ( '', #9191 ) ;
#7897 = MECHANICAL_DESIGN_GEOMETRIC_PRESENTATION_REPRESENTATION (  '', ( #2362 ), #6857 ) ;
#7898 = ADVANCED_FACE ( 'NONE', ( #3296 ), #7943, .T. ) ;
#7899 = CARTESIAN_POINT ( 'NONE',  ( 6.935468747816531600, 4.509999999999998000, -2.647855662113765000 ) ) ;
#7900 = VECTOR ( 'NONE', #4905, 1000.000000000000000 ) ;
#7901 = SURFACE_SIDE_STYLE ('',( #3713 ) ) ;
#7902 = CARTESIAN_POINT ( 'NONE',  ( 1.860000000000003700, 1.739999999999996000, 6.749999999999983100 ) ) ;
#7903 = B_SPLINE_SURFACE_WITH_KNOTS ( 'NONE', 3, 1, ( 
 ( #955, #5447 ),
 ( #9356, #7756 ),
 ( #5488, #4644 ),
 ( #7824, #6300 ),
 ( #8533, #2487 ),
 ( #3975, #2414 ),
 ( #3196, #81 ),
 ( #7789, #7858 ),
 ( #3265, #4777 ),
 ( #5554, #920 ),
 ( #6270, #1690 ) ),
 .UNSPECIFIED., .F., .F., .F.,
 ( 4, 1, 1, 1, 1, 1, 1, 1, 4 ),
 ( 2, 2 ),
 ( 0.0000000000000000000, 0.1133694469408671300, 0.2281438269136123500, 0.3445097344601001400, 0.4649364957487214200, 0.5892915729664018900, 0.7190871373224769800, 0.8555500035966808700, 0.9999999999999998900 ),
 ( 0.0000000000000000000, 1.000000000000000000 ),
 .UNSPECIFIED. ) ;
#7904 = CARTESIAN_POINT ( 'NONE',  ( 6.083427241672655600, 4.500000000000002700, -0.9693535411242258900 ) ) ;
#7905 = PRESENTATION_STYLE_ASSIGNMENT (( #2598 ) ) ;
#7906 = CARTESIAN_POINT ( 'NONE',  ( 2.802006894066219700, 4.500000000000001800, -2.190927216376733300 ) ) ;
#7907 = CARTESIAN_POINT ( 'NONE',  ( 7.456928479739600500, 4.509999999999999800, -2.563452876185937900 ) ) ;
#7908 = SURFACE_SIDE_STYLE ('',( #2130 ) ) ;
#7909 = PRESENTATION_STYLE_ASSIGNMENT (( #7049 ) ) ;
#7910 = LINE ( 'NONE', #6552, #6943 ) ;
#7911 =( NAMED_UNIT ( * ) SI_UNIT ( $, .STERADIAN. ) SOLID_ANGLE_UNIT ( ) );
#7912 = CARTESIAN_POINT ( 'NONE',  ( 4.888042187279578100, 4.500000000000001800, -1.099144658173321700 ) ) ;
#7913 = SURFACE_SIDE_STYLE ('',( #9384 ) ) ;
#7914 = CARTESIAN_POINT ( 'NONE',  ( 6.368854994862849700, 4.500000000000001800, -2.601844933314015200 ) ) ;
#7915 = CARTESIAN_POINT ( 'NONE',  ( 0.6853771391369045700, 4.509999999999999800, -1.033338221306048900 ) ) ;
#7916 =( LENGTH_UNIT ( ) NAMED_UNIT ( * ) SI_UNIT ( .MILLI., .METRE. ) );
#7917 = CARTESIAN_POINT ( 'NONE',  ( 4.628038055464847900, 4.510000000000000700, -2.642539487240881600 ) ) ;
#7918 = STYLED_ITEM ( 'NONE', ( #6096 ), #6477 ) ;
#7919 = ORIENTED_EDGE ( 'NONE', *, *, #6051, .F. ) ;
#7920 = FILL_AREA_STYLE ('',( #4253 ) ) ;
#7921 = CARTESIAN_POINT ( 'NONE',  ( 4.325022088913688600, 4.509999999999999800, -1.099520966376733600 ) ) ;
#7922 = EDGE_CURVE ( 'NONE', #8922, #217, #2822, .T. ) ;
#7923 =( NAMED_UNIT ( * ) SI_UNIT ( $, .STERADIAN. ) SOLID_ANGLE_UNIT ( ) );
#7924 = SURFACE_STYLE_USAGE ( .BOTH. , #4103 ) ;
#7925 = ORIENTED_EDGE ( 'NONE', *, *, #4483, .F. ) ;
#7926 = CARTESIAN_POINT ( 'NONE',  ( 5.151697358630950200, 4.509999999999999800, -2.011868378486108400 ) ) ;
#7927 =( NAMED_UNIT ( * ) SI_UNIT ( $, .STERADIAN. ) SOLID_ANGLE_UNIT ( ) );
#7928 = CARTESIAN_POINT ( 'NONE',  ( 2.427029409775403000, 4.509999999999999800, -0.9953936658923971900 ) ) ;
#7929 = CARTESIAN_POINT ( 'NONE',  ( 2.544940948114683600, 4.509999999999998900, -2.735885049807424100 ) ) ;
#7930 = UNCERTAINTY_MEASURE_WITH_UNIT (LENGTH_MEASURE( 1.000000000000000100E-005 ), #3544, 'distance_accuracy_value', 'NONE');
#7931 = ORIENTED_EDGE ( 'NONE', *, *, #3478, .F. ) ;
#7932 = STYLED_ITEM ( 'NONE', ( #6865 ), #552 ) ;
#7933 = CARTESIAN_POINT ( 'NONE',  ( 1.060000000000003600, 1.740000000000000000, 5.999999999999984000 ) ) ;
#7934 = CARTESIAN_POINT ( 'NONE',  ( 6.433783820944412900, 4.500000000000000000, -1.465846044581452100 ) ) ;
#7935 =( NAMED_UNIT ( * ) PLANE_ANGLE_UNIT ( ) SI_UNIT ( $, .RADIAN. ) );
#7936 = SURFACE_STYLE_FILL_AREA ( #2053 ) ;
#7937 = CARTESIAN_POINT ( 'NONE',  ( 8.000000000000000000, 0.0000000000000000000, -13.00000000000000000 ) ) ;
#7938 = ADVANCED_FACE ( 'NONE', ( #3806 ), #8100, .T. ) ;
#7939 = CARTESIAN_POINT ( 'NONE',  ( 2.993247154490524100, 4.509999999999999800, -2.206013419754879700 ) ) ;
#7940 = CARTESIAN_POINT ( 'NONE',  ( 0.8490870066492689500, 4.509999999999999800, -0.9557664663086185000 ) ) ;
#7941 = UNCERTAINTY_MEASURE_WITH_UNIT (LENGTH_MEASURE( 1.000000000000000100E-005 ), #6864, 'distance_accuracy_value', 'NONE');
#7942 = ORIENTED_EDGE ( 'NONE', *, *, #8301, .F. ) ;
#7943 = B_SPLINE_SURFACE_WITH_KNOTS ( 'NONE', 3, 1, ( 
 ( #8705, #9336 ),
 ( #4311, #9638 ),
 ( #7261, #1897 ),
 ( #8034, #2674 ),
 ( #8137, #1136 ),
 ( #9531, #1274 ),
 ( #5062, #8836 ),
 ( #4955, #9570 ),
 ( #8735, #6485 ),
 ( #4208, #7233 ),
 ( #1962, #4993 ) ),
 .UNSPECIFIED., .F., .F., .F.,
 ( 4, 1, 1, 1, 1, 1, 1, 1, 4 ),
 ( 2, 2 ),
 ( 0.0000000000000000000, 0.1438452084224843800, 0.2744633483863634900, 0.3894294444927150500, 0.5015746808976534500, 0.6098445063685621300, 0.7259657379454798100, 0.8559693386118454300, 1.000000000000000000 ),
 ( 0.0000000000000000000, 1.000000000000000000 ),
 .UNSPECIFIED. ) ;
#7944 =( LENGTH_UNIT ( ) NAMED_UNIT ( * ) SI_UNIT ( .MILLI., .METRE. ) );
#7945 = CARTESIAN_POINT ( 'NONE',  ( 2.427029409775403000, 4.509999999999999800, -0.9953936658923971900 ) ) ;
#7946 = STYLED_ITEM ( 'NONE', ( #9287 ), #8963 ) ;
#7947 = CARTESIAN_POINT ( 'NONE',  ( 6.140000000000004100, -2.259999999999997100, 6.749999999999984900 ) ) ;
#7948 = LINE ( 'NONE', #4788, #2673 ) ;
#7949 = ORIENTED_EDGE ( 'NONE', *, *, #6291, .F. ) ;
#7950 = VERTEX_POINT ( 'NONE', #8770 ) ;
#7951 = SURFACE_STYLE_USAGE ( .BOTH. , #2555 ) ;
#7952 = CARTESIAN_POINT ( 'NONE',  ( 7.290000000000004500, 2.490000000000000200, 5.799999999999983800 ) ) ;
#7953 = CARTESIAN_POINT ( 'NONE',  ( 5.578225586157231900, 4.500000000000002700, -2.289430927563800700 ) ) ;
#7954 = CARTESIAN_POINT ( 'NONE',  ( 6.658471389043898000, 4.509999999999999800, -2.272133038549352300 ) ) ;
#7955 = DIRECTION ( 'NONE',  ( -1.000000000000000000, 0.0000000000000000000, 1.355252715606880300E-016 ) ) ;
#7956 = CARTESIAN_POINT ( 'NONE',  ( 3.852404203869046900, 4.509999999999999800, -1.359379597329114500 ) ) ;
#7957 = B_SPLINE_SURFACE_WITH_KNOTS ( 'NONE', 3, 1, ( 
 ( #9913, #5323 ),
 ( #2945, #8287 ),
 ( #3734, #4468 ),
 ( #9125, #6754 ),
 ( #3697, #8261 ),
 ( #6791, #9010 ),
 ( #668, #2199 ),
 ( #4498, #6002 ),
 ( #2232, #3759 ),
 ( #9843, #1447 ),
 ( #9781, #2168 ) ),
 .UNSPECIFIED., .F., .F., .F.,
 ( 4, 1, 1, 1, 1, 1, 1, 1, 4 ),
 ( 2, 2 ),
 ( 0.0000000000000000000, 0.1133694469408669200, 0.2281438269136120700, 0.3445097344601003000, 0.4649364957487215300, 0.5892915729664020000, 0.7190871373224758700, 0.8555500035966811000, 1.000000000000000000 ),
 ( 0.0000000000000000000, 1.000000000000000000 ),
 .UNSPECIFIED. ) ;
#7958 = EDGE_LOOP ( 'NONE', ( #215, #1998, #8640, #4272 ) ) ;
#7959 = EDGE_CURVE ( 'NONE', #3534, #7338, #9862, .T. ) ;
#7960 = ORIENTED_EDGE ( 'NONE', *, *, #2300, .T. ) ;
#7961 = CARTESIAN_POINT ( 'NONE',  ( 3.852404203869046900, 4.509999999999999800, -1.541280638995781200 ) ) ;
#7962 = CARTESIAN_POINT ( 'NONE',  ( 6.523260991002296700, 4.509999999999999800, -1.002022223431515300 ) ) ;
#7963 = CARTESIAN_POINT ( 'NONE',  ( 3.942562321022016200, 4.500000000000000000, -1.429774628317754100 ) ) ;
#7964 = CARTESIAN_POINT ( 'NONE',  ( 5.159411911737351800, 4.509999999999999800, -1.008570445543400100 ) ) ;
#7965 = SURFACE_STYLE_FILL_AREA ( #6721 ) ;
#7966 = CARTESIAN_POINT ( 'NONE',  ( 4.692192666249813900, 4.509999999999999800, -2.458556450953180800 ) ) ;
#7967 = CARTESIAN_POINT ( 'NONE',  ( 2.402880278087797400, 4.500000000000000900, -0.9838026697807514800 ) ) ;
#7968 = COLOUR_RGB ( '',0.8980392156862745400, 0.8980392156862745400, 0.8980392156862745400 ) ;
#7969 = ORIENTED_EDGE ( 'NONE', *, *, #1297, .F. ) ;
#7970 = CARTESIAN_POINT ( 'NONE',  ( 2.544940948114683600, 4.500000000000000000, -2.735885049807424100 ) ) ;
#7971 = CARTESIAN_POINT ( 'NONE',  ( 0.8591575985863093600, 4.509999999999999800, -0.9850207571133405800 ) ) ;
#7972 = CARTESIAN_POINT ( 'NONE',  ( 4.545148840453299100, 4.500000000000000900, -2.311040072749954300 ) ) ;
#7973 = DIRECTION ( 'NONE',  ( 0.0000000000000000000, 1.414962237524463600E-014, -1.000000000000000000 ) ) ;
#7974 = VECTOR ( 'NONE', #3521, 1000.000000000000000 ) ;
#7975 = CARTESIAN_POINT ( 'NONE',  ( 4.750000000000004400, 2.990000000000000200, 1.999999999999984500 ) ) ;
#7976 = CARTESIAN_POINT ( 'NONE',  ( 2.737010598024668600, 4.510000000000000700, -1.304094516372340300 ) ) ;
#7977 = EDGE_CURVE ( 'NONE', #1480, #5090, #5798, .T. ) ;
#7978 = VECTOR ( 'NONE', #2946, 1000.000000000000000 ) ;
#7979 = VERTEX_POINT ( 'NONE', #424 ) ;
#7980 = CARTESIAN_POINT ( 'NONE',  ( 1.878752068428788600, 4.500000000000001800, -1.240568788840435500 ) ) ;
#7981 = SURFACE_STYLE_FILL_AREA ( #8224 ) ;
#7982 = PRESENTATION_LAYER_ASSIGNMENT (  '', '', ( #6955 ) ) ;
#7983 = SURFACE_STYLE_FILL_AREA ( #4215 ) ;
#7984 = CARTESIAN_POINT ( 'NONE',  ( 1.684378085489430600, 4.509999999999999800, -2.736500938974917800 ) ) ;
#7985 =( LENGTH_UNIT ( ) NAMED_UNIT ( * ) SI_UNIT ( .MILLI., .METRE. ) );
#7986 = CYLINDRICAL_SURFACE ( 'NONE', #5599, 2.000000000000000000 ) ;
#7987 = CARTESIAN_POINT ( 'NONE',  ( 4.821276487980102700, 4.509999999999999800, -2.537391382096841200 ) ) ;
#7988 = ORIENTED_EDGE ( 'NONE', *, *, #4043, .T. ) ;
#7989 = ADVANCED_FACE ( 'NONE', ( #2322 ), #7295, .T. ) ;
#7990 = ORIENTED_EDGE ( 'NONE', *, *, #8239, .T. ) ;
#7991 = CARTESIAN_POINT ( 'NONE',  ( 1.890156577225495100, 4.510000000000000700, -2.273412876436924800 ) ) ;
#7992 = DIRECTION ( 'NONE',  ( 1.000000000000000000, 0.0000000000000000000, 0.0000000000000000000 ) ) ;
#7993 = CARTESIAN_POINT ( 'NONE',  ( 0.6809108189174105700, 4.500000000000001800, -1.005728241767358500 ) ) ;
#7994 = EDGE_CURVE ( 'NONE', #8990, #9160, #5305, .T. ) ;
#7995 = ORIENTED_EDGE ( 'NONE', *, *, #9797, .F. ) ;
#7996 = VECTOR ( 'NONE', #9682, 1000.000000000000000 ) ;
#7997 = CARTESIAN_POINT ( 'NONE',  ( 2.599331693659679800, 4.500000000000000000, -1.112551879128611300 ) ) ;
#7998 = CARTESIAN_POINT ( 'NONE',  ( 6.440996554526546600, 4.509999999999999800, -1.209597301188372500 ) ) ;
#7999 = CARTESIAN_POINT ( 'NONE',  ( 5.537016218501706900, 4.509999999999999800, -2.323851074555163300 ) ) ;
#8000 = CARTESIAN_POINT ( 'NONE',  ( 5.249956403459822100, 4.500000000000000900, -0.9176199247100670400 ) ) ;
#8001 = CARTESIAN_POINT ( 'NONE',  ( 5.314109002976188400, 4.509999999999999800, -2.376888549152031100 ) ) ;
#8002 = VERTEX_POINT ( 'NONE', #358 ) ;
#8003 =( NAMED_UNIT ( * ) PLANE_ANGLE_UNIT ( ) SI_UNIT ( $, .RADIAN. ) );
#8004 = FILL_AREA_STYLE ('',( #9375 ) ) ;
#8005 = ORIENTED_EDGE ( 'NONE', *, *, #5246, .F. ) ;
#8006 = AXIS2_PLACEMENT_3D ( 'NONE', #5191, #5252, #637 ) ;
#8007 = CARTESIAN_POINT ( 'NONE',  ( 6.432256153384944500, 4.509999999999999800, -1.394051440477976200 ) ) ;
#8008 = CARTESIAN_POINT ( 'NONE',  ( 1.660698513997386900, 4.510000000000000700, -1.389217441582025800 ) ) ;
#8009 = SURFACE_STYLE_USAGE ( .BOTH. , #6491 ) ;
#8010 = LINE ( 'NONE', #9029, #2974 ) ;
#8011 =( LENGTH_UNIT ( ) NAMED_UNIT ( * ) SI_UNIT ( .MILLI., .METRE. ) );
#8012 = AXIS2_PLACEMENT_3D ( 'NONE', #529, #1242, #5869 ) ;
#8013 = CARTESIAN_POINT ( 'NONE',  ( 4.482561383928570300, 4.509999999999999800, -2.283095824542656200 ) ) ;
#8014 = LINE ( 'NONE', #4467, #4622 ) ;
#8015 = ORIENTED_EDGE ( 'NONE', *, *, #5192, .T. ) ;
#8016 = EDGE_LOOP ( 'NONE', ( #8238, #762, #7894, #4974, #2107, #8223, #5385, #6723, #814, #4919, #3879, #3413, #2690, #4910, #653, #615, #339, #4037, #3376, #1724 ) ) ;
#8017 = FILL_AREA_STYLE_COLOUR ( '', #1110 ) ;
#8018 = UNCERTAINTY_MEASURE_WITH_UNIT (LENGTH_MEASURE( 1.000000000000000100E-005 ), #1182, 'distance_accuracy_value', 'NONE');
#8019 = COLOUR_RGB ( '',0.2509803921568627400, 0.2509803921568627400, 0.2509803921568627400 ) ;
#8020 = EDGE_CURVE ( 'NONE', #6194, #7426, #3310, .T. ) ;
#8021 = CARTESIAN_POINT ( 'NONE',  ( 1.732766314333623200, 4.509999999999999800, -2.724902919779792000 ) ) ;
#8022 = CARTESIAN_POINT ( 'NONE',  ( 2.031082887560073900, 4.510000000000000700, -0.9202807657884671800 ) ) ;
#8023 = FILL_AREA_STYLE ('',( #4225 ) ) ;
#8024 = CARTESIAN_POINT ( 'NONE',  ( 1.873980736087519100, 4.500000000000001800, -2.218847581896561800 ) ) ;
#8025 = COLOUR_RGB ( '',1.000000000000000000, 1.000000000000000000, 1.000000000000000000 ) ;
#8026 = CARTESIAN_POINT ( 'NONE',  ( 4.599465004506847700, 4.510000000000000700, -2.376767648900806500 ) ) ;
#8027 = CARTESIAN_POINT ( 'NONE',  ( 0.6496465773809523300, 4.509999999999999800, -2.645679820543399800 ) ) ;
#8028 = SURFACE_STYLE_USAGE ( .BOTH. , #4175 ) ;
#8029 = ADVANCED_FACE ( 'NONE', ( #5321 ), #7469, .T. ) ;
#8030 = VECTOR ( 'NONE', #8278, 1000.000000000000100 ) ;
#8031 = CARTESIAN_POINT ( 'NONE',  ( 7.313825665703833900, 4.500000000000000900, -2.351656169316176400 ) ) ;
#8032 = VERTEX_POINT ( 'NONE', #9003 ) ;
#8033 = VECTOR ( 'NONE', #2648, 1000.000000000000000 ) ;
#8034 = CARTESIAN_POINT ( 'NONE',  ( 3.937969419872055200, 4.509999999999999800, -1.411113213743273600 ) ) ;
#8035 = CARTESIAN_POINT ( 'NONE',  ( 0.7086928088873689600, 4.509999999999998900, -0.9440210245221388700 ) ) ;
#8036 = CARTESIAN_POINT ( 'NONE',  ( 5.101910771380899800, 4.509999999999999800, -2.484585455516736400 ) ) ;
#8037 = CARTESIAN_POINT ( 'NONE',  ( 6.613744878981242100, 4.509999999999999800, -1.340939343647796500 ) ) ;
#8038 =( NAMED_UNIT ( * ) SI_UNIT ( $, .STERADIAN. ) SOLID_ANGLE_UNIT ( ) );
#8039 = EDGE_CURVE ( 'NONE', #3857, #9779, #195, .T. ) ;
#8040 = CARTESIAN_POINT ( 'NONE',  ( 3.942671227148741000, 4.500000000000002700, -1.471055787771994700 ) ) ;
#8041 = ADVANCED_FACE ( 'NONE', ( #7155 ), #3589, .F. ) ;
#8042 = ORIENTED_EDGE ( 'NONE', *, *, #8595, .F. ) ;
#8043 = CARTESIAN_POINT ( 'NONE',  ( 6.694216960315421800, 4.509999999999999800, -1.851023680273757400 ) ) ;
#8044 = SURFACE_SIDE_STYLE ('',( #3363 ) ) ;
#8045 = MECHANICAL_DESIGN_GEOMETRIC_PRESENTATION_REPRESENTATION (  '', ( #5071 ), #9157 ) ;
#8046 = COLOUR_RGB ( '',1.000000000000000000, 1.000000000000000000, 1.000000000000000000 ) ;
#8047 = ORIENTED_EDGE ( 'NONE', *, *, #3108, .T. ) ;
#8048 =( LENGTH_UNIT ( ) NAMED_UNIT ( * ) SI_UNIT ( .MILLI., .METRE. ) );
#8049 = CARTESIAN_POINT ( 'NONE',  ( 0.7100000000000031800, 2.990000000000000200, 5.799999999999983800 ) ) ;
#8050 =( GEOMETRIC_REPRESENTATION_CONTEXT ( 3 ) GLOBAL_UNCERTAINTY_ASSIGNED_CONTEXT ( ( #376 ) ) GLOBAL_UNIT_ASSIGNED_CONTEXT ( ( #2176, #9103, #7554 ) ) REPRESENTATION_CONTEXT ( 'NONE', 'WORKASPACE' ) );
#8051 = EDGE_CURVE ( 'NONE', #2564, #4135, #3553, .T. ) ;
#8052 = CARTESIAN_POINT ( 'NONE',  ( 6.794729208433986800, 4.510000000000001600, -1.100480777455993000 ) ) ;
#8053 = CARTESIAN_POINT ( 'NONE',  ( 1.872606259300594500, 4.509999999999999800, -0.9878629608893823000 ) ) ;
#8054 = CARTESIAN_POINT ( 'NONE',  ( 1.677306256975446000, 4.509999999999999800, -2.736630341376733000 ) ) ;
#8055 =( NAMED_UNIT ( * ) PLANE_ANGLE_UNIT ( ) SI_UNIT ( $, .RADIAN. ) );
#8056 = UNCERTAINTY_MEASURE_WITH_UNIT (LENGTH_MEASURE( 1.000000000000000100E-005 ), #1483, 'distance_accuracy_value', 'NONE');
#8057 = ORIENTED_EDGE ( 'NONE', *, *, #6249, .T. ) ;
#8058 = CARTESIAN_POINT ( 'NONE',  ( 4.647003173828124100, 4.500000000000001800, -2.655424519204114800 ) ) ;
#8059 = CARTESIAN_POINT ( 'NONE',  ( 0.7010071809926091700, 4.509999999999998900, -2.731616860193340400 ) ) ;
#8060 = CARTESIAN_POINT ( 'NONE',  ( 7.168411742255258000, 4.509999999999998900, -2.554021032845542800 ) ) ;
#8061 = DIRECTION ( 'NONE',  ( 0.0000000000000000000, 1.000000000000000000, 0.0000000000000000000 ) ) ;
#8062 = MECHANICAL_DESIGN_GEOMETRIC_PRESENTATION_REPRESENTATION (  '', ( #8787 ), #2141 ) ;
#8063 = STYLED_ITEM ( 'NONE', ( #2090 ), #4746 ) ;
#8064 = CARTESIAN_POINT ( 'NONE',  ( 4.400000000000003900, 1.739999999999996000, 6.749999999999983100 ) ) ;
#8065 = MECHANICAL_DESIGN_GEOMETRIC_PRESENTATION_REPRESENTATION (  '', ( #1583 ), #2220 ) ;
#8066 = CARTESIAN_POINT ( 'NONE',  ( 7.487459807072171200, 4.500000000000001800, -2.443708560545272000 ) ) ;
#8067 = VERTEX_POINT ( 'NONE', #527 ) ;
#8068 =( NAMED_UNIT ( * ) PLANE_ANGLE_UNIT ( ) SI_UNIT ( $, .RADIAN. ) );
#8069 = CARTESIAN_POINT ( 'NONE',  ( 2.251070684648723800, 4.500000000000001800, -0.9328987841756117800 ) ) ;
#8070 = CARTESIAN_POINT ( 'NONE',  ( 4.395409750351842800, 4.500000000000000900, -2.405548924280862100 ) ) ;
#8071 = APPLICATION_PROTOCOL_DEFINITION ( 'draft international standard', 'automotive_design', 1998, #8107 ) ;
#8072 =( NAMED_UNIT ( * ) PLANE_ANGLE_UNIT ( ) SI_UNIT ( $, .RADIAN. ) );
#8073 = B_SPLINE_SURFACE_WITH_KNOTS ( 'NONE', 3, 1, ( 
 ( #8975, #5382 ),
 ( #7569, #9838 ),
 ( #723, #2262 ),
 ( #4550, #6064 ),
 ( #696, #826 ),
 ( #9908, #1499 ),
 ( #2313, #6131 ),
 ( #6098, #6031 ),
 ( #1470, #6815 ),
 ( #2226, #5317 ),
 ( #1562, #3817 ) ),
 .UNSPECIFIED., .F., .F., .F.,
 ( 4, 1, 1, 1, 1, 1, 1, 1, 4 ),
 ( 2, 2 ),
 ( 0.0000000000000000000, 0.1325868731187113100, 0.2592339736334616800, 0.3800147170249490400, 0.4999003229990281500, 0.6193728004511975800, 0.7408338946043848700, 0.8669920532972605900, 1.000000000000000000 ),
 ( 0.0000000000000000000, 1.000000000000000000 ),
 .UNSPECIFIED. ) ;
#8074 = CARTESIAN_POINT ( 'NONE',  ( 2.232178680845924700, 4.509999999999998900, -2.659899904680231900 ) ) ;
#8075 =( GEOMETRIC_REPRESENTATION_CONTEXT ( 3 ) GLOBAL_UNCERTAINTY_ASSIGNED_CONTEXT ( ( #9441 ) ) GLOBAL_UNIT_ASSIGNED_CONTEXT ( ( #5805, #435, #4376 ) ) REPRESENTATION_CONTEXT ( 'NONE', 'WORKASPACE' ) );
#8076 = ORIENTED_EDGE ( 'NONE', *, *, #8981, .T. ) ;
#8077 = EDGE_CURVE ( 'NONE', #9355, #6136, #5791, .T. ) ;
#8078 = PRESENTATION_STYLE_ASSIGNMENT (( #6559 ) ) ;
#8079 = DIRECTION ( 'NONE',  ( 1.000000000000000000, -0.0000000000000000000, 0.0000000000000000000 ) ) ;
#8080 = SURFACE_STYLE_FILL_AREA ( #2390 ) ;
#8081 = DIRECTION ( 'NONE',  ( -1.000000000000000000, 0.0000000000000000000, 0.0000000000000000000 ) ) ;
#8082 = ORIENTED_EDGE ( 'NONE', *, *, #7091, .F. ) ;
#8083 = FILL_AREA_STYLE ('',( #5078 ) ) ;
#8084 = ORIENTED_EDGE ( 'NONE', *, *, #2920, .T. ) ;
#8085 = CARTESIAN_POINT ( 'NONE',  ( 6.972032867883591200, 4.500000000000001800, -1.232002038787070500 ) ) ;
#8086 = DIRECTION ( 'NONE',  ( -0.0000000000000000000, -1.000000000000000000, -0.0000000000000000000 ) ) ;
#8087 = CARTESIAN_POINT ( 'NONE',  ( 5.537016218501706900, 4.500000000000000900, -2.323851074555163300 ) ) ;
#8088 = ADVANCED_FACE ( 'NONE', ( #8659 ), #2101, .F. ) ;
#8089 = CARTESIAN_POINT ( 'NONE',  ( 5.131305657779814800, 4.500000000000000900, -2.344464161783645900 ) ) ;
#8090 = FILL_AREA_STYLE_COLOUR ( '', #3703 ) ;
#8091 = CARTESIAN_POINT ( 'NONE',  ( 1.846620396205356500, 4.509999999999999800, -1.375214732652775300 ) ) ;
#8092 = DIRECTION ( 'NONE',  ( -1.084202172485504400E-016, 0.0000000000000000000, -1.000000000000000000 ) ) ;
#8093 = B_SPLINE_SURFACE_WITH_KNOTS ( 'NONE', 3, 1, ( 
 ( #1030, #4141 ),
 ( #5631, #319 ),
 ( #1068, #223 ),
 ( #8698, #5660 ),
 ( #7829, #2562 ),
 ( #5561, #2453 ),
 ( #6372, #1800 ) ),
 .UNSPECIFIED., .F., .F., .F.,
 ( 4, 1, 1, 1, 4 ),
 ( 2, 2 ),
 ( 0.0000000000000000000, 0.2623762869679042200, 0.5116071089431961600, 0.7589051454290505200, 1.000000000000000000 ),
 ( 0.0000000000000000000, 1.000000000000000000 ),
 .UNSPECIFIED. ) ;
#8094 = CARTESIAN_POINT ( 'NONE',  ( 7.277357436592456700, 4.500000000000002700, -2.488779595997046000 ) ) ;
#8095 = EDGE_CURVE ( 'NONE', #1252, #1017, #1688, .T. ) ;
#8096 = CARTESIAN_POINT ( 'NONE',  ( 6.261950935808385100, 4.500000000000000900, -2.387115135631040700 ) ) ;
#8097 = EDGE_LOOP ( 'NONE', ( #584, #8134, #6021, #3200 ) ) ;
#8098 = CARTESIAN_POINT ( 'NONE',  ( 2.795104399181546700, 4.500000000000000900, -1.463323049710066900 ) ) ;
#8099 = VERTEX_POINT ( 'NONE', #5096 ) ;
#8100 = PLANE ( 'NONE',  #6714 ) ;
#8101 = DIRECTION ( 'NONE',  ( -0.0000000000000000000, -1.000000000000000000, -0.0000000000000000000 ) ) ;
#8102 = CARTESIAN_POINT ( 'NONE',  ( 1.677306256975446000, 4.509999999999999800, -2.736630341376733000 ) ) ;
#8103 = CARTESIAN_POINT ( 'NONE',  ( 3.600000000000003600, 1.739999999999996000, 6.749999999999983100 ) ) ;
#8104 = STYLED_ITEM ( 'NONE', ( #1554 ), #6566 ) ;
#8105 = DIRECTION ( 'NONE',  ( -0.0000000000000000000, -1.000000000000000000, -0.0000000000000000000 ) ) ;
#8106 = CARTESIAN_POINT ( 'NONE',  ( 0.7100000000000031800, 2.490000000000000200, 1.999999999999984500 ) ) ;
#8107 = APPLICATION_CONTEXT ( 'automotive_design' ) ;
#8108 = ORIENTED_EDGE ( 'NONE', *, *, #9150, .F. ) ;
#8109 = ORIENTED_EDGE ( 'NONE', *, *, #8595, .T. ) ;
#8110 = FILL_AREA_STYLE ('',( #3391 ) ) ;
#8111 = PLANE ( 'NONE',  #5995 ) ;
#8112 = COLOUR_RGB ( '',0.09803921568627450800, 0.09803921568627450800, 0.09803921568627450800 ) ;
#8113 = SURFACE_STYLE_USAGE ( .BOTH. , #8044 ) ;
#8114 = LINE ( 'NONE', #3282, #8677 ) ;
#8115 = EDGE_CURVE ( 'NONE', #9882, #3662, #6101, .T. ) ;
#8116 = CARTESIAN_POINT ( 'NONE',  ( 4.946142783125631000, 4.509999999999999800, -0.9531179552905878500 ) ) ;
#8117 = B_SPLINE_CURVE_WITH_KNOTS ( 'NONE', 3,
 ( #7074, #162, #4661, #8586, #4726, #3216, #2468, #9268, #8513, #4693, #7001, #130, #4021, #4793, #5471, #2538, #904, #8550, #9341 ),
 .UNSPECIFIED., .F., .F.,
 ( 4, 1, 1, 1, 1, 1, 1, 1, 1, 1, 1, 1, 1, 1, 1, 1, 4 ),
 ( 0.0000000000000000000, 0.03828069407247108200, 0.07738805717304707300, 0.1180984301595548500, 0.1611014230638988500, 0.2069833872630443500, 0.2572226791531509500, 0.3107329601489685100, 0.3682757298278993000, 0.4301058585872973800, 0.4970028159540491000, 0.5683747602638313800, 0.6441520267934988100, 0.7257965197093109200, 0.8118025055179974900, 0.9038112034319040200, 1.000000000000000000 ),
 .UNSPECIFIED. ) ;
#8118 = FILL_AREA_STYLE_COLOUR ( '', #6976 ) ;
#8119 = VECTOR ( 'NONE', #5822, 1000.000000000000000 ) ;
#8120 = ORIENTED_EDGE ( 'NONE', *, *, #7258, .T. ) ;
#8121 = CARTESIAN_POINT ( 'NONE',  ( 6.816861544370715900, 4.510000000000000700, -1.105646639397869900 ) ) ;
#8122 = CARTESIAN_POINT ( 'NONE',  ( 6.444494047619048000, 4.509999999999999800, -2.376888549152031100 ) ) ;
#8123 = SURFACE_SIDE_STYLE ('',( #6089 ) ) ;
#8124 = CARTESIAN_POINT ( 'NONE',  ( 2.060378407145177200, 4.500000000000001800, -2.542062832497007800 ) ) ;
#8125 = STYLED_ITEM ( 'NONE', ( #5175 ), #3978 ) ;
#8126 = CARTESIAN_POINT ( 'NONE',  ( 0.7100000000000031800, 2.490000000000000200, 5.799999999999983800 ) ) ;
#8127 = CARTESIAN_POINT ( 'NONE',  ( 0.7100000000000031800, 2.490000000000000200, 5.799999999999983800 ) ) ;
#8128 = CARTESIAN_POINT ( 'NONE',  ( 0.7556089410004299700, 4.510000000000000700, -0.9183460849257125700 ) ) ;
#8129 = CARTESIAN_POINT ( 'NONE',  ( 1.935701123003213500, 4.509999999999998900, -1.169789066756489000 ) ) ;
#8130 = EDGE_CURVE ( 'NONE', #1997, #9799, #6961, .T. ) ;
#8131 = UNCERTAINTY_MEASURE_WITH_UNIT (LENGTH_MEASURE( 1.000000000000000100E-005 ), #8764, 'distance_accuracy_value', 'NONE');
#8132 = ORIENTED_EDGE ( 'NONE', *, *, #3752, .T. ) ;
#8133 = ADVANCED_FACE ( 'NONE', ( #7803 ), #1259, .T. ) ;
#8134 = ORIENTED_EDGE ( 'NONE', *, *, #6499, .T. ) ;
#8135 = CARTESIAN_POINT ( 'NONE',  ( 3.000489052769021600, 4.500000000000000900, -2.235906277177237100 ) ) ;
#8136 = CARTESIAN_POINT ( 'NONE',  ( 2.770956207085554500, 4.500000000000000900, -1.380725642570658000 ) ) ;
#8137 = CARTESIAN_POINT ( 'NONE',  ( 3.931070005967894700, 4.509999999999998900, -1.394877627909634900 ) ) ;
#8138 = CARTESIAN_POINT ( 'NONE',  ( 7.303974557397587800, 4.500000000000001800, -2.722075963672473200 ) ) ;
#8139 = LINE ( 'NONE', #8589, #6571 ) ;
#8140 = CARTESIAN_POINT ( 'NONE',  ( 6.794729208433986800, 4.510000000000001600, -1.100480777455993000 ) ) ;
#8141 = FILL_AREA_STYLE_COLOUR ( '', #9790 ) ;
#8142 = CARTESIAN_POINT ( 'NONE',  ( 1.668068974677331400, 4.509999999999999800, -1.449031366756792900 ) ) ;
#8143 =( NAMED_UNIT ( * ) SI_UNIT ( $, .STERADIAN. ) SOLID_ANGLE_UNIT ( ) );
#8144 = EDGE_CURVE ( 'NONE', #4135, #160, #5501, .T. ) ;
#8145 = ADVANCED_FACE ( 'NONE', ( #726 ), #8073, .T. ) ;
#8146 = FILL_AREA_STYLE_COLOUR ( '', #602 ) ;
#8147 = CARTESIAN_POINT ( 'NONE',  ( 5.679941231863838700, 4.509999999999999800, -2.315984182522566700 ) ) ;
#8148 = SURFACE_STYLE_FILL_AREA ( #8670 ) ;
#8149 = CARTESIAN_POINT ( 'NONE',  ( 1.662388068842455700, 4.509999999999999800, -1.318163482251132300 ) ) ;
#8150 = VECTOR ( 'NONE', #2040, 1000.000000000000000 ) ;
#8151 = DIRECTION ( 'NONE',  ( -0.0000000000000000000, 0.0000000000000000000, 1.000000000000000000 ) ) ;
#8152 =( LENGTH_UNIT ( ) NAMED_UNIT ( * ) SI_UNIT ( .MILLI., .METRE. ) );
#8153 = EDGE_CURVE ( 'NONE', #6097, #3520, #4066, .T. ) ;
#8154 = CARTESIAN_POINT ( 'NONE',  ( 6.838953157297615000, 4.500000000000000000, -1.113845281449732400 ) ) ;
#8155 = SURFACE_STYLE_FILL_AREA ( #3905 ) ;
#8156 = DIRECTION ( 'NONE',  ( 1.000000000000000000, -0.0000000000000000000, -0.0000000000000000000 ) ) ;
#8157 = FILL_AREA_STYLE_COLOUR ( '', #8254 ) ;
#8158 = VERTEX_POINT ( 'NONE', #3876 ) ;
#8159 = CARTESIAN_POINT ( 'NONE',  ( 5.612946428571428100, 4.509999999999999800, -2.283095824542656200 ) ) ;
#8160 = CARTESIAN_POINT ( 'NONE',  ( 2.733257287343320300, 4.500000000000001800, -2.704088957647500900 ) ) ;
#8161 = FILL_AREA_STYLE_COLOUR ( '', #5602 ) ;
#8162 =( NAMED_UNIT ( * ) SI_UNIT ( $, .STERADIAN. ) SOLID_ANGLE_UNIT ( ) );
#8163 = CARTESIAN_POINT ( 'NONE',  ( 2.058539163056122500, 4.510000000000000700, -2.207063639460931100 ) ) ;
#8164 = COLOUR_RGB ( '',1.000000000000000000, 1.000000000000000000, 1.000000000000000000 ) ;
#8165 = VERTEX_POINT ( 'NONE', #8939 ) ;
#8166 = CARTESIAN_POINT ( 'NONE',  ( 6.140000000000004100, 2.990000000000000200, 5.999999999999976900 ) ) ;
#8167 = DIRECTION ( 'NONE',  ( 0.2576144997974649800, 0.0000000000000000000, -0.9662477785196206300 ) ) ;
#8168 = FILL_AREA_STYLE_COLOUR ( '', #3036 ) ;
#8169 =( NAMED_UNIT ( * ) SI_UNIT ( $, .STERADIAN. ) SOLID_ANGLE_UNIT ( ) );
#8170 = CARTESIAN_POINT ( 'NONE',  ( 5.292054705790944200, 4.509999999999999800, -2.237626218835655000 ) ) ;
#8171 = DIRECTION ( 'NONE',  ( 1.000000000000000000, -0.0000000000000000000, -0.0000000000000000000 ) ) ;
#8172 = EDGE_CURVE ( 'NONE', #3189, #2542, #3825, .T. ) ;
#8173 = B_SPLINE_CURVE_WITH_KNOTS ( 'NONE', 3,
 ( #1818, #1051, #9449, #1086, #6428, #7212, #4161, #9480, #4908, #8074, #1183 ),
 .UNSPECIFIED., .F., .F.,
 ( 4, 1, 1, 1, 1, 1, 1, 1, 4 ),
 ( 0.0000000000000000000, 0.1361005710680594800, 0.2659839013270169900, 0.3909514939951708200, 0.5124859818255146400, 0.6325350512681745500, 0.7527974466355396000, 0.8746100777982533900, 1.000000000000000000 ),
 .UNSPECIFIED. ) ;
#8174 = FACE_OUTER_BOUND ( 'NONE', #5169, .T. ) ;
#8175 = DIRECTION ( 'NONE',  ( -0.2582330317988716400, 0.0000000000000000000, 0.9660826575857589500 ) ) ;
#8176 = FILL_AREA_STYLE_COLOUR ( '', #4421 ) ;
#8177 = VERTEX_POINT ( 'NONE', #5351 ) ;
#8178 = ADVANCED_FACE ( 'NONE', ( #7089 ), #1591, .T. ) ;
#8179 = CARTESIAN_POINT ( 'NONE',  ( 5.522401936848959600, 4.500000000000000900, -2.373640316265126500 ) ) ;
#8180 = DIRECTION ( 'NONE',  ( 0.0000000000000000000, 1.000000000000000000, -0.0000000000000000000 ) ) ;
#8181 = B_SPLINE_CURVE_WITH_KNOTS ( 'NONE', 3,
 ( #7450, #6670, #8918, #2855, #8205, #578, #8296, #5878, #3634, #4348, #7417 ),
 .UNSPECIFIED., .F., .F.,
 ( 4, 1, 1, 1, 1, 1, 1, 1, 4 ),
 ( 0.0000000000000000000, 0.1248154729750253900, 0.2463760982100626800, 0.3730516168699031800, 0.5066592497815123300, 0.6377103175682895500, 0.7621235914106475600, 0.8809388892513659900, 1.000000000000000000 ),
 .UNSPECIFIED. ) ;
#8182 = PLANE ( 'NONE',  #8882 ) ;
#8183 = MECHANICAL_DESIGN_GEOMETRIC_PRESENTATION_REPRESENTATION (  '', ( #2524 ), #6828 ) ;
#8184 = VERTEX_POINT ( 'NONE', #3913 ) ;
#8185 = EDGE_CURVE ( 'NONE', #9109, #6433, #247, .T. ) ;
#8186 = DIRECTION ( 'NONE',  ( 0.0000000000000000000, 1.000000000000000000, 0.0000000000000000000 ) ) ;
#8187 = VECTOR ( 'NONE', #2038, 1000.000000000000000 ) ;
#8188 = CARTESIAN_POINT ( 'NONE',  ( 1.278585670107886800, 4.509999999999999800, -2.554729299710066600 ) ) ;
#8189 = CARTESIAN_POINT ( 'NONE',  ( 0.6548310468323983400, 4.509999999999998000, -2.685073250669277400 ) ) ;
#8190 = ADVANCED_FACE ( 'NONE', ( #6481 ), #7903, .T. ) ;
#8191 = CARTESIAN_POINT ( 'NONE',  ( 6.083427241672655600, 4.510000000000001600, -0.9693535411242258900 ) ) ;
#8192 = CARTESIAN_POINT ( 'NONE',  ( 2.940056791759671800, 4.500000000000000000, -2.498291253300096900 ) ) ;
#8193 = SURFACE_SIDE_STYLE ('',( #4630 ) ) ;
#8194 = VERTEX_POINT ( 'NONE', #5520 ) ;
#8195 = VERTEX_POINT ( 'NONE', #2697 ) ;
#8196 =( LENGTH_UNIT ( ) NAMED_UNIT ( * ) SI_UNIT ( .MILLI., .METRE. ) );
#8197 = AXIS2_PLACEMENT_3D ( 'NONE', #2315, #7827, #856 ) ;
#8198 = CARTESIAN_POINT ( 'NONE',  ( 0.0000000000000000000, -0.01000000000000002600, 0.0000000000000000000 ) ) ;
#8199 = STYLED_ITEM ( 'NONE', ( #3740 ), #1407 ) ;
#8200 = CARTESIAN_POINT ( 'NONE',  ( 7.239424884101073800, 4.500000000000001800, -2.735875275218926400 ) ) ;
#8201 = ORIENTED_EDGE ( 'NONE', *, *, #1540, .F. ) ;
#8202 = CARTESIAN_POINT ( 'NONE',  ( 5.997862025669642900, 4.509999999999999800, -0.9176199247100669300 ) ) ;
#8203 = FILL_AREA_STYLE_COLOUR ( '', #1011 ) ;
#8204 = CARTESIAN_POINT ( 'NONE',  ( 5.612946428571428100, 4.500000000000001800, -2.283095824542656200 ) ) ;
#8205 = CARTESIAN_POINT ( 'NONE',  ( 0.7228797673759661500, 4.500000000000001800, -0.9321896942347625000 ) ) ;
#8206 = EDGE_CURVE ( 'NONE', #1400, #3691, #8970, .T. ) ;
#8207 = VERTEX_POINT ( 'NONE', #9633 ) ;
#8208 = CARTESIAN_POINT ( 'NONE',  ( 4.628038055464847900, 4.500000000000001800, -2.642539487240881600 ) ) ;
#8209 = VECTOR ( 'NONE', #8167, 1000.000000000000200 ) ;
#8210 = CARTESIAN_POINT ( 'NONE',  ( 7.306847044677363500, 4.510000000000000700, -2.405307998898009300 ) ) ;
#8211 = DIRECTION ( 'NONE',  ( 0.0000000000000000000, -1.000000000000000000, 0.0000000000000000000 ) ) ;
#8212 = SURFACE_SIDE_STYLE ('',( #6748 ) ) ;
#8213 = VERTEX_POINT ( 'NONE', #6340 ) ;
#8214 = CARTESIAN_POINT ( 'NONE',  ( 7.061500226540987400, 4.500000000000000900, -1.375742957474572300 ) ) ;
#8215 = LINE ( 'NONE', #8446, #6664 ) ;
#8216 = SURFACE_SIDE_STYLE ('',( #2968 ) ) ;
#8217 = CARTESIAN_POINT ( 'NONE',  ( -8.673617379884035500E-016, 1.000000000000000000, -13.00000000000000200 ) ) ;
#8218 = SURFACE_STYLE_USAGE ( .BOTH. , #8996 ) ;
#8219 = CARTESIAN_POINT ( 'NONE',  ( 4.464731042267518800, 4.510000000000000700, -2.283893114997979500 ) ) ;
#8220 = COLOUR_RGB ( '',1.000000000000000000, 1.000000000000000000, 1.000000000000000000 ) ;
#8221 = CARTESIAN_POINT ( 'NONE',  ( 4.395409750351842800, 4.509999999999999800, -2.405548924280862100 ) ) ;
#8222 = ORIENTED_EDGE ( 'NONE', *, *, #7129, .F. ) ;
#8223 = ORIENTED_EDGE ( 'NONE', *, *, #2174, .F. ) ;
#8224 = FILL_AREA_STYLE ('',( #6724 ) ) ;
#8225 = CARTESIAN_POINT ( 'NONE',  ( 6.883291632222503500, 4.509999999999999800, -0.9458571260259988100 ) ) ;
#8226 = DIRECTION ( 'NONE',  ( 2.168404344971008900E-016, 0.0000000000000000000, 1.000000000000000000 ) ) ;
#8227 = PRESENTATION_LAYER_ASSIGNMENT (  '', '', ( #7918 ) ) ;
#8228 = DIRECTION ( 'NONE',  ( 1.000000000000000000, 0.0000000000000000000, 1.734723475976802800E-015 ) ) ;
#8229 = CARTESIAN_POINT ( 'NONE',  ( 2.607112920851933700, 4.500000000000000900, -1.463323049710066900 ) ) ;
#8230 = DIRECTION ( 'NONE',  ( 1.000000000000000000, 0.0000000000000000000, 0.0000000000000000000 ) ) ;
#8231 = ADVANCED_FACE ( 'NONE', ( #1917 ), #1190, .T. ) ;
#8232 = LINE ( 'NONE', #1869, #3580 ) ;
#8233 = B_SPLINE_CURVE_WITH_KNOTS ( 'NONE', 3,
 ( #5635, #8579, #7104, #969, #1104, #5608, #7873, #9470, #9404, #4015, #288, #9372, #2605, #6377, #9438, #5666, #6451, #1865, #8606 ),
 .UNSPECIFIED., .F., .F.,
 ( 4, 1, 1, 1, 1, 1, 1, 1, 1, 1, 1, 1, 1, 1, 1, 1, 4 ),
 ( 0.0000000000000000000, 0.05896032339175841900, 0.1151667795382082000, 0.1685460332946467400, 0.2201040331718202000, 0.2710764578581073600, 0.3221432053036933400, 0.3738521026366863900, 0.4280112790307142900, 0.4844415283733719000, 0.5441127082310428500, 0.6079151718827425800, 0.6763849079317502100, 0.7494119854088731000, 0.8271686075005272300, 0.9106142827348656700, 1.000000000000000000 ),
 .UNSPECIFIED. ) ;
#8234 = CARTESIAN_POINT ( 'NONE',  ( 6.723842075892855900, 4.509999999999999800, -0.9176199247100669300 ) ) ;
#8235 = FILL_AREA_STYLE_COLOUR ( '', #9305 ) ;
#8236 = FACE_OUTER_BOUND ( 'NONE', #6987, .T. ) ;
#8237 = STYLED_ITEM ( 'NONE', ( #9614 ), #3473 ) ;
#8238 = ORIENTED_EDGE ( 'NONE', *, *, #7248, .F. ) ;
#8239 = EDGE_CURVE ( 'NONE', #8937, #3189, #5592, .T. ) ;
#8240 = ORIENTED_EDGE ( 'NONE', *, *, #508, .T. ) ;
#8241 = CARTESIAN_POINT ( 'NONE',  ( 6.805615138754688200, 4.500000000000001800, -2.154164726032777200 ) ) ;
#8242 = FILL_AREA_STYLE ('',( #5298 ) ) ;
#8243 = LINE ( 'NONE', #3125, #3097 ) ;
#8244 = SURFACE_STYLE_USAGE ( .BOTH. , #9758 ) ;
#8245 = ORIENTED_EDGE ( 'NONE', *, *, #8691, .T. ) ;
#8246 = CARTESIAN_POINT ( 'NONE',  ( 4.638409840995713300, 4.500000000000000900, -2.411986976220042300 ) ) ;
#8248 = EDGE_LOOP ( 'NONE', ( #3630, #8860, #6168, #6161 ) ) ;
#8247 = CARTESIAN_POINT ( 'NONE',  ( 0.7196258628506281300, 4.509999999999999800, -2.736254033173321200 ) ) ;
#8249 = AXIS2_PLACEMENT_3D ( 'NONE', #3813, #9113, #8460 ) ;
#8250 = STYLED_ITEM ( 'NONE', ( #9484 ), #5002 ) ;
#8251 = CARTESIAN_POINT ( 'NONE',  ( 2.682372215663588300, 4.500000000000001800, -2.722836433553022900 ) ) ;
#8252 = B_SPLINE_SURFACE_WITH_KNOTS ( 'NONE', 3, 1, ( 
 ( #2401, #8713 ),
 ( #7241, #1145 ),
 ( #3456, #4900 ),
 ( #7209, #2651 ),
 ( #4963, #5580 ),
 ( #5645, #336 ),
 ( #7269, #3320 ) ),
 .UNSPECIFIED., .F., .F., .F.,
 ( 4, 1, 1, 1, 4 ),
 ( 2, 2 ),
 ( 0.0000000000000000000, 0.2562600947496478400, 0.5024194315356200800, 0.7465536571045319200, 1.000000000000000000 ),
 ( 0.0000000000000000000, 1.000000000000000000 ),
 .UNSPECIFIED. ) ;
#8253 = FACE_OUTER_BOUND ( 'NONE', #7271, .T. ) ;
#8254 = COLOUR_RGB ( '',1.000000000000000000, 1.000000000000000000, 1.000000000000000000 ) ;
#8255 =( LENGTH_UNIT ( ) NAMED_UNIT ( * ) SI_UNIT ( .MILLI., .METRE. ) );
#8256 = CARTESIAN_POINT ( 'NONE',  ( 1.671215820312499800, 4.500000000000001800, -1.463323049710067100 ) ) ;
#8257 = CARTESIAN_POINT ( 'NONE',  ( 6.772565569196427000, 4.510000000000000700, -1.099520966376733600 ) ) ;
#8258 = SURFACE_STYLE_FILL_AREA ( #503 ) ;
#8259 =( GEOMETRIC_REPRESENTATION_CONTEXT ( 3 ) GLOBAL_UNCERTAINTY_ASSIGNED_CONTEXT ( ( #7399 ) ) GLOBAL_UNIT_ASSIGNED_CONTEXT ( ( #5816, #1224, #9620 ) ) REPRESENTATION_CONTEXT ( 'NONE', 'WORKASPACE' ) );
#8260 = CARTESIAN_POINT ( 'NONE',  ( 3.001773216610862200, 4.509999999999999800, -2.281877737210066900 ) ) ;
#8261 = CARTESIAN_POINT ( 'NONE',  ( 5.292054705790944200, 4.500000000000000900, -2.237626218835655000 ) ) ;
#8262 = CARTESIAN_POINT ( 'NONE',  ( 7.155857049851190000, 4.509999999999999800, -2.554729299710066600 ) ) ;
#8263 = EDGE_CURVE ( 'NONE', #8158, #2860, #877, .T. ) ;
#8264 = ORIENTED_EDGE ( 'NONE', *, *, #8582, .F. ) ;
#8265 = STYLED_ITEM ( 'NONE', ( #6702 ), #1950 ) ;
#8266 = CARTESIAN_POINT ( 'NONE',  ( 2.671671549479165600, 4.500000000000000900, -2.518998737954114100 ) ) ;
#8267 = SURFACE_SIDE_STYLE ('',( #8879 ) ) ;
#8268 = COLOUR_RGB ( '',0.8980392156862745400, 0.8980392156862745400, 0.8980392156862745400 ) ;
#8269 = ADVANCED_FACE ( 'NONE', ( #4889 ), #1270, .T. ) ;
#8270 = CARTESIAN_POINT ( 'NONE',  ( 3.025149001677140500, 4.510000000000000700, -1.506115743682548500 ) ) ;
#8271 = CARTESIAN_POINT ( 'NONE',  ( 5.729850049149706400, 4.500000000000001800, -2.376767648900806500 ) ) ;
#8272 = FILL_AREA_STYLE ('',( #2923 ) ) ;
#8273 = ORIENTED_EDGE ( 'NONE', *, *, #3823, .T. ) ;
#8274 = PLANE ( 'NONE',  #2047 ) ;
#8275 = EDGE_CURVE ( 'NONE', #1853, #5661, #1203, .T. ) ;
#8276 =( NAMED_UNIT ( * ) SI_UNIT ( $, .STERADIAN. ) SOLID_ANGLE_UNIT ( ) );
#8277 = EDGE_LOOP ( 'NONE', ( #1432, #9615, #5342, #1241 ) ) ;
#8278 = DIRECTION ( 'NONE',  ( -0.6714571773835017500, 0.0000000000000000000, 0.7410433583402394900 ) ) ;
#8279 = CARTESIAN_POINT ( 'NONE',  ( 4.657965959821427600, 4.500000000000000900, -2.429672333564233600 ) ) ;
#8280 = CARTESIAN_POINT ( 'NONE',  ( 6.723842075892855900, 4.500000000000000900, -0.9176199247100669300 ) ) ;
#8281 = B_SPLINE_CURVE_WITH_KNOTS ( 'NONE', 3,
 ( #5774, #5069, #8845, #3669, #8147 ),
 .UNSPECIFIED., .F., .F.,
 ( 4, 1, 4 ),
 ( 0.0000000000000000000, 0.5021492086968814000, 1.000000000000000000 ),
 .UNSPECIFIED. ) ;
#8282 = DIRECTION ( 'NONE',  ( 1.000000000000000000, 0.0000000000000000000, 0.0000000000000000000 ) ) ;
#8283 = CARTESIAN_POINT ( 'NONE',  ( 1.660698513997386900, 4.500000000000001800, -1.389217441582025800 ) ) ;
#8284 = ORIENTED_EDGE ( 'NONE', *, *, #730, .T. ) ;
#8285 = CARTESIAN_POINT ( 'NONE',  ( 3.931347754740268700, 4.500000000000000000, -1.506115743682548300 ) ) ;
#8286 = SURFACE_STYLE_USAGE ( .BOTH. , #9042 ) ;
#8287 = CARTESIAN_POINT ( 'NONE',  ( 5.313670752223056400, 4.500000000000000900, -2.361425980753537600 ) ) ;
#8288 = VECTOR ( 'NONE', #2264, 1000.000000000000000 ) ;
#8289 = EDGE_CURVE ( 'NONE', #6232, #7356, #7078, .T. ) ;
#8290 = LINE ( 'NONE', #4685, #5166 ) ;
#8291 = CARTESIAN_POINT ( 'NONE',  ( 6.658471389043898000, 4.509999999999999800, -2.272133038549352300 ) ) ;
#8292 = ORIENTED_EDGE ( 'NONE', *, *, #1332, .T. ) ;
#8293 = UNCERTAINTY_MEASURE_WITH_UNIT (LENGTH_MEASURE( 1.000000000000000100E-005 ), #8383, 'distance_accuracy_value', 'NONE');
#8294 = ORIENTED_EDGE ( 'NONE', *, *, #1854, .T. ) ;
#8295 = MECHANICAL_DESIGN_GEOMETRIC_PRESENTATION_REPRESENTATION (  '', ( #8473 ), #8732 ) ;
#8296 = CARTESIAN_POINT ( 'NONE',  ( 0.6964723991707456600, 4.500000000000001800, -0.9576271177994134500 ) ) ;
#8297 = CARTESIAN_POINT ( 'NONE',  ( 6.934007784893021900, 4.500000000000000900, -2.390852232573268400 ) ) ;
#8298 = VECTOR ( 'NONE', #6640, 1000.000000000000000 ) ;
#8299 = FACE_OUTER_BOUND ( 'NONE', #3682, .T. ) ;
#8300 = AXIS2_PLACEMENT_3D ( 'NONE', #1667, #895, #8541 ) ;
#8301 = EDGE_CURVE ( 'NONE', #4664, #9217, #841, .T. ) ;
#8302 = FILL_AREA_STYLE ('',( #5204 ) ) ;
#8303 = EDGE_LOOP ( 'NONE', ( #4552, #9037, #4438, #1261 ) ) ;
#8304 = SURFACE_SIDE_STYLE ('',( #5265 ) ) ;
#8305 = CARTESIAN_POINT ( 'NONE',  ( 4.715816201116677300, 4.510000000000001600, -2.693440943449968600 ) ) ;
#8306 = DIRECTION ( 'NONE',  ( -2.891205793294686200E-016, 0.0000000000000000000, 1.000000000000000000 ) ) ;
#8307 = SURFACE_STYLE_FILL_AREA ( #7240 ) ;
#8308 = DIRECTION ( 'NONE',  ( -0.0000000000000000000, -0.0000000000000000000, -1.000000000000000000 ) ) ;
#8309 = B_SPLINE_SURFACE_WITH_KNOTS ( 'NONE', 3, 1, ( 
 ( #2514, #4445 ),
 ( #9795, #4419 ),
 ( #5949, #1295 ),
 ( #2859, #9022 ),
 ( #2895, #2178 ) ),
 .UNSPECIFIED., .F., .F., .F.,
 ( 4, 1, 4 ),
 ( 2, 2 ),
 ( 0.0000000000000000000, 0.4799636876084980000, 1.000000000000000000 ),
 ( 0.0000000000000000000, 1.000000000000000000 ),
 .UNSPECIFIED. ) ;
#8310 = SURFACE_SIDE_STYLE ('',( #6426 ) ) ;
#8311 = UNCERTAINTY_MEASURE_WITH_UNIT (LENGTH_MEASURE( 1.000000000000000100E-005 ), #5672, 'distance_accuracy_value', 'NONE');
#8312 =( NAMED_UNIT ( * ) PLANE_ANGLE_UNIT ( ) SI_UNIT ( $, .RADIAN. ) );
#8313 = STYLED_ITEM ( 'NONE', ( #2025 ), #8847 ) ;
#8314 = ORIENTED_EDGE ( 'NONE', *, *, #6703, .T. ) ;
#8315 = STYLED_ITEM ( 'NONE', ( #880 ), #5149 ) ;
#8316 = CARTESIAN_POINT ( 'NONE',  ( 6.433573567514912400, 4.499999999999999100, -2.473263217025896600 ) ) ;
#8317 = MECHANICAL_DESIGN_GEOMETRIC_PRESENTATION_REPRESENTATION (  '', ( #1656 ), #9700 ) ;
#8318 = DIRECTION ( 'NONE',  ( -0.0000000000000000000, -0.0000000000000000000, -1.000000000000000000 ) ) ;
#8319 = CARTESIAN_POINT ( 'NONE',  ( 4.052170526413688900, 4.509999999999999800, -1.070692899505453900 ) ) ;
#8320 = CARTESIAN_POINT ( 'NONE',  ( 6.764772752763770200, 4.509999999999998900, -0.9183166842544880900 ) ) ;
#8321 = FILL_AREA_STYLE ('',( #9814 ) ) ;
#8322 = CARTESIAN_POINT ( 'NONE',  ( 5.264573451450891300, 4.500000000000000900, -2.560413707262149800 ) ) ;
#8323 = ORIENTED_EDGE ( 'NONE', *, *, #6408, .F. ) ;
#8324 = VECTOR ( 'NONE', #1019, 1000.000000000000000 ) ;
#8325 = CARTESIAN_POINT ( 'NONE',  ( 2.704894396522657300, 4.500000000000002700, -2.499356146188890000 ) ) ;
#8326 = CARTESIAN_POINT ( 'NONE',  ( 6.834208766474071200, 4.509999999999998900, -2.555061229180462400 ) ) ;
#8327 = SURFACE_STYLE_FILL_AREA ( #4049 ) ;
#8328 = CARTESIAN_POINT ( 'NONE',  ( 4.432415677527572500, 4.510000000000000700, -2.298339766766987600 ) ) ;
#8329 = CARTESIAN_POINT ( 'NONE',  ( 2.523470924014136400, 4.500000000000000900, -2.554729299710066600 ) ) ;
#8330 = EDGE_CURVE ( 'NONE', #7979, #2411, #575, .T. ) ;
#8331 = DIRECTION ( 'NONE',  ( -0.0000000000000000000, -1.000000000000000000, -0.0000000000000000000 ) ) ;
#8332 =( NAMED_UNIT ( * ) SI_UNIT ( $, .STERADIAN. ) SOLID_ANGLE_UNIT ( ) );
#8333 = ORIENTED_EDGE ( 'NONE', *, *, #7166, .T. ) ;
#8334 = ORIENTED_EDGE ( 'NONE', *, *, #9083, .F. ) ;
#8335 = LINE ( 'NONE', #3099, #3442 ) ;
#8336 = CARTESIAN_POINT ( 'NONE',  ( 2.591746407299643500, 4.500000000000000900, -2.735993456962030100 ) ) ;
#8337 = ORIENTED_EDGE ( 'NONE', *, *, #3574, .T. ) ;
#8338 = FILL_AREA_STYLE ('',( #5985 ) ) ;
#8339 = CARTESIAN_POINT ( 'NONE',  ( 4.715816201116677300, 4.500000000000002700, -2.693440943449968600 ) ) ;
#8340 = SURFACE_STYLE_FILL_AREA ( #7182 ) ;
#8341 = VERTEX_POINT ( 'NONE', #3490 ) ;
#8342 =( NAMED_UNIT ( * ) PLANE_ANGLE_UNIT ( ) SI_UNIT ( $, .RADIAN. ) );
#8343 = CARTESIAN_POINT ( 'NONE',  ( 6.805615138754688200, 4.509999999999999800, -2.154164726032777200 ) ) ;
#8344 =( NAMED_UNIT ( * ) PLANE_ANGLE_UNIT ( ) SI_UNIT ( $, .RADIAN. ) );
#8345 = CARTESIAN_POINT ( 'NONE',  ( 6.622256198896691300, 4.500000000000003600, -1.249060256344413500 ) ) ;
#8346 = VERTEX_POINT ( 'NONE', #9538 ) ;
#8347 = CARTESIAN_POINT ( 'NONE',  ( 4.393126860956336100, 4.510000000000000700, -2.384079172309085900 ) ) ;
#8348 = EDGE_CURVE ( 'NONE', #1522, #2224, #6647, .T. ) ;
#8349 =( LENGTH_UNIT ( ) NAMED_UNIT ( * ) SI_UNIT ( .MILLI., .METRE. ) );
#8350 = CARTESIAN_POINT ( 'NONE',  ( 6.613402157738094400, 4.500000000000000900, -1.361409742883430000 ) ) ;
#8351 = LINE ( 'NONE', #9385, #3935 ) ;
#8352 = UNCERTAINTY_MEASURE_WITH_UNIT (LENGTH_MEASURE( 1.000000000000000100E-005 ), #7561, 'distance_accuracy_value', 'NONE');
#8353 = EDGE_LOOP ( 'NONE', ( #9008, #7156, #1284, #9479 ) ) ;
#8354 = CARTESIAN_POINT ( 'NONE',  ( 2.940056791759671800, 4.509999999999999800, -2.498291253300096900 ) ) ;
#8355 = AXIS2_PLACEMENT_3D ( 'NONE', #2357, #7762, #8411 ) ;
#8356 = FILL_AREA_STYLE ('',( #1416 ) ) ;
#8357 = CARTESIAN_POINT ( 'NONE',  ( 5.264573451450891300, 4.509999999999999800, -2.560413707262149800 ) ) ;
#8358 = ORIENTED_EDGE ( 'NONE', *, *, #9464, .F. ) ;
#8359 = LINE ( 'NONE', #3614, #344 ) ;
#8360 = CARTESIAN_POINT ( 'NONE',  ( 7.123348014990757100, 4.500000000000001800, -2.729779553492670500 ) ) ;
#8361 = CARTESIAN_POINT ( 'NONE',  ( 6.771589172394356200, 4.509999999999999800, -2.475079375362222200 ) ) ;
#8362 = PRESENTATION_LAYER_ASSIGNMENT (  '', '', ( #9749 ) ) ;
#8363 = SURFACE_STYLE_USAGE ( .BOTH. , #2988 ) ;
#8364 = EDGE_CURVE ( 'NONE', #9396, #9771, #9676, .T. ) ;
#8365 = LINE ( 'NONE', #8091, #9293 ) ;
#8366 = CARTESIAN_POINT ( 'NONE',  ( 6.883291632222503500, 4.500000000000000900, -0.9458571260259988100 ) ) ;
#8367 = SURFACE_STYLE_USAGE ( .BOTH. , #9021 ) ;
#8368 = LINE ( 'NONE', #7862, #6335 ) ;
#8369 = CARTESIAN_POINT ( 'NONE',  ( 2.682372215663588300, 4.500000000000000900, -2.722836433553022900 ) ) ;
#8370 = CARTESIAN_POINT ( 'NONE',  ( 3.104092552548362700, 4.509999999999999800, -1.359379597329114500 ) ) ;
#8371 = MECHANICAL_DESIGN_GEOMETRIC_PRESENTATION_REPRESENTATION (  '', ( #7878 ), #2342 ) ;
#8372 = PRESENTATION_LAYER_ASSIGNMENT (  '', '', ( #1523 ) ) ;
#8373 = CARTESIAN_POINT ( 'NONE',  ( 6.282082403273809800, 4.509999999999999800, -2.011868378486108400 ) ) ;
#8374 = CARTESIAN_POINT ( 'NONE',  ( 6.911001601687651400, 4.509999999999999800, -2.356929423947745400 ) ) ;
#8375 = STYLED_ITEM ( 'NONE', ( #4915 ), #1112 ) ;
#8376 = CARTESIAN_POINT ( 'NONE',  ( 5.632337033823437100, 4.500000000000001800, -2.284214916070033600 ) ) ;
#8377 = DIRECTION ( 'NONE',  ( 2.168404344971008900E-016, 0.0000000000000000000, 1.000000000000000000 ) ) ;
#8378 = ORIENTED_EDGE ( 'NONE', *, *, #7787, .F. ) ;
#8379 = DIRECTION ( 'NONE',  ( 0.0000000000000000000, 0.0000000000000000000, -1.000000000000000000 ) ) ;
#8380 = FILL_AREA_STYLE_COLOUR ( '', #2211 ) ;
#8381 = CARTESIAN_POINT ( 'NONE',  ( 7.440715358981812200, 4.499999999999999100, -1.853601093566124500 ) ) ;
#8382 = PRESENTATION_STYLE_ASSIGNMENT (( #4431 ) ) ;
#8383 =( LENGTH_UNIT ( ) NAMED_UNIT ( * ) SI_UNIT ( .MILLI., .METRE. ) );
#8384 = CARTESIAN_POINT ( 'NONE',  ( 6.798145403180804200, 4.510000000000000700, -2.137331373742805700 ) ) ;
#8385 = EDGE_CURVE ( 'NONE', #196, #8388, #7563, .T. ) ;
#8386 = STYLED_ITEM ( 'NONE', ( #7169 ), #2715 ) ;
#8387 = CARTESIAN_POINT ( 'NONE',  ( 6.658471389043898000, 4.500000000000001800, -2.272133038549352300 ) ) ;
#8388 = VERTEX_POINT ( 'NONE', #9445 ) ;
#8389 = CARTESIAN_POINT ( 'NONE',  ( 6.206547123850349100, 4.500000000000001800, -2.510939998543394200 ) ) ;
#8390 = CARTESIAN_POINT ( 'NONE',  ( 6.102104859207315700, 4.500000000000002700, -2.736063023224931900 ) ) ;
#8391 = CARTESIAN_POINT ( 'NONE',  ( 5.119620842485871600, 4.500000000000001800, -2.452124493493723600 ) ) ;
#8392 = CARTESIAN_POINT ( 'NONE',  ( 5.800325382187568700, 4.500000000000001800, -2.668096377734473300 ) ) ;
#8393 = SURFACE_STYLE_USAGE ( .BOTH. , #6082 ) ;
#8394 =( NAMED_UNIT ( * ) SI_UNIT ( $, .STERADIAN. ) SOLID_ANGLE_UNIT ( ) );
#8395 = CARTESIAN_POINT ( 'NONE',  ( 4.029026867094492200, 4.509999999999999800, -1.008570445543400100 ) ) ;
#8396 = EDGE_LOOP ( 'NONE', ( #1930, #9057, #9723, #5924, #9231, #8410, #3262, #7055, #208, #514, #5199 ) ) ;
#8397 = FILL_AREA_STYLE ('',( #5340 ) ) ;
#8398 = B_SPLINE_CURVE_WITH_KNOTS ( 'NONE', 3,
 ( #6110, #865, #2296, #8416, #3858, #801, #3168, #7704, #57, #833, #1603 ),
 .UNSPECIFIED., .F., .F.,
 ( 4, 1, 1, 1, 1, 1, 1, 1, 4 ),
 ( 0.0000000000000000000, 0.1436409104313061700, 0.2740735383166260100, 0.3888763523592596000, 0.4987022707778745500, 0.6085281891964925400, 0.7258537232309749700, 0.8536058418296557100, 1.000000000000000000 ),
 .UNSPECIFIED. ) ;
#8399 = LINE ( 'NONE', #1948, #5644 ) ;
#8400 =( NAMED_UNIT ( * ) SI_UNIT ( $, .STERADIAN. ) SOLID_ANGLE_UNIT ( ) );
#8401 =( LENGTH_UNIT ( ) NAMED_UNIT ( * ) SI_UNIT ( .MILLI., .METRE. ) );
#8402 = SURFACE_STYLE_USAGE ( .BOTH. , #6026 ) ;
#8403 = CARTESIAN_POINT ( 'NONE',  ( 5.997862025669642900, 4.500000000000000900, -0.9176199247100669300 ) ) ;
#8404 = ORIENTED_EDGE ( 'NONE', *, *, #3699, .F. ) ;
#8405 = B_SPLINE_CURVE_WITH_KNOTS ( 'NONE', 3,
 ( #1538, #7670, #4662, #5436, #4598 ),
 .UNSPECIFIED., .F., .F.,
 ( 4, 1, 4 ),
 ( 0.0000000000000000000, 0.5021492086968814000, 1.000000000000000000 ),
 .UNSPECIFIED. ) ;
#8406 = CARTESIAN_POINT ( 'NONE',  ( 4.715816201116677300, 4.510000000000001600, -2.693440943449968600 ) ) ;
#8407 = SURFACE_SIDE_STYLE ('',( #777 ) ) ;
#8408 = LINE ( 'NONE', #2433, #4567 ) ;
#8409 = UNCERTAINTY_MEASURE_WITH_UNIT (LENGTH_MEASURE( 1.000000000000000100E-005 ), #4722, 'distance_accuracy_value', 'NONE');
#8410 = ORIENTED_EDGE ( 'NONE', *, *, #9851, .F. ) ;
#8411 = DIRECTION ( 'NONE',  ( 0.0000000000000000000, 0.0000000000000000000, 1.000000000000000000 ) ) ;
#8412 = CARTESIAN_POINT ( 'NONE',  ( 1.846620396205356500, 4.500000000000000900, -1.375214732652775300 ) ) ;
#8413 = FILL_AREA_STYLE_COLOUR ( '', #6400 ) ;
#8414 = EDGE_CURVE ( 'NONE', #3289, #8656, #7685, .T. ) ;
#8415 = CARTESIAN_POINT ( 'NONE',  ( 6.900870992213787900, 4.500000000000002700, -2.620558828072076600 ) ) ;
#8416 = CARTESIAN_POINT ( 'NONE',  ( 6.037045913780454000, 4.509999999999998000, -1.094507485193339400 ) ) ;
#8417 = CARTESIAN_POINT ( 'NONE',  ( 0.6847310117452459800, 4.500000000000000900, -2.724902919779791200 ) ) ;
#8418 = CARTESIAN_POINT ( 'NONE',  ( 7.323615181720720500, 4.509999999999999800, -1.500469931387517800 ) ) ;
#8419 = CARTESIAN_POINT ( 'NONE',  ( 2.192758885541906900, 4.509999999999999800, -2.415580175495109400 ) ) ;
#8420 = ORIENTED_EDGE ( 'NONE', *, *, #8884, .T. ) ;
#8421 = CARTESIAN_POINT ( 'NONE',  ( 6.002032031045002800, 4.510000000000000700, -2.734255089716013800 ) ) ;
#8422 = FILL_AREA_STYLE_COLOUR ( '', #2098 ) ;
#8423 = DIRECTION ( 'NONE',  ( 1.000000000000000000, 0.0000000000000000000, -0.0000000000000000000 ) ) ;
#8424 = PRESENTATION_LAYER_ASSIGNMENT (  '', '', ( #9060 ) ) ;
#8425 =( GEOMETRIC_REPRESENTATION_CONTEXT ( 3 ) GLOBAL_UNCERTAINTY_ASSIGNED_CONTEXT ( ( #7688 ) ) GLOBAL_UNIT_ASSIGNED_CONTEXT ( ( #8048, #5008, #6534 ) ) REPRESENTATION_CONTEXT ( 'NONE', 'WORKASPACE' ) );
#8426 = CARTESIAN_POINT ( 'NONE',  ( 6.487701456658101100, 4.500000000000000000, -1.798620190097586000 ) ) ;
#8427 = SURFACE_SIDE_STYLE ('',( #481 ) ) ;
#8428 = ORIENTED_EDGE ( 'NONE', *, *, #9167, .T. ) ;
#8429 = DIRECTION ( 'NONE',  ( 0.0000000000000000000, 1.000000000000000000, 0.0000000000000000000 ) ) ;
#8430 = DIRECTION ( 'NONE',  ( 0.6719155422155838100, 0.0000000000000000000, -0.7406277770440006200 ) ) ;
#8431 = PLANE ( 'NONE',  #8249 ) ;
#8432 = CARTESIAN_POINT ( 'NONE',  ( 7.111560244248016400, 4.500000000000002700, -2.548604635120392400 ) ) ;
#8433 = PRESENTATION_STYLE_ASSIGNMENT (( #3698 ) ) ;
#8434 = ORIENTED_EDGE ( 'NONE', *, *, #5695, .F. ) ;
#8435 =( GEOMETRIC_REPRESENTATION_CONTEXT ( 3 ) GLOBAL_UNCERTAINTY_ASSIGNED_CONTEXT ( ( #740 ) ) GLOBAL_UNIT_ASSIGNED_CONTEXT ( ( #9722, #9657, #2826 ) ) REPRESENTATION_CONTEXT ( 'NONE', 'WORKASPACE' ) );
#8436 = VECTOR ( 'NONE', #141, 1000.000000000000000 ) ;
#8437 = SURFACE_STYLE_USAGE ( .BOTH. , #6210 ) ;
#8438 = CARTESIAN_POINT ( 'NONE',  ( 4.850467273940511200, 4.500000000000000900, -2.547440929278638000 ) ) ;
#8439 = CARTESIAN_POINT ( 'NONE',  ( 1.846811631074954100, 4.509999999999999800, -1.365319635797957800 ) ) ;
#8440 =( LENGTH_UNIT ( ) NAMED_UNIT ( * ) SI_UNIT ( .MILLI., .METRE. ) );
#8441 = ORIENTED_EDGE ( 'NONE', *, *, #5884, .F. ) ;
#8442 = VERTEX_POINT ( 'NONE', #1905 ) ;
#8443 =( NAMED_UNIT ( * ) SI_UNIT ( $, .STERADIAN. ) SOLID_ANGLE_UNIT ( ) );
#8444 = PRESENTATION_STYLE_ASSIGNMENT (( #3648 ) ) ;
#8445 = CARTESIAN_POINT ( 'NONE',  ( 6.337662198757109300, 4.500000000000001800, -2.637930594706396500 ) ) ;
#8446 = CARTESIAN_POINT ( 'NONE',  ( 6.140000000000004100, 1.739999999999996000, 6.749999999999983100 ) ) ;
#8447 = FILL_AREA_STYLE ('',( #9202 ) ) ;
#8448 = EDGE_CURVE ( 'NONE', #8207, #410, #2658, .T. ) ;
#8449 = CARTESIAN_POINT ( 'NONE',  ( 5.164391187456812900, 4.500000000000001800, -0.9693535411242261100 ) ) ;
#8450 = DIRECTION ( 'NONE',  ( 0.0000000000000000000, 0.0000000000000000000, -1.000000000000000000 ) ) ;
#8451 = ORIENTED_EDGE ( 'NONE', *, *, #1332, .F. ) ;
#8452 = FACE_OUTER_BOUND ( 'NONE', #8097, .T. ) ;
#8453 = CARTESIAN_POINT ( 'NONE',  ( 6.681750398050369600, 4.500000000000000000, -1.804149421210621700 ) ) ;
#8454 = CARTESIAN_POINT ( 'NONE',  ( 3.852404203869046900, 4.509999999999999800, -1.359379597329114500 ) ) ;
#8455 = ORIENTED_EDGE ( 'NONE', *, *, #3666, .F. ) ;
#8456 = ORIENTED_EDGE ( 'NONE', *, *, #3292, .F. ) ;
#8457 = VECTOR ( 'NONE', #9213, 1000.000000000000000 ) ;
#8458 = SURFACE_SIDE_STYLE ('',( #7671 ) ) ;
#8459 = CARTESIAN_POINT ( 'NONE',  ( 2.607112920851933700, 4.509999999999999800, -1.463323049710066900 ) ) ;
#8460 = DIRECTION ( 'NONE',  ( -1.000000000000000000, 0.0000000000000000000, -0.0000000000000000000 ) ) ;
#8461 = VECTOR ( 'NONE', #2717, 1000.000000000000000 ) ;
#8462 = UNCERTAINTY_MEASURE_WITH_UNIT (LENGTH_MEASURE( 1.000000000000000100E-005 ), #3623, 'distance_accuracy_value', 'NONE');
#8463 = CARTESIAN_POINT ( 'NONE',  ( 7.000728847914305500, 4.509999999999999800, -2.474482064471007700 ) ) ;
#8464 = VERTEX_POINT ( 'NONE', #2679 ) ;
#8465 = VECTOR ( 'NONE', #893, 1000.000000000000000 ) ;
#8466 = ORIENTED_EDGE ( 'NONE', *, *, #9658, .T. ) ;
#8467 = EDGE_CURVE ( 'NONE', #8540, #2824, #3211, .T. ) ;
#8468 = ORIENTED_EDGE ( 'NONE', *, *, #2006, .F. ) ;
#8469 = SURFACE_SIDE_STYLE ('',( #4907 ) ) ;
#8470 =( NAMED_UNIT ( * ) SI_UNIT ( $, .STERADIAN. ) SOLID_ANGLE_UNIT ( ) );
#8471 = FACE_OUTER_BOUND ( 'NONE', #6347, .T. ) ;
#8472 = CARTESIAN_POINT ( 'NONE',  ( 2.372272589001337600, 4.500000000000002700, -2.529973084293389600 ) ) ;
#8473 = STYLED_ITEM ( 'NONE', ( #9262 ), #7531 ) ;
#8474 =( NAMED_UNIT ( * ) SI_UNIT ( $, .STERADIAN. ) SOLID_ANGLE_UNIT ( ) );
#8475 = SURFACE_SIDE_STYLE ('',( #769 ) ) ;
#8476 = FILL_AREA_STYLE ('',( #3137 ) ) ;
#8477 = SURFACE_STYLE_FILL_AREA ( #8356 ) ;
#8478 = CARTESIAN_POINT ( 'NONE',  ( 5.164604246405407800, 4.499999999999999100, -1.042164952054618800 ) ) ;
#8479 = EDGE_CURVE ( 'NONE', #6648, #2171, #8486, .T. ) ;
#8480 = CARTESIAN_POINT ( 'NONE',  ( 5.194773639625426900, 4.500000000000001800, -0.9299409107028432400 ) ) ;
#8481 = DIRECTION ( 'NONE',  ( 1.000000000000000000, 0.0000000000000000000, 0.0000000000000000000 ) ) ;
#8482 = VERTEX_POINT ( 'NONE', #3593 ) ;
#8483 = SURFACE_SIDE_STYLE ('',( #6329 ) ) ;
#8484 = CARTESIAN_POINT ( 'NONE',  ( 7.310929220012980100, 4.500000000000000900, -2.193783691474077800 ) ) ;
#8485 = FILL_AREA_STYLE_COLOUR ( '', #8220 ) ;
#8486 = LINE ( 'NONE', #2711, #8033 ) ;
#8487 = CARTESIAN_POINT ( 'NONE',  ( 0.7197324051378272100, 4.509999999999998900, -2.555803424821898600 ) ) ;
#8488 =( LENGTH_UNIT ( ) NAMED_UNIT ( * ) SI_UNIT ( .MILLI., .METRE. ) );
#8489 = CARTESIAN_POINT ( 'NONE',  ( 0.6496465773809523300, 4.500000000000000900, -2.645679820543399800 ) ) ;
#8490 = STYLED_ITEM ( 'NONE', ( #7511 ), #8088 ) ;
#8491 = PRESENTATION_LAYER_ASSIGNMENT (  '', '', ( #7501 ) ) ;
#8492 = ORIENTED_EDGE ( 'NONE', *, *, #3633, .F. ) ;
#8493 = CARTESIAN_POINT ( 'NONE',  ( 2.256303769066220000, 4.500000000000000900, -2.671665683638638100 ) ) ;
#8494 = CARTESIAN_POINT ( 'NONE',  ( 5.131910182157954000, 4.510000000000000700, -2.363467509424859200 ) ) ;
#8495 = CARTESIAN_POINT ( 'NONE',  ( 6.688997728949046500, 4.500000000000000000, -0.9183749874644192600 ) ) ;
#8496 = PRESENTATION_LAYER_ASSIGNMENT (  '', '', ( #7885 ) ) ;
#8497 = CARTESIAN_POINT ( 'NONE',  ( 5.229497739494229700, 4.510000000000000700, -0.9186940498218999500 ) ) ;
#8498 = CARTESIAN_POINT ( 'NONE',  ( 6.368854994862849700, 4.510000000000000700, -2.601844933314015200 ) ) ;
#8499 = ORIENTED_EDGE ( 'NONE', *, *, #5287, .T. ) ;
#8500 = CARTESIAN_POINT ( 'NONE',  ( 4.750000000000004400, 2.490000000000000200, 5.799999999999983800 ) ) ;
#8501 = MECHANICAL_DESIGN_GEOMETRIC_PRESENTATION_REPRESENTATION (  '', ( #3398 ), #5045 ) ;
#8502 = CARTESIAN_POINT ( 'NONE',  ( 2.541797296214841400, 4.509999999999998900, -1.325912464700393900 ) ) ;
#8503 = CARTESIAN_POINT ( 'NONE',  ( 1.935701123003213500, 4.500000000000000000, -1.169789066756489000 ) ) ;
#8504 = EDGE_CURVE ( 'NONE', #5294, #2675, #2339, .T. ) ;
#8505 = CARTESIAN_POINT ( 'NONE',  ( 6.140000000000004100, -2.260000000000004200, 7.249999999999985800 ) ) ;
#8506 =( NAMED_UNIT ( * ) SI_UNIT ( $, .STERADIAN. ) SOLID_ANGLE_UNIT ( ) );
#8507 = VERTEX_POINT ( 'NONE', #4317 ) ;
#8508 = CARTESIAN_POINT ( 'NONE',  ( 2.607112920851933700, 4.509999999999999800, -1.463323049710066900 ) ) ;
#8509 = FILL_AREA_STYLE_COLOUR ( '', #5913 ) ;
#8510 = CARTESIAN_POINT ( 'NONE',  ( 3.048909788713966200, 4.509999999999999800, -1.371700583321890000 ) ) ;
#8511 = FACE_OUTER_BOUND ( 'NONE', #6224, .T. ) ;
#8512 = DIRECTION ( 'NONE',  ( -0.0000000000000000000, -1.000000000000000000, -0.0000000000000000000 ) ) ;
#8513 = CARTESIAN_POINT ( 'NONE',  ( 7.000728847914305500, 4.500000000000000900, -2.474482064471007700 ) ) ;
#8514 = CARTESIAN_POINT ( 'NONE',  ( 4.957744004306476000, 4.500000000000000000, -1.029296115152946500 ) ) ;
#8515 = B_SPLINE_CURVE_WITH_KNOTS ( 'NONE', 3,
 ( #657, #1438, #4393, #9831, #6779, #9769, #5183, #5922, #7467, #5213, #8279 ),
 .UNSPECIFIED., .F., .F.,
 ( 4, 1, 1, 1, 1, 1, 1, 1, 4 ),
 ( 0.0000000000000000000, 0.09486978756470572400, 0.1957836342065315800, 0.3032057033568405500, 0.4212345528262035300, 0.5488960780012346300, 0.6876390831323616600, 0.8381370387901750900, 1.000000000000000000 ),
 .UNSPECIFIED. ) ;
#8516 = SURFACE_STYLE_FILL_AREA ( #6412 ) ;
#8517 = FILL_AREA_STYLE ('',( #4511 ) ) ;
#8518 = ORIENTED_EDGE ( 'NONE', *, *, #7477, .T. ) ;
#8519 = CARTESIAN_POINT ( 'NONE',  ( 4.946420531898006300, 4.510000000000000700, -1.064356071063501200 ) ) ;
#8520 = CARTESIAN_POINT ( 'NONE',  ( 2.058539163056122500, 4.500000000000001800, -2.207063639460931100 ) ) ;
#8521 = VERTEX_POINT ( 'NONE', #1315 ) ;
#8522 = CARTESIAN_POINT ( 'NONE',  ( 6.733823308387620400, 4.499999999999999100, -1.975998945285116800 ) ) ;
#8523 = CARTESIAN_POINT ( 'NONE',  ( 1.859207298642112600, 4.509999999999999800, -1.463323049710066900 ) ) ;
#8524 = CYLINDRICAL_SURFACE ( 'NONE', #4400, 0.7499999999999997800 ) ;
#8525 = EDGE_CURVE ( 'NONE', #8442, #2947, #7793, .T. ) ;
#8526 = CARTESIAN_POINT ( 'NONE',  ( 2.544940948114683600, 4.509999999999998900, -2.735885049807424100 ) ) ;
#8527 = DIRECTION ( 'NONE',  ( -0.0000000000000000000, -1.000000000000000000, -0.0000000000000000000 ) ) ;
#8528 = LINE ( 'NONE', #7813, #9592 ) ;
#8529 = UNCERTAINTY_MEASURE_WITH_UNIT (LENGTH_MEASURE( 1.000000000000000100E-005 ), #9720, 'distance_accuracy_value', 'NONE');
#8530 = VERTEX_POINT ( 'NONE', #3526 ) ;
#8531 = STYLED_ITEM ( 'NONE', ( #5231 ), #6627 ) ;
#8532 = VECTOR ( 'NONE', #8693, 1000.000000000000000 ) ;
#8533 = CARTESIAN_POINT ( 'NONE',  ( 6.422439750433802000, 4.509999999999998900, -2.237626218835653700 ) ) ;
#8534 = FILL_AREA_STYLE_COLOUR ( '', #1383 ) ;
#8535 = CARTESIAN_POINT ( 'NONE',  ( 4.692192666249813900, 4.500000000000000900, -2.458556450953180800 ) ) ;
#8536 =( GEOMETRIC_REPRESENTATION_CONTEXT ( 3 ) GLOBAL_UNCERTAINTY_ASSIGNED_CONTEXT ( ( #2454 ) ) GLOBAL_UNIT_ASSIGNED_CONTEXT ( ( #3931, #9233, #4660 ) ) REPRESENTATION_CONTEXT ( 'NONE', 'WORKASPACE' ) );
#8537 = CARTESIAN_POINT ( 'NONE',  ( 3.942852106165805300, 4.509999999999999800, -1.457544922502115300 ) ) ;
#8538 = CARTESIAN_POINT ( 'NONE',  ( 1.972439451180783700, 4.510000000000000700, -1.141498200491327000 ) ) ;
#8539 = EDGE_CURVE ( 'NONE', #3305, #6648, #3616, .T. ) ;
#8540 = VERTEX_POINT ( 'NONE', #4372 ) ;
#8541 = DIRECTION ( 'NONE',  ( 1.734723475976806900E-015, -1.000000000000000000, 0.0000000000000000000 ) ) ;
#8542 = SURFACE_STYLE_USAGE ( .BOTH. , #7133 ) ;
#8543 = CARTESIAN_POINT ( 'NONE',  ( 2.562895323736938300, 4.500000000000001800, -2.553879107846025700 ) ) ;
#8544 = CARTESIAN_POINT ( 'NONE',  ( 7.440715358981812200, 4.509999999999998900, -1.853601093566124500 ) ) ;
#8545 = DIRECTION ( 'NONE',  ( 0.0000000000000000000, 0.0000000000000000000, -1.000000000000000000 ) ) ;
#8546 = CARTESIAN_POINT ( 'NONE',  ( 5.050985280931635100, 4.500000000000000000, -2.726937923305110100 ) ) ;
#8547 = FACE_OUTER_BOUND ( 'NONE', #7958, .T. ) ;
#8548 = PRESENTATION_LAYER_ASSIGNMENT (  '', '', ( #294 ) ) ;
#8549 = ORIENTED_EDGE ( 'NONE', *, *, #9083, .T. ) ;
#8550 = CARTESIAN_POINT ( 'NONE',  ( 6.805615138754688200, 4.500000000000000900, -2.154164726032777200 ) ) ;
#8551 = FILL_AREA_STYLE ('',( #4762 ) ) ;
#8552 = SURFACE_STYLE_FILL_AREA ( #805 ) ;
#8553 = SURFACE_STYLE_USAGE ( .BOTH. , #6256 ) ;
#8554 = MECHANICAL_DESIGN_GEOMETRIC_PRESENTATION_REPRESENTATION (  '', ( #8250 ), #8733 ) ;
#8555 = ORIENTED_EDGE ( 'NONE', *, *, #1218, .T. ) ;
#8556 = DIRECTION ( 'NONE',  ( 0.7071067811865472400, 0.0000000000000000000, -0.7071067811865479100 ) ) ;
#8557 = STYLED_ITEM ( 'NONE', ( #9467 ), #956 ) ;
#8558 = CARTESIAN_POINT ( 'NONE',  ( 2.287313795418822500, 4.500000000000002700, -1.124733988095137900 ) ) ;
#8559 =( NAMED_UNIT ( * ) SI_UNIT ( $, .STERADIAN. ) SOLID_ANGLE_UNIT ( ) );
#8560 = CARTESIAN_POINT ( 'NONE',  ( 0.7401910691034224700, 4.509999999999999800, -2.554729299710066600 ) ) ;
#8561 = CIRCLE ( 'NONE', #7550, 1.250000000000000200 ) ;
#8562 = ORIENTED_EDGE ( 'NONE', *, *, #8414, .T. ) ;
#8563 = SURFACE_SIDE_STYLE ('',( #8155 ) ) ;
#8564 = ORIENTED_EDGE ( 'NONE', *, *, #2360, .F. ) ;
#8565 = CARTESIAN_POINT ( 'NONE',  ( 1.460000000000003300, 1.740000000000000000, 5.999999999999984000 ) ) ;
#8566 = CARTESIAN_POINT ( 'NONE',  ( 4.029026867094492200, 4.500000000000000900, -1.008570445543400100 ) ) ;
#8567 = ORIENTED_EDGE ( 'NONE', *, *, #4291, .T. ) ;
#8568 = EDGE_CURVE ( 'NONE', #196, #4624, #3738, .T. ) ;
#8569 = DIRECTION ( 'NONE',  ( 1.000000000000000000, -0.0000000000000000000, 0.0000000000000000000 ) ) ;
#8570 = CARTESIAN_POINT ( 'NONE',  ( 1.860000000000003700, -2.259999999999997100, 6.749999999999984900 ) ) ;
#8571 = ORIENTED_EDGE ( 'NONE', *, *, #6856, .F. ) ;
#8572 = ADVANCED_FACE ( 'NONE', ( #3001 ), #9669, .T. ) ;
#8573 = CARTESIAN_POINT ( 'NONE',  ( 7.045025430068758300, 4.500000000000004400, -2.708497983087221800 ) ) ;
#8574 = ORIENTED_EDGE ( 'NONE', *, *, #3741, .T. ) ;
#8575 = B_SPLINE_CURVE_WITH_KNOTS ( 'NONE', 3,
 ( #3050, #8390, #9132, #7675, #2326, #7707, #3111, #8445, #7914, #1815, #8952 ),
 .UNSPECIFIED., .F., .F.,
 ( 4, 1, 1, 1, 1, 1, 1, 1, 4 ),
 ( 0.0000000000000000000, 0.1325868731187113100, 0.2592339736334616800, 0.3800147170249490400, 0.4999003229990281500, 0.6193728004511975800, 0.7408338946043848700, 0.8669920532972605900, 1.000000000000000000 ),
 .UNSPECIFIED. ) ;
#8576 = DIRECTION ( 'NONE',  ( 1.000000000000000000, -0.0000000000000000000, -0.0000000000000000000 ) ) ;
#8577 = SURFACE_STYLE_USAGE ( .BOTH. , #1736 ) ;
#8578 = CARTESIAN_POINT ( 'NONE',  ( 7.219698003989985400, 4.509999999999999800, -1.753814059769081400 ) ) ;
#8579 = CARTESIAN_POINT ( 'NONE',  ( 6.712043602653407600, 4.509999999999998900, -0.9178755928021017400 ) ) ;
#8580 = PRESENTATION_STYLE_ASSIGNMENT (( #8286 ) ) ;
#8581 = CARTESIAN_POINT ( 'NONE',  ( 5.046756222461295000, 4.509999999999998900, -2.168127442189548200 ) ) ;
#8582 = EDGE_CURVE ( 'NONE', #1288, #4806, #958, .T. ) ;
#8583 = VERTEX_POINT ( 'NONE', #5099 ) ;
#8584 = CARTESIAN_POINT ( 'NONE',  ( 5.666892911714167100, 4.510000000000000700, -2.301346730429791900 ) ) ;
#8585 = EDGE_LOOP ( 'NONE', ( #3674, #9074, #1572, #5510 ) ) ;
#8586 = CARTESIAN_POINT ( 'NONE',  ( 7.111560244248016400, 4.500000000000001800, -2.548604635120392400 ) ) ;
#8587 = CARTESIAN_POINT ( 'NONE',  ( 5.160450128570917400, 4.500000000000001800, -1.025705839578742200 ) ) ;
#8588 = CARTESIAN_POINT ( 'NONE',  ( 4.922937038384960200, 4.500000000000000000, -1.087793544779792600 ) ) ;
#8589 = CARTESIAN_POINT ( 'NONE',  ( 0.0000000000000000000, -0.01000000000000002600, 0.0000000000000000000 ) ) ;
#8590 = B_SPLINE_CURVE_WITH_KNOTS ( 'NONE', 3,
 ( #8257, #1378, #8140, #4314, #5064, #5802, #497, #5832, #7405, #9739, #2773, #1276, #9604, #8838, #6693, #2805, #5033, #6657, #6622 ),
 .UNSPECIFIED., .F., .F.,
 ( 4, 1, 1, 1, 1, 1, 1, 1, 1, 1, 1, 1, 1, 1, 1, 1, 4 ),
 ( 0.0000000000000000000, 0.03834071324777453500, 0.07750939163373007900, 0.1182835932177109800, 0.1613540092509254100, 0.2073079104334317500, 0.2570799722343181700, 0.3106741504272330600, 0.3683071397237665000, 0.4302342101250791800, 0.4972360532654251900, 0.5683295723612031800, 0.6442256478402399500, 0.7259981487572542100, 0.8118153447437130900, 0.9036603918444094900, 1.000000000000000000 ),
 .UNSPECIFIED. ) ;
#8591 = CARTESIAN_POINT ( 'NONE',  ( 6.519419555907915300, 4.509999999999998900, -1.914122934850322400 ) ) ;
#8592 = LINE ( 'NONE', #3417, #5834 ) ;
#8593 = CARTESIAN_POINT ( 'NONE',  ( 6.088129048949335600, 4.500000000000002700, -1.029296115152946500 ) ) ;
#8594 = CARTESIAN_POINT ( 'NONE',  ( 6.440996554526546600, 4.500000000000000900, -1.209597301188372500 ) ) ;
#8595 = EDGE_CURVE ( 'NONE', #2824, #8521, #9429, .T. ) ;
#8596 = VECTOR ( 'NONE', #9319, 1000.000000000000000 ) ;
#8597 = LINE ( 'NONE', #8861, #6585 ) ;
#8598 =( NAMED_UNIT ( * ) SI_UNIT ( $, .STERADIAN. ) SOLID_ANGLE_UNIT ( ) );
#8599 = CARTESIAN_POINT ( 'NONE',  ( 6.687705485026040900, 4.509999999999999800, -1.827125133043400000 ) ) ;
#8600 = CARTESIAN_POINT ( 'NONE',  ( 5.788351004464285400, 4.500000000000000900, -2.429672333564233600 ) ) ;
#8601 =( LENGTH_UNIT ( ) NAMED_UNIT ( * ) SI_UNIT ( .MILLI., .METRE. ) );
#8602 = ORIENTED_EDGE ( 'NONE', *, *, #3540, .T. ) ;
#8603 = CARTESIAN_POINT ( 'NONE',  ( 7.332629869282484900, 4.500000000000000900, -2.709577293894838100 ) ) ;
#8604 = PRESENTATION_LAYER_ASSIGNMENT (  '', '', ( #4386 ) ) ;
#8605 = UNCERTAINTY_MEASURE_WITH_UNIT (LENGTH_MEASURE( 1.000000000000000100E-005 ), #3412, 'distance_accuracy_value', 'NONE');
#8606 = CARTESIAN_POINT ( 'NONE',  ( 6.431501116071427900, 4.509999999999999800, -1.358567539107388400 ) ) ;
#8607 = EDGE_CURVE ( 'NONE', #437, #7690, #1742, .T. ) ;
#8608 =( NAMED_UNIT ( * ) SI_UNIT ( $, .STERADIAN. ) SOLID_ANGLE_UNIT ( ) );
#8609 = CARTESIAN_POINT ( 'NONE',  ( 7.469234750220874000, 4.509999999999998900, -2.526891249451697500 ) ) ;
#8610 = CARTESIAN_POINT ( 'NONE',  ( 6.235444775599567000, 4.509999999999999800, -2.257470553048837900 ) ) ;
#8611 = CARTESIAN_POINT ( 'NONE',  ( 4.413942464192707000, 4.500000000000000900, -2.432514537340274800 ) ) ;
#8612 =( NAMED_UNIT ( * ) SI_UNIT ( $, .STERADIAN. ) SOLID_ANGLE_UNIT ( ) );
#8613 = DIRECTION ( 'NONE',  ( -0.9660826575857589500, 0.0000000000000000000, -0.2582330317988718000 ) ) ;
#8614 = ADVANCED_FACE ( 'NONE', ( #8835 ), #7957, .T. ) ;
#8615 = ORIENTED_EDGE ( 'NONE', *, *, #5978, .T. ) ;
#8616 = FILL_AREA_STYLE_COLOUR ( '', #4933 ) ;
#8617 = CARTESIAN_POINT ( 'NONE',  ( 2.425095526932421500, 4.500000000000000000, -1.203115286063851700 ) ) ;
#8618 = FILL_AREA_STYLE_COLOUR ( '', #7892 ) ;
#8619 = CARTESIAN_POINT ( 'NONE',  ( 4.647003173828124100, 4.510000000000000700, -2.655424519204114800 ) ) ;
#8620 = EDGE_CURVE ( 'NONE', #9882, #340, #1329, .T. ) ;
#8621 = CARTESIAN_POINT ( 'NONE',  ( 1.767717884740021500, 4.509999999999999800, -2.638611333244233100 ) ) ;
#8622 = CARTESIAN_POINT ( 'NONE',  ( 1.755972059074294400, 4.500000000000001800, -2.590227330290587400 ) ) ;
#8623 = PRESENTATION_LAYER_ASSIGNMENT (  '', '', ( #8265 ) ) ;
#8624 = VERTEX_POINT ( 'NONE', #728 ) ;
#8625 = LINE ( 'NONE', #120, #2181 ) ;
#8626 = SURFACE_STYLE_USAGE ( .BOTH. , #4266 ) ;
#8627 =( NAMED_UNIT ( * ) SI_UNIT ( $, .STERADIAN. ) SOLID_ANGLE_UNIT ( ) );
#8628 = PLANE ( 'NONE',  #357 ) ;
#8629 = FACE_OUTER_BOUND ( 'NONE', #6695, .T. ) ;
#8630 = CARTESIAN_POINT ( 'NONE',  ( 7.083776495382753800, 4.500000000000003600, -2.720981008304916800 ) ) ;
#8631 = ORIENTED_EDGE ( 'NONE', *, *, #7677, .F. ) ;
#8632 = CARTESIAN_POINT ( 'NONE',  ( 3.907864261227223400, 4.510000000000001600, -1.529553217398840200 ) ) ;
#8633 = CARTESIAN_POINT ( 'NONE',  ( 2.115985771840882100, 4.500000000000000900, -1.100382758263419100 ) ) ;
#8634 = EDGE_CURVE ( 'NONE', #7338, #3034, #2782, .T. ) ;
#8635 = CARTESIAN_POINT ( 'NONE',  ( 4.946142783125631000, 4.509999999999999800, -0.9531179552905878500 ) ) ;
#8636 = CARTESIAN_POINT ( 'NONE',  ( 6.613744878981242100, 4.509999999999999800, -1.340939343647796500 ) ) ;
#8637 = B_SPLINE_CURVE_WITH_KNOTS ( 'NONE', 3,
 ( #6070, #604, #9740, #666, #8979, #7573, #5250, #2231, #6001, #1415, #1502, #5162, #7542, #3757, #1446, #2910, #8320, #5935, #9780 ),
 .UNSPECIFIED., .F., .F.,
 ( 4, 1, 1, 1, 1, 1, 1, 1, 1, 1, 1, 1, 1, 1, 1, 1, 4 ),
 ( 0.0000000000000000000, 0.08212281502205892600, 0.1604391508911685000, 0.2350813593500163100, 0.3069439010564258800, 0.3750387779419630000, 0.4404285151425521000, 0.5028977086468716700, 0.5631436476071392000, 0.6210835541335253400, 0.6770586510803233700, 0.7319167192235875900, 0.7856211965772441600, 0.8391171535937979000, 0.8923634229658081700, 0.9458888358988556400, 1.000000000000000000 ),
 .UNSPECIFIED. ) ;
#8638 = CARTESIAN_POINT ( 'NONE',  ( 6.486787249105327100, 4.509999999999998900, -1.057639476242006700 ) ) ;
#8639 = DIRECTION ( 'NONE',  ( -0.0000000000000000000, -1.000000000000000000, -0.0000000000000000000 ) ) ;
#8640 = ORIENTED_EDGE ( 'NONE', *, *, #8634, .T. ) ;
#8641 = DIRECTION ( 'NONE',  ( 0.0000000000000000000, -1.000000000000000000, 4.336808689942025100E-016 ) ) ;
#8642 = CARTESIAN_POINT ( 'NONE',  ( 6.177141267104153700, 4.509999999999998900, -2.168127442189547800 ) ) ;
#8643 = CARTESIAN_POINT ( 'NONE',  ( 2.280870719645188100, 4.500000000000000900, -2.681727253625437100 ) ) ;
#8644 = CARTESIAN_POINT ( 'NONE',  ( 5.159765974952541100, 4.509999999999999800, -1.014414131091090800 ) ) ;
#8645 = SURFACE_STYLE_FILL_AREA ( #4199 ) ;
#8646 = CARTESIAN_POINT ( 'NONE',  ( 3.937764226140070300, 4.500000000000000000, -1.489723548288325500 ) ) ;
#8647 = LINE ( 'NONE', #1811, #3283 ) ;
#8648 = DIRECTION ( 'NONE',  ( -0.0000000000000000000, -1.000000000000000000, -0.0000000000000000000 ) ) ;
#8649 = CARTESIAN_POINT ( 'NONE',  ( 6.786260351770802200, 4.510000000000002500, -2.109548439480166200 ) ) ;
#8650 = CARTESIAN_POINT ( 'NONE',  ( 6.151341029575892300, 4.509999999999999800, -2.138549461075394100 ) ) ;
#8651 = ORIENTED_EDGE ( 'NONE', *, *, #9867, .T. ) ;
#8652 = EDGE_CURVE ( 'NONE', #8656, #8701, #6518, .T. ) ;
#8653 =( LENGTH_UNIT ( ) NAMED_UNIT ( * ) SI_UNIT ( .MILLI., .METRE. ) );
#8654 = CARTESIAN_POINT ( 'NONE',  ( 0.7401910691034224700, 4.509999999999999800, -2.554729299710066600 ) ) ;
#8655 = PRESENTATION_LAYER_ASSIGNMENT (  '', '', ( #2013 ) ) ;
#8656 = VERTEX_POINT ( 'NONE', #7408 ) ;
#8657 = B_SPLINE_CURVE_WITH_KNOTS ( 'NONE', 3,
 ( #1954, #4228, #7355, #6505, #3581, #2669, #2762, #1925, #5823, #7286, #488 ),
 .UNSPECIFIED., .F., .F.,
 ( 4, 1, 1, 1, 1, 1, 1, 1, 4 ),
 ( 0.0000000000000000000, 0.1505885433767798500, 0.2941289230733412600, 0.4300452503608147000, 0.5580969168575941100, 0.6786951376828379600, 0.7927822232048088400, 0.8994909854023781500, 1.000000000000000000 ),
 .UNSPECIFIED. ) ;
#8658 = CARTESIAN_POINT ( 'NONE',  ( 4.958021472749254400, 4.509999999999999800, -1.008570445543400100 ) ) ;
#8659 = FACE_OUTER_BOUND ( 'NONE', #5236, .T. ) ;
#8660 =( LENGTH_UNIT ( ) NAMED_UNIT ( * ) SI_UNIT ( .MILLI., .METRE. ) );
#8661 = ADVANCED_FACE ( 'NONE', ( #1909 ), #4475, .T. ) ;
#8662 = CARTESIAN_POINT ( 'NONE',  ( 6.667363495057610800, 4.509999999999998900, -2.291033676894844700 ) ) ;
#8663 = PRESENTATION_LAYER_ASSIGNMENT (  '', '', ( #7860 ) ) ;
#8664 = CARTESIAN_POINT ( 'NONE',  ( 4.052170526413688900, 4.500000000000000900, -1.070692899505453900 ) ) ;
#8665 = PLANE ( 'NONE',  #5547 ) ;
#8666 = EDGE_CURVE ( 'NONE', #5316, #3595, #9015, .T. ) ;
#8667 = LINE ( 'NONE', #2275, #9743 ) ;
#8668 = CARTESIAN_POINT ( 'NONE',  ( 4.922659744861180200, 4.509999999999999800, -0.9299409107028423500 ) ) ;
#8669 = ORIENTED_EDGE ( 'NONE', *, *, #8917, .T. ) ;
#8670 = FILL_AREA_STYLE ('',( #2495 ) ) ;
#8671 = LINE ( 'NONE', #308, #6776 ) ;
#8672 =( NAMED_UNIT ( * ) PLANE_ANGLE_UNIT ( ) SI_UNIT ( $, .RADIAN. ) );
#8673 =( NAMED_UNIT ( * ) PLANE_ANGLE_UNIT ( ) SI_UNIT ( $, .RADIAN. ) );
#8674 = CARTESIAN_POINT ( 'NONE',  ( -1.000000000000000400, 1.000000000000000000, -6.000000000000016000 ) ) ;
#8675 = CARTESIAN_POINT ( 'NONE',  ( 0.6809108189174105700, 4.509999999999999800, -1.005728241767358500 ) ) ;
#8676 = CARTESIAN_POINT ( 'NONE',  ( 6.218958963697073900, 4.510000000000000700, -2.228284837589487500 ) ) ;
#8677 = VECTOR ( 'NONE', #4695, 1000.000000000000000 ) ;
#8678 = STYLED_ITEM ( 'NONE', ( #1557 ), #8614 ) ;
#8679 = CARTESIAN_POINT ( 'NONE',  ( 2.408420463913561300, 4.500000000000000900, -2.721722860368197300 ) ) ;
#8680 = SURFACE_SIDE_STYLE ('',( #5061 ) ) ;
#8681 = CARTESIAN_POINT ( 'NONE',  ( 3.920526694987879400, 4.509999999999999800, -1.518866089230823000 ) ) ;
#8682 = STYLED_ITEM ( 'NONE', ( #7823 ), #5708 ) ;
#8683 = EDGE_LOOP ( 'NONE', ( #5654, #4486, #5806, #9198 ) ) ;
#8684 = FILL_AREA_STYLE_COLOUR ( '', #7591 ) ;
#8685 = STYLED_ITEM ( 'NONE', ( #8730 ), #1320 ) ;
#8686 = CARTESIAN_POINT ( 'NONE',  ( 1.860000000000002800, 1.739999999999988900, 7.249999999999984000 ) ) ;
#8687 = CARTESIAN_POINT ( 'NONE',  ( 2.599331693659679800, 4.509999999999999800, -1.112551879128611300 ) ) ;
#8688 = VECTOR ( 'NONE', #4296, 1000.000000000000000 ) ;
#8689 = ORIENTED_EDGE ( 'NONE', *, *, #3051, .F. ) ;
#8690 = EDGE_LOOP ( 'NONE', ( #7358, #5593, #3563, #342 ) ) ;
#8691 = EDGE_CURVE ( 'NONE', #7235, #9680, #2271, .T. ) ;
#8692 = PRESENTATION_LAYER_ASSIGNMENT (  '', '', ( #2362 ) ) ;
#8693 = DIRECTION ( 'NONE',  ( -0.0000000000000000000, -1.000000000000000000, -0.0000000000000000000 ) ) ;
#8694 = B_SPLINE_CURVE_WITH_KNOTS ( 'NONE', 3,
 ( #6228, #1714, #8487, #3220, #910, #2403, #5474, #7079, #4764, #6257, #977 ),
 .UNSPECIFIED., .F., .F.,
 ( 4, 1, 1, 1, 1, 1, 1, 1, 4 ),
 ( 0.0000000000000000000, 0.1440306613881537900, 0.2740342620545204700, 0.3901554936314401400, 0.4984253191023442800, 0.6105705555072855600, 0.7255366516136366700, 0.8561547915775186100, 1.000000000000000000 ),
 .UNSPECIFIED. ) ;
#8695 = CARTESIAN_POINT ( 'NONE',  ( 7.246672220997245600, 4.500000000000000000, -1.850100844876178000 ) ) ;
#8696 = CARTESIAN_POINT ( 'NONE',  ( 6.834208766474071200, 4.500000000000003600, -2.555061229180462400 ) ) ;
#8697 =( NAMED_UNIT ( * ) SI_UNIT ( $, .STERADIAN. ) SOLID_ANGLE_UNIT ( ) );
#8698 = CARTESIAN_POINT ( 'NONE',  ( 2.091249369694339500, 4.509999999999999800, -2.286035237384255800 ) ) ;
#8699 = UNCERTAINTY_MEASURE_WITH_UNIT (LENGTH_MEASURE( 1.000000000000000100E-005 ), #7774, 'distance_accuracy_value', 'NONE');
#8700 = LINE ( 'NONE', #7603, #1313 ) ;
#8701 = VERTEX_POINT ( 'NONE', #6926 ) ;
#8702 = EDGE_LOOP ( 'NONE', ( #3095, #6425, #5200, #8428 ) ) ;
#8703 = COLOUR_RGB ( '',0.8980392156862745400, 0.8980392156862745400, 0.8980392156862745400 ) ;
#8704 = CARTESIAN_POINT ( 'NONE',  ( 6.595793027778753100, 4.500000000000003600, -0.9446731299589044000 ) ) ;
#8705 = CARTESIAN_POINT ( 'NONE',  ( 3.942948695591516700, 4.509999999999999800, -1.450330118162447700 ) ) ;
#8706 = CARTESIAN_POINT ( 'NONE',  ( 0.7390209806954239900, 4.509999999999999800, -0.9243359989920172400 ) ) ;
#8707 = B_SPLINE_CURVE_WITH_KNOTS ( 'NONE', 3,
 ( #2904, #9801, #2027, #7396, #2796, #7430, #7593, #5272, #5307, #3812, #2966, #2284, #8374, #7692, #6778, #6163, #9181, #8343, #5243 ),
 .UNSPECIFIED., .F., .F.,
 ( 4, 1, 1, 1, 1, 1, 1, 1, 1, 1, 1, 1, 1, 1, 1, 1, 4 ),
 ( 0.0000000000000000000, 0.03828069407247108200, 0.07738805717304707300, 0.1180984301595548500, 0.1611014230638988500, 0.2069833872630443500, 0.2572226791531509500, 0.3107329601489685100, 0.3682757298278993000, 0.4301058585872973800, 0.4970028159540491000, 0.5683747602638313800, 0.6441520267934988100, 0.7257965197093109200, 0.8118025055179974900, 0.9038112034319040200, 1.000000000000000000 ),
 .UNSPECIFIED. ) ;
#8708 = CARTESIAN_POINT ( 'NONE',  ( 4.957149200872287900, 4.509999999999999800, -2.553374666908405600 ) ) ;
#8709 =( NAMED_UNIT ( * ) SI_UNIT ( $, .STERADIAN. ) SOLID_ANGLE_UNIT ( ) );
#8710 = DIRECTION ( 'NONE',  ( -1.000000000000000000, -0.0000000000000000000, -0.0000000000000000000 ) ) ;
#8711 = CARTESIAN_POINT ( 'NONE',  ( 5.856628567385527600, 4.500000000000000900, -2.484191714886017500 ) ) ;
#8712 = CARTESIAN_POINT ( 'NONE',  ( 1.660964024585010100, 4.500000000000000900, -1.355132763525009400 ) ) ;
#8713 = CARTESIAN_POINT ( 'NONE',  ( 4.549556187220980900, 4.500000000000000000, -2.315984182522566700 ) ) ;
#8714 = ADVANCED_FACE ( 'NONE', ( #6464 ), #1350, .T. ) ;
#8715 = DIRECTION ( 'NONE',  ( -0.0000000000000000000, -0.0000000000000000000, -1.000000000000000000 ) ) ;
#8716 = CARTESIAN_POINT ( 'NONE',  ( 6.658471389043898000, 4.509999999999999800, -2.272133038549352300 ) ) ;
#8717 = MECHANICAL_DESIGN_GEOMETRIC_PRESENTATION_REPRESENTATION (  '', ( #7918 ), #9606 ) ;
#8718 = SURFACE_STYLE_FILL_AREA ( #5810 ) ;
#8719 = CARTESIAN_POINT ( 'NONE',  ( 3.942815831633621900, 4.509999999999999800, -1.443261630863280900 ) ) ;
#8720 = STYLED_ITEM ( 'NONE', ( #2572 ), #3464 ) ;
#8721 = EDGE_CURVE ( 'NONE', #8540, #1781, #5121, .T. ) ;
#8722 = VECTOR ( 'NONE', #3497, 1000.000000000000000 ) ;
#8723 = CARTESIAN_POINT ( 'NONE',  ( 4.874548809540768500, 4.509999999999999800, -1.099391563974918300 ) ) ;
#8724 = SURFACE_SIDE_STYLE ('',( #8645 ) ) ;
#8725 = CARTESIAN_POINT ( 'NONE',  ( 5.980852318583370000, 4.509999999999998900, -2.547440929278638000 ) ) ;
#8726 = ORIENTED_EDGE ( 'NONE', *, *, #3920, .F. ) ;
#8727 = CARTESIAN_POINT ( 'NONE',  ( 3.250000000000003100, 2.490000000000000200, 1.999999999999984500 ) ) ;
#8728 =( NAMED_UNIT ( * ) SI_UNIT ( $, .STERADIAN. ) SOLID_ANGLE_UNIT ( ) );
#8729 = CARTESIAN_POINT ( 'NONE',  ( 0.7730794270833332100, 4.509999999999999800, -0.9176199247100669300 ) ) ;
#8730 = PRESENTATION_STYLE_ASSIGNMENT (( #5330 ) ) ;
#8731 =( NAMED_UNIT ( * ) SI_UNIT ( $, .STERADIAN. ) SOLID_ANGLE_UNIT ( ) );
#8732 =( GEOMETRIC_REPRESENTATION_CONTEXT ( 3 ) GLOBAL_UNCERTAINTY_ASSIGNED_CONTEXT ( ( #3646 ) ) GLOBAL_UNIT_ASSIGNED_CONTEXT ( ( #7752, #6200, #4002 ) ) REPRESENTATION_CONTEXT ( 'NONE', 'WORKASPACE' ) );
#8733 =( GEOMETRIC_REPRESENTATION_CONTEXT ( 3 ) GLOBAL_UNCERTAINTY_ASSIGNED_CONTEXT ( ( #4313 ) ) GLOBAL_UNIT_ASSIGNED_CONTEXT ( ( #7985, #4224, #9589 ) ) REPRESENTATION_CONTEXT ( 'NONE', 'WORKASPACE' ) );
#8734 = ORIENTED_EDGE ( 'NONE', *, *, #2783, .T. ) ;
#8735 = CARTESIAN_POINT ( 'NONE',  ( 3.872862867834642000, 4.509999999999999800, -1.360453722440947000 ) ) ;
#8736 =( GEOMETRIC_REPRESENTATION_CONTEXT ( 3 ) GLOBAL_UNCERTAINTY_ASSIGNED_CONTEXT ( ( #4418 ) ) GLOBAL_UNIT_ASSIGNED_CONTEXT ( ( #6359, #1785, #2543 ) ) REPRESENTATION_CONTEXT ( 'NONE', 'WORKASPACE' ) );
#8737 = CARTESIAN_POINT ( 'NONE',  ( 1.278585670107886800, 4.500000000000000900, -2.554729299710066600 ) ) ;
#8738 = CARTESIAN_POINT ( 'NONE',  ( 4.669648281844977200, 4.509999999999999800, -2.439531113327624700 ) ) ;
#8739 = DIRECTION ( 'NONE',  ( -0.0000000000000000000, -1.000000000000000000, -0.0000000000000000000 ) ) ;
#8740 =( LENGTH_UNIT ( ) NAMED_UNIT ( * ) SI_UNIT ( .MILLI., .METRE. ) );
#8741 = CARTESIAN_POINT ( 'NONE',  ( 4.447840541514372200, 4.500000000000000000, -2.289430927563799800 ) ) ;
#8742 = DIRECTION ( 'NONE',  ( -0.2582330317988721400, 0.0000000000000000000, 0.9660826575857588400 ) ) ;
#8743 = LINE ( 'NONE', #1916, #6618 ) ;
#8744 =( NAMED_UNIT ( * ) SI_UNIT ( $, .STERADIAN. ) SOLID_ANGLE_UNIT ( ) );
#8745 = VERTEX_POINT ( 'NONE', #1097 ) ;
#8746 = CARTESIAN_POINT ( 'NONE',  ( 5.207277154114248900, 4.509999999999998900, -2.637930594706395600 ) ) ;
#8747 = MECHANICAL_DESIGN_GEOMETRIC_PRESENTATION_REPRESENTATION (  '', ( #6204 ), #6853 ) ;
#8748 = COLOUR_RGB ( '',1.000000000000000000, 1.000000000000000000, 1.000000000000000000 ) ;
#8749 = EDGE_CURVE ( 'NONE', #9882, #3278, #5485, .T. ) ;
#8750 = PRESENTATION_LAYER_ASSIGNMENT (  '', '', ( #9786 ) ) ;
#8751 = FACE_BOUND ( 'NONE', #4340, .T. ) ;
#8752 = DIRECTION ( 'NONE',  ( 0.0000000000000000000, 1.000000000000000000, 0.0000000000000000000 ) ) ;
#8753 = PLANE ( 'NONE',  #9877 ) ;
#8754 = ORIENTED_EDGE ( 'NONE', *, *, #7444, .T. ) ;
#8755 = COLOUR_RGB ( '',0.8980392156862745400, 0.8980392156862745400, 0.8980392156862745400 ) ;
#8756 = CARTESIAN_POINT ( 'NONE',  ( 1.762666279246469300, 4.509999999999998000, -2.685073250669276900 ) ) ;
#8757 = DIRECTION ( 'NONE',  ( -0.0000000000000000000, -0.0000000000000000000, -1.000000000000000000 ) ) ;
#8758 = CARTESIAN_POINT ( 'NONE',  ( 7.310929220012980100, 4.500000000000000900, -2.193783691474077800 ) ) ;
#8759 = ADVANCED_FACE ( 'NONE', ( #1321 ), #8093, .T. ) ;
#8760 = PRESENTATION_STYLE_ASSIGNMENT (( #4428 ) ) ;
#8761 = UNCERTAINTY_MEASURE_WITH_UNIT (LENGTH_MEASURE( 1.000000000000000100E-005 ), #2049, 'distance_accuracy_value', 'NONE');
#8762 = FILL_AREA_STYLE_COLOUR ( '', #2722 ) ;
#8763 = DIRECTION ( 'NONE',  ( -4.057995580834073000E-016, 0.0000000000000000000, 1.000000000000000000 ) ) ;
#8764 =( LENGTH_UNIT ( ) NAMED_UNIT ( * ) SI_UNIT ( .MILLI., .METRE. ) );
#8765 = EDGE_CURVE ( 'NONE', #7867, #3494, #5003, .T. ) ;
#8766 = ORIENTED_EDGE ( 'NONE', *, *, #1726, .T. ) ;
#8767 = CARTESIAN_POINT ( 'NONE',  ( 2.737010598024668600, 4.510000000000000700, -1.304094516372340300 ) ) ;
#8768 = COLOUR_RGB ( '',1.000000000000000000, 1.000000000000000000, 1.000000000000000000 ) ;
#8769 = CARTESIAN_POINT ( 'NONE',  ( 6.651114166566844500, 4.500000000000002700, -1.165503138752370000 ) ) ;
#8770 = CARTESIAN_POINT ( 'NONE',  ( 5.790000000000003600, 2.990000000000000200, 1.999999999999984500 ) ) ;
#8771 = CARTESIAN_POINT ( 'NONE',  ( 0.6811882773299058300, 4.510000000000000700, -1.000135495735446000 ) ) ;
#8772 =( LENGTH_UNIT ( ) NAMED_UNIT ( * ) SI_UNIT ( .MILLI., .METRE. ) );
#8773 = SURFACE_STYLE_FILL_AREA ( #6254 ) ;
#8774 = ORIENTED_EDGE ( 'NONE', *, *, #3467, .F. ) ;
#8775 = CARTESIAN_POINT ( 'NONE',  ( 6.604892131617579500, 4.499999999999999100, -2.151848599083205500 ) ) ;
#8776 = CARTESIAN_POINT ( 'NONE',  ( -1.009999999999996900, -0.01000000000000002600, 1.368805242762944900E-016 ) ) ;
#8777 = CARTESIAN_POINT ( 'NONE',  ( 2.507229759579612200, 4.509999999999999800, -1.284264211819442100 ) ) ;
#8778 = CARTESIAN_POINT ( 'NONE',  ( 3.891588091979859800, 4.500000000000000000, -1.536267157812387400 ) ) ;
#8779 = LINE ( 'NONE', #9572, #5905 ) ;
#8780 = SURFACE_STYLE_USAGE ( .BOTH. , #1113 ) ;
#8781 = CARTESIAN_POINT ( 'NONE',  ( 0.8292786148693864800, 4.509999999999998900, -0.9332871698254021600 ) ) ;
#8782 = EDGE_CURVE ( 'NONE', #9637, #4597, #5237, .T. ) ;
#8783 = ORIENTED_EDGE ( 'NONE', *, *, #4004, .F. ) ;
#8784 = COLOUR_RGB ( '',1.000000000000000000, 1.000000000000000000, 1.000000000000000000 ) ;
#8785 = CARTESIAN_POINT ( 'NONE',  ( 0.0000000000000000000, 3.500000000000003100, -6.000000000000016000 ) ) ;
#8786 =( NAMED_UNIT ( * ) SI_UNIT ( $, .STERADIAN. ) SOLID_ANGLE_UNIT ( ) );
#8787 = STYLED_ITEM ( 'NONE', ( #438 ), #7445 ) ;
#8788 = CARTESIAN_POINT ( 'NONE',  ( 6.779900648758103700, 4.500000000000000900, -1.099838616856200700 ) ) ;
#8789 = CARTESIAN_POINT ( 'NONE',  ( 2.251070684648723800, 4.500000000000001800, -0.9328987841756117800 ) ) ;
#8790 = CARTESIAN_POINT ( 'NONE',  ( 7.246672220997245600, 4.509999999999998900, -1.850100844876178000 ) ) ;
#8791 = ORIENTED_EDGE ( 'NONE', *, *, #1943, .T. ) ;
#8792 = VERTEX_POINT ( 'NONE', #1770 ) ;
#8793 = PRESENTATION_LAYER_ASSIGNMENT (  '', '', ( #9493 ) ) ;
#8794 = PLANE ( 'NONE',  #2318 ) ;
#8795 = CARTESIAN_POINT ( 'NONE',  ( 0.6720685779845899700, 4.509999999999999800, -2.714215791611775500 ) ) ;
#8796 = PLANE ( 'NONE',  #4211 ) ;
#8797 = CARTESIAN_POINT ( 'NONE',  ( 7.294474995601098600, 4.509999999999998900, -2.450918514583357900 ) ) ;
#8798 = VERTEX_POINT ( 'NONE', #4010 ) ;
#8799 = MECHANICAL_DESIGN_GEOMETRIC_PRESENTATION_REPRESENTATION (  '', ( #3712 ), #3837 ) ;
#8800 = LINE ( 'NONE', #9823, #5206 ) ;
#8801 = CARTESIAN_POINT ( 'NONE',  ( 2.993247154490524100, 4.509999999999999800, -2.206013419754879700 ) ) ;
#8802 = ORIENTED_EDGE ( 'NONE', *, *, #6351, .F. ) ;
#8803 = CARTESIAN_POINT ( 'NONE',  ( 6.674009598991005100, 4.500000000000003600, -1.135731047707683600 ) ) ;
#8804 = DIRECTION ( 'NONE',  ( -0.0000000000000000000, 0.0000000000000000000, 1.000000000000000000 ) ) ;
#8805 = CARTESIAN_POINT ( 'NONE',  ( 0.6853771391369045700, 4.500000000000000900, -1.033338221306048900 ) ) ;
#8806 = CARTESIAN_POINT ( 'NONE',  ( 2.813734214370416300, 4.509999999999998900, -2.264486386593719000 ) ) ;
#8807 = CARTESIAN_POINT ( 'NONE',  ( 1.767573280255139800, 4.509999999999999800, -2.666405490152947300 ) ) ;
#8808 = ORIENTED_EDGE ( 'NONE', *, *, #1388, .F. ) ;
#8809 = CARTESIAN_POINT ( 'NONE',  ( 2.086583600725445900, 4.500000000000000900, -0.9176199247100669300 ) ) ;
#8810 = DIRECTION ( 'NONE',  ( -0.0000000000000000000, -1.000000000000000000, -0.0000000000000000000 ) ) ;
#8811 = CARTESIAN_POINT ( 'NONE',  ( 4.536507867071308400, 4.500000000000001800, -2.301346730429791900 ) ) ;
#8812 = CIRCLE ( 'NONE', #568, 2.000000000000000000 ) ;
#8813 =( GEOMETRIC_REPRESENTATION_CONTEXT ( 3 ) GLOBAL_UNCERTAINTY_ASSIGNED_CONTEXT ( ( #8462 ) ) GLOBAL_UNIT_ASSIGNED_CONTEXT ( ( #3623, #8943, #4369 ) ) REPRESENTATION_CONTEXT ( 'NONE', 'WORKASPACE' ) );
#8814 = ADVANCED_FACE ( 'NONE', ( #2496 ), #8665, .T. ) ;
#8815 =( GEOMETRIC_REPRESENTATION_CONTEXT ( 3 ) GLOBAL_UNCERTAINTY_ASSIGNED_CONTEXT ( ( #3258 ) ) GLOBAL_UNIT_ASSIGNED_CONTEXT ( ( #2866, #1397, #8961 ) ) REPRESENTATION_CONTEXT ( 'NONE', 'WORKASPACE' ) );
#8816 = DIRECTION ( 'NONE',  ( 1.734723475976806900E-015, -1.000000000000000000, 0.0000000000000000000 ) ) ;
#8817 = FACE_OUTER_BOUND ( 'NONE', #214, .T. ) ;
#8818 = CARTESIAN_POINT ( 'NONE',  ( 0.8556334375402664400, 4.509999999999999800, -0.9747833418026861100 ) ) ;
#8819 = VERTEX_POINT ( 'NONE', #4108 ) ;
#8820 = ORIENTED_EDGE ( 'NONE', *, *, #8348, .T. ) ;
#8821 = UNCERTAINTY_MEASURE_WITH_UNIT (LENGTH_MEASURE( 1.000000000000000100E-005 ), #3226, 'distance_accuracy_value', 'NONE');
#8822 = DIRECTION ( 'NONE',  ( -1.000000000000000000, 0.0000000000000000000, 0.0000000000000000000 ) ) ;
#8823 = PRESENTATION_STYLE_ASSIGNMENT (( #4315 ) ) ;
#8824 = CARTESIAN_POINT ( 'NONE',  ( 6.443173864328841200, 4.500000000000000900, -2.330309223782979400 ) ) ;
#8825 = EDGE_CURVE ( 'NONE', #5487, #608, #8368, .T. ) ;
#8826 = SURFACE_STYLE_USAGE ( .BOTH. , #413 ) ;
#8827 = CARTESIAN_POINT ( 'NONE',  ( 6.088020142822609100, 4.509999999999998900, -0.9880149556987070100 ) ) ;
#8828 = COLOUR_RGB ( '',1.000000000000000000, 1.000000000000000000, 1.000000000000000000 ) ;
#8829 = FILL_AREA_STYLE_COLOUR ( '', #4394 ) ;
#8830 = CARTESIAN_POINT ( 'NONE',  ( 0.6847310117452459800, 4.509999999999999800, -2.724902919779791200 ) ) ;
#8831 = CARTESIAN_POINT ( 'NONE',  ( 0.7672048675490761300, 4.500000000000001800, -0.9178641005960710400 ) ) ;
#8832 = PRESENTATION_STYLE_ASSIGNMENT (( #4420 ) ) ;
#8833 = CARTESIAN_POINT ( 'NONE',  ( 6.054201625773535200, 4.510000000000000700, -2.554258305700128200 ) ) ;
#8834 = CARTESIAN_POINT ( 'NONE',  ( 6.200156465330890900, 4.500000000000001800, -2.198146564422811500 ) ) ;
#8835 = FACE_OUTER_BOUND ( 'NONE', #9387, .T. ) ;
#8836 = CARTESIAN_POINT ( 'NONE',  ( 3.907586967703442900, 4.500000000000001800, -1.371700583321890500 ) ) ;
#8837 = CARTESIAN_POINT ( 'NONE',  ( 6.140000000000004100, -2.260000000000004200, 7.249999999999985800 ) ) ;
#8838 = CARTESIAN_POINT ( 'NONE',  ( 7.038843694920115200, 4.509999999999998900, -1.335079654942215500 ) ) ;
#8839 = CARTESIAN_POINT ( 'NONE',  ( 4.867476981026785100, 4.510000000000000700, -0.9176199247100670400 ) ) ;
#8840 = CARTESIAN_POINT ( 'NONE',  ( 2.187454461912925000, 4.500000000000000900, -1.101142754699390400 ) ) ;
#8841 = EDGE_CURVE ( 'NONE', #1231, #4978, #7666, .T. ) ;
#8842 = CARTESIAN_POINT ( 'NONE',  ( 3.999999999999999100, 1.000000000000000000, -10.00000000000000200 ) ) ;
#8843 = ORIENTED_EDGE ( 'NONE', *, *, #5178, .T. ) ;
#8844 =( LENGTH_UNIT ( ) NAMED_UNIT ( * ) SI_UNIT ( .MILLI., .METRE. ) );
#8845 = CARTESIAN_POINT ( 'NONE',  ( 5.729850049149706400, 4.510000000000000700, -2.376767648900806500 ) ) ;
#8846 = STYLED_ITEM ( 'NONE', ( #7064 ), #6669 ) ;
#8847 = ADVANCED_FACE ( 'NONE', ( #2870, #5606, #1072, #4303, #3597, #3475, #6084 ), #4815, .T. ) ;
#8848 = CARTESIAN_POINT ( 'NONE',  ( 7.315020461309522700, 4.509999999999999800, -2.292840523203370400 ) ) ;
#8849 = PRESENTATION_STYLE_ASSIGNMENT (( #3768 ) ) ;
#8850 = ORIENTED_EDGE ( 'NONE', *, *, #900, .F. ) ;
#8851 = PLANE ( 'NONE',  #7364 ) ;
#8852 = CARTESIAN_POINT ( 'NONE',  ( 1.684354623716710600, 4.509999999999999800, -2.555099354554651200 ) ) ;
#8853 = MECHANICAL_DESIGN_GEOMETRIC_PRESENTATION_REPRESENTATION (  '', ( #8720 ), #3432 ) ;
#8854 = EDGE_CURVE ( 'NONE', #2589, #7950, #1783, .T. ) ;
#8855 =( LENGTH_UNIT ( ) NAMED_UNIT ( * ) SI_UNIT ( .MILLI., .METRE. ) );
#8856 = SURFACE_SIDE_STYLE ('',( #3401 ) ) ;
#8857 = CARTESIAN_POINT ( 'NONE',  ( 5.612946428571428100, 4.509999999999999800, -2.283095824542656200 ) ) ;
#8858 = ADVANCED_FACE ( 'NONE', ( #943 ), #4489, .T. ) ;
#8859 = CARTESIAN_POINT ( 'NONE',  ( 2.119197818977963400, 4.510000000000001600, -2.592682946982801000 ) ) ;
#8860 = ORIENTED_EDGE ( 'NONE', *, *, #230, .F. ) ;
#8861 = CARTESIAN_POINT ( 'NONE',  ( 5.679941231863838700, 4.509999999999999800, -2.315984182522566700 ) ) ;
#8862 =( NAMED_UNIT ( * ) PLANE_ANGLE_UNIT ( ) SI_UNIT ( $, .RADIAN. ) );
#8863 = CARTESIAN_POINT ( 'NONE',  ( 1.909657568337643300, 4.509999999999999800, -1.196007067462094400 ) ) ;
#8864 = CARTESIAN_POINT ( 'NONE',  ( 2.989592343284969400, 4.509999999999999800, -2.190927216376733300 ) ) ;
#8865 = MECHANICAL_DESIGN_GEOMETRIC_PRESENTATION_REPRESENTATION (  '', ( #9058 ), #492 ) ;
#8866 = PRESENTATION_LAYER_ASSIGNMENT (  '', '', ( #6784 ) ) ;
#8867 = CARTESIAN_POINT ( 'NONE',  ( 6.735953353742781100, 4.500000000000002700, -1.101500624941748700 ) ) ;
#8868 = ORIENTED_EDGE ( 'NONE', *, *, #47, .T. ) ;
#8869 = PRESENTATION_LAYER_ASSIGNMENT (  '', '', ( #114 ) ) ;
#8870 = CARTESIAN_POINT ( 'NONE',  ( 7.441504964685187000, 4.500000000000000900, -2.596266522088112700 ) ) ;
#8871 = EDGE_LOOP ( 'NONE', ( #2162, #9628, #5039, #7884 ) ) ;
#8872 = CARTESIAN_POINT ( 'NONE',  ( 2.378313867195774600, 4.509999999999999800, -0.9736139167874707800 ) ) ;
#8873 = CARTESIAN_POINT ( 'NONE',  ( 3.064908664437548900, 4.510000000000000700, -1.536267157812387900 ) ) ;
#8874 = CARTESIAN_POINT ( 'NONE',  ( 5.304599212313696900, 4.509999999999999800, -2.283935102730433100 ) ) ;
#8875 = CARTESIAN_POINT ( 'NONE',  ( 2.602220535631536900, 4.500000000000000000, -1.447744820114415400 ) ) ;
#8876 = B_SPLINE_CURVE_WITH_KNOTS ( 'NONE', 3,
 ( #7889, #2581, #304, #7976, #272, #7245, #8687, #6330, #3288, #7945, #4768 ),
 .UNSPECIFIED., .F., .F.,
 ( 4, 1, 1, 1, 1, 1, 1, 1, 4 ),
 ( 0.0000000000000000000, 0.1360833275515710700, 0.2658684718539822700, 0.3908202315191757800, 0.5123393213102001000, 0.6328010629825312500, 0.7531181277868023200, 0.8749153256703050600, 1.000000000000000000 ),
 .UNSPECIFIED. ) ;
#8877 =( NAMED_UNIT ( * ) SI_UNIT ( $, .STERADIAN. ) SOLID_ANGLE_UNIT ( ) );
#8878 = CARTESIAN_POINT ( 'NONE',  ( 2.814187767392112500, 4.509999999999999800, -2.279035533434024900 ) ) ;
#8879 = SURFACE_STYLE_FILL_AREA ( #2917 ) ;
#8880 = CARTESIAN_POINT ( 'NONE',  ( 4.119571358816963300, 4.509999999999999800, -0.9176199247100669300 ) ) ;
#8881 = ORIENTED_EDGE ( 'NONE', *, *, #5713, .F. ) ;
#8882 = AXIS2_PLACEMENT_3D ( 'NONE', #8454, #5266, #8423 ) ;
#8883 = ORIENTED_EDGE ( 'NONE', *, *, #4062, .T. ) ;
#8884 = EDGE_CURVE ( 'NONE', #3539, #7031, #2253, .T. ) ;
#8885 = PLANE ( 'NONE',  #831 ) ;
#8886 = MECHANICAL_DESIGN_GEOMETRIC_PRESENTATION_REPRESENTATION (  '', ( #6672 ), #4913 ) ;
#8887 = PRESENTATION_STYLE_ASSIGNMENT (( #4318 ) ) ;
#8888 = CARTESIAN_POINT ( 'NONE',  ( 1.660964024585010100, 4.509999999999999800, -1.355132763525009400 ) ) ;
#8889 = B_SPLINE_CURVE_WITH_KNOTS ( 'NONE', 3,
 ( #6660, #6509, #2529, #4623, #6895, #7709, #707 ),
 .UNSPECIFIED., .F., .F.,
 ( 4, 1, 1, 1, 4 ),
 ( 0.0000000000000000000, 0.2890735175390005100, 0.5515028090246377700, 0.7878253254373884800, 1.000000000000000000 ),
 .UNSPECIFIED. ) ;
#8890 = PLANE ( 'NONE',  #9248 ) ;
#8891 = CARTESIAN_POINT ( 'NONE',  ( 2.734406397586578700, 4.509999999999998000, -2.476202821890305400 ) ) ;
#8892 = ORIENTED_EDGE ( 'NONE', *, *, #6531, .T. ) ;
#8893 = CARTESIAN_POINT ( 'NONE',  ( 6.816861544370715900, 4.500000000000000900, -1.105646639397869900 ) ) ;
#8894 = CARTESIAN_POINT ( 'NONE',  ( 0.7401910691034224700, 4.509999999999999800, -2.554729299710066600 ) ) ;
#8895 = CARTESIAN_POINT ( 'NONE',  ( 5.675533885096159600, 4.500000000000001800, -2.311040072749954300 ) ) ;
#8896 = CARTESIAN_POINT ( 'NONE',  ( 5.314109002976188400, 4.509999999999999800, -2.376888549152031100 ) ) ;
#8897 = CARTESIAN_POINT ( 'NONE',  ( 0.7401910691034224700, 4.509999999999999800, -2.736630341376733000 ) ) ;
#8898 = CARTESIAN_POINT ( 'NONE',  ( 5.777388218470981900, 4.509999999999999800, -2.655424519204114400 ) ) ;
#8899 = FILL_AREA_STYLE ('',( #7896 ) ) ;
#8900 = ADVANCED_FACE ( 'NONE', ( #6074 ), #8796, .F. ) ;
#8901 = PRESENTATION_STYLE_ASSIGNMENT (( #1517 ) ) ;
#8902 = CARTESIAN_POINT ( 'NONE',  ( 6.173609246204016200, 4.500000000000000900, -2.530829638628621300 ) ) ;
#8903 = ORIENTED_EDGE ( 'NONE', *, *, #5785, .F. ) ;
#8904 = VECTOR ( 'NONE', #495, 1000.000000000000000 ) ;
#8905 = CARTESIAN_POINT ( 'NONE',  ( 1.860000000000002800, 2.990000000000000200, 5.799999999999983800 ) ) ;
#8906 = B_SPLINE_CURVE_WITH_KNOTS ( 'NONE', 3,
 ( #7008, #1787, #9274, #2405, #7781 ),
 .UNSPECIFIED., .F., .F.,
 ( 4, 1, 4 ),
 ( 0.0000000000000000000, 0.4799636876084980000, 1.000000000000000000 ),
 .UNSPECIFIED. ) ;
#8907 = DIRECTION ( 'NONE',  ( 1.000000000000000000, -0.0000000000000000000, -0.0000000000000000000 ) ) ;
#8908 = CARTESIAN_POINT ( 'NONE',  ( 9.010000000000001600, 4.500000000000000900, -1.953732314818879400E-015 ) ) ;
#8909 = FACE_OUTER_BOUND ( 'NONE', #9772, .T. ) ;
#8910 = PRESENTATION_LAYER_ASSIGNMENT (  '', '', ( #6878 ) ) ;
#8911 = CARTESIAN_POINT ( 'NONE',  ( 1.040834085586081400E-014, -0.01000000000000002600, -5.999999999999998200 ) ) ;
#8912 = CARTESIAN_POINT ( 'NONE',  ( 2.334950139564993400, 4.509999999999999800, -1.144965900719250300 ) ) ;
#8913 = VECTOR ( 'NONE', #837, 1000.000000000000000 ) ;
#8914 = ADVANCED_FACE ( 'NONE', ( #3468 ), #592, .T. ) ;
#8915 = VERTEX_POINT ( 'NONE', #1302 ) ;
#8916 = CARTESIAN_POINT ( 'NONE',  ( 5.675533885096159600, 4.500000000000001800, -2.311040072749954300 ) ) ;
#8917 = EDGE_CURVE ( 'NONE', #4207, #3293, #8359, .T. ) ;
#8918 = CARTESIAN_POINT ( 'NONE',  ( 0.7556089410004299700, 4.500000000000001800, -0.9183460849257125700 ) ) ;
#8919 = SHAPE_DEFINITION_REPRESENTATION ( #1996, #5893 ) ;
#8920 = CARTESIAN_POINT ( 'NONE',  ( 4.906865724942597300, 4.500000000000000900, -0.9223453044267369000 ) ) ;
#8921 = ORIENTED_EDGE ( 'NONE', *, *, #4562, .T. ) ;
#8922 = VERTEX_POINT ( 'NONE', #5182 ) ;
#8923 = CARTESIAN_POINT ( 'NONE',  ( 4.433809876512329500, 4.509999999999999800, -2.456597176201947600 ) ) ;
#8924 = FILL_AREA_STYLE_COLOUR ( '', #6418 ) ;
#8925 = SURFACE_SIDE_STYLE ('',( #6832 ) ) ;
#8926 = CARTESIAN_POINT ( 'NONE',  ( 5.287127284215062100, 4.509999999999999800, -2.518405064466794100 ) ) ;
#8927 =( NAMED_UNIT ( * ) SI_UNIT ( $, .STERADIAN. ) SOLID_ANGLE_UNIT ( ) );
#8928 = CARTESIAN_POINT ( 'NONE',  ( 5.675533885096159600, 4.510000000000000700, -2.311040072749954300 ) ) ;
#8929 =( GEOMETRIC_REPRESENTATION_CONTEXT ( 3 ) GLOBAL_UNCERTAINTY_ASSIGNED_CONTEXT ( ( #7145 ) ) GLOBAL_UNIT_ASSIGNED_CONTEXT ( ( #8660, #4779, #5556 ) ) REPRESENTATION_CONTEXT ( 'NONE', 'WORKASPACE' ) );
#8930 =( LENGTH_UNIT ( ) NAMED_UNIT ( * ) SI_UNIT ( .MILLI., .METRE. ) );
#8931 = CARTESIAN_POINT ( 'NONE',  ( 5.602098544412007700, 4.500000000000000900, -2.502542730447146400 ) ) ;
#8932 = CARTESIAN_POINT ( 'NONE',  ( 4.406631173858847300, 4.510000000000000700, -2.323851074555162800 ) ) ;
#8933 = STYLED_ITEM ( 'NONE', ( #6331 ), #502 ) ;
#8934 = ORIENTED_EDGE ( 'NONE', *, *, #7606, .F. ) ;
#8935 = ORIENTED_EDGE ( 'NONE', *, *, #9916, .T. ) ;
#8936 = CARTESIAN_POINT ( 'NONE',  ( 6.036434791201636500, 4.509999999999999800, -2.554729299710066600 ) ) ;
#8937 = VERTEX_POINT ( 'NONE', #3685 ) ;
#8938 = VECTOR ( 'NONE', #2061, 1000.000000000000000 ) ;
#8939 = CARTESIAN_POINT ( 'NONE',  ( 2.210000000000004000, 2.990000000000000200, 5.799999999999983800 ) ) ;
#8940 = SURFACE_SIDE_STYLE ('',( #4945 ) ) ;
#8941 = LINE ( 'NONE', #4219, #4403 ) ;
#8942 = ORIENTED_EDGE ( 'NONE', *, *, #9332, .F. ) ;
#8943 =( NAMED_UNIT ( * ) PLANE_ANGLE_UNIT ( ) SI_UNIT ( $, .RADIAN. ) );
#8944 = COLOUR_RGB ( '',0.8980392156862745400, 0.8980392156862745400, 0.8980392156862745400 ) ;
#8945 = FACE_OUTER_BOUND ( 'NONE', #2238, .T. ) ;
#8946 = CARTESIAN_POINT ( 'NONE',  ( 5.251172243200398900, 4.509999999999999800, -2.145994865886199100 ) ) ;
#8947 = CARTESIAN_POINT ( 'NONE',  ( 2.153069708623899000, 4.509999999999999800, -1.100064993808699500 ) ) ;
#8948 = EDGE_LOOP ( 'NONE', ( #4080, #6205, #5415, #800 ) ) ;
#8949 = CARTESIAN_POINT ( 'NONE',  ( 0.7008023251876108800, 4.500000000000001800, -2.559454679426736800 ) ) ;
#8950 = AXIS2_PLACEMENT_3D ( 'NONE', #4329, #586, #1367 ) ;
#8951 = UNCERTAINTY_MEASURE_WITH_UNIT (LENGTH_MEASURE( 1.000000000000000100E-005 ), #3868, 'distance_accuracy_value', 'NONE');
#8952 = CARTESIAN_POINT ( 'NONE',  ( 6.394958496093749100, 4.499999999999999100, -2.560413707262149800 ) ) ;
#8953 = FACE_OUTER_BOUND ( 'NONE', #4507, .T. ) ;
#8954 = CARTESIAN_POINT ( 'NONE',  ( 4.099112694851367400, 4.500000000000000900, -0.9186940498218997300 ) ) ;
#8955 = LINE ( 'NONE', #2695, #6458 ) ;
#8956 = CARTESIAN_POINT ( 'NONE',  ( 5.151697358630950200, 4.509999999999999800, -2.011868378486108400 ) ) ;
#8957 = VECTOR ( 'NONE', #926, 1000.000000000000000 ) ;
#8958 = CARTESIAN_POINT ( 'NONE',  ( 3.250000000000003100, 2.990000000000000200, 1.999999999999984500 ) ) ;
#8959 = CARTESIAN_POINT ( 'NONE',  ( 2.759166617865755900, 4.509999999999999800, -2.449888456860171100 ) ) ;
#8960 = EDGE_CURVE ( 'NONE', #3123, #7568, #9785, .T. ) ;
#8961 =( NAMED_UNIT ( * ) SI_UNIT ( $, .STERADIAN. ) SOLID_ANGLE_UNIT ( ) );
#8962 = DIRECTION ( 'NONE',  ( -0.7071067811865472400, 0.0000000000000000000, 0.7071067811865479100 ) ) ;
#8963 = ADVANCED_FACE ( 'NONE', ( #3946 ), #1429, .T. ) ;
#8964 = VERTEX_POINT ( 'NONE', #2935 ) ;
#8965 = CARTESIAN_POINT ( 'NONE',  ( 6.053044789504038000, 4.500000000000000900, -0.9299409107028424600 ) ) ;
#8966 = CARTESIAN_POINT ( 'NONE',  ( 1.857284237892998100, 4.509999999999999800, -0.9992806684977452200 ) ) ;
#8967 =( NAMED_UNIT ( * ) SI_UNIT ( $, .STERADIAN. ) SOLID_ANGLE_UNIT ( ) );
#8968 = CARTESIAN_POINT ( 'NONE',  ( 2.135713123139880000, 4.500000000000000900, -1.099520966376733600 ) ) ;
#8969 = FILL_AREA_STYLE_COLOUR ( '', #2597 ) ;
#8970 = LINE ( 'NONE', #7018, #4648 ) ;
#8971 = SURFACE_STYLE_FILL_AREA ( #6758 ) ;
#8972 = CARTESIAN_POINT ( 'NONE',  ( 1.732489020809842000, 4.500000000000000000, -2.567050285702841900 ) ) ;
#8973 = B_SPLINE_CURVE_WITH_KNOTS ( 'NONE', 3,
 ( #7362, #2741, #6586, #8834, #2770, #3554, #5530, #7134, #2023, #1263, #1986 ),
 .UNSPECIFIED., .F., .F.,
 ( 4, 1, 1, 1, 1, 1, 1, 1, 4 ),
 ( 0.0000000000000000000, 0.1509398342856085900, 0.2930091889939348500, 0.4272146947976586100, 0.5525714633560068200, 0.6714016893043983600, 0.7851944250067206500, 0.8941901696829238600, 1.000000000000000000 ),
 .UNSPECIFIED. ) ;
#8974 = ORIENTED_EDGE ( 'NONE', *, *, #8467, .T. ) ;
#8975 = CARTESIAN_POINT ( 'NONE',  ( 6.085564313616071500, 4.509999999999999800, -2.736630341376733000 ) ) ;
#8976 = CARTESIAN_POINT ( 'NONE',  ( 6.764772752763770200, 4.500000000000000000, -0.9183166842544880900 ) ) ;
#8977 = CARTESIAN_POINT ( 'NONE',  ( 5.238469950219991000, 4.510000000000000700, -2.601844933314015700 ) ) ;
#8978 = COLOUR_RGB ( '',1.000000000000000000, 1.000000000000000000, 1.000000000000000000 ) ;
#8979 = CARTESIAN_POINT ( 'NONE',  ( 7.186658115637490200, 4.509999999999999800, -1.223722356806541000 ) ) ;
#8980 = CARTESIAN_POINT ( 'NONE',  ( 2.734406397586578700, 4.499999999999999100, -2.476202821890305400 ) ) ;
#8981 = EDGE_CURVE ( 'NONE', #3189, #8982, #2616, .T. ) ;
#8982 = VERTEX_POINT ( 'NONE', #8968 ) ;
#8983 = DIRECTION ( 'NONE',  ( -0.0000000000000000000, -1.000000000000000000, -0.0000000000000000000 ) ) ;
#8984 = CARTESIAN_POINT ( 'NONE',  ( 4.099112694851367400, 4.509999999999999800, -0.9186940498218997300 ) ) ;
#8985 = PRESENTATION_LAYER_ASSIGNMENT (  '', '', ( #9234 ) ) ;
#8986 = DIRECTION ( 'NONE',  ( 0.0000000000000000000, 0.0000000000000000000, 1.000000000000000000 ) ) ;
#8987 = CARTESIAN_POINT ( 'NONE',  ( 6.866154632173617300, 4.500000000000001800, -2.278415578169777700 ) ) ;
#8988 = CARTESIAN_POINT ( 'NONE',  ( 4.887935644992379200, 4.500000000000001800, -0.9186940498218996200 ) ) ;
#8989 = MECHANICAL_DESIGN_GEOMETRIC_PRESENTATION_REPRESENTATION (  '', ( #4386 ), #5531 ) ;
#8990 = VERTEX_POINT ( 'NONE', #4392 ) ;
#8991 = EDGE_CURVE ( 'NONE', #2391, #9887, #8812, .T. ) ;
#8992 = CARTESIAN_POINT ( 'NONE',  ( 9.000000000000000000, 0.0000000000000000000, -12.00000000000000000 ) ) ;
#8993 = CARTESIAN_POINT ( 'NONE',  ( 4.566144718150123800, 4.509999999999999800, -2.336187194071017700 ) ) ;
#8994 = CARTESIAN_POINT ( 'NONE',  ( 0.6497431668066635500, 4.509999999999999800, -2.652894624883067400 ) ) ;
#8995 =( NAMED_UNIT ( * ) SI_UNIT ( $, .STERADIAN. ) SOLID_ANGLE_UNIT ( ) );
#8996 = SURFACE_SIDE_STYLE ('',( #2739 ) ) ;
#8997 = CARTESIAN_POINT ( 'NONE',  ( 1.660253034319195900, 4.509999999999999800, -1.373590616209322800 ) ) ;
#8998 = ORIENTED_EDGE ( 'NONE', *, *, #4872, .F. ) ;
#8999 = EDGE_LOOP ( 'NONE', ( #7750, #5758, #7706, #4221 ) ) ;
#9000 = MECHANICAL_DESIGN_GEOMETRIC_PRESENTATION_REPRESENTATION (  '', ( #2030 ), #4761 ) ;
#9001 = UNCERTAINTY_MEASURE_WITH_UNIT (LENGTH_MEASURE( 1.000000000000000100E-005 ), #7276, 'distance_accuracy_value', 'NONE');
#9002 = MECHANICAL_DESIGN_GEOMETRIC_PRESENTATION_REPRESENTATION (  '', ( #7501 ), #110 ) ;
#9003 = CARTESIAN_POINT ( 'NONE',  ( 1.677306256975446000, 4.500000000000000900, -2.736630341376733000 ) ) ;
#9004 = PRESENTATION_LAYER_ASSIGNMENT (  '', '', ( #3729 ) ) ;
#9005 = SURFACE_STYLE_USAGE ( .BOTH. , #697 ) ;
#9006 = CARTESIAN_POINT ( 'NONE',  ( 7.409007091627089800, 4.500000000000000000, -1.738095816926704000 ) ) ;
#9007 = ORIENTED_EDGE ( 'NONE', *, *, #8301, .T. ) ;
#9008 = ORIENTED_EDGE ( 'NONE', *, *, #3955, .F. ) ;
#9009 = CARTESIAN_POINT ( 'NONE',  ( 4.887935644992379200, 4.500000000000001800, -0.9186940498218996200 ) ) ;
#9010 = CARTESIAN_POINT ( 'NONE',  ( 5.273937723451807000, 4.500000000000000900, -2.191770001969793700 ) ) ;
#9011 = CARTESIAN_POINT ( 'NONE',  ( 5.522401936848958700, 4.500000000000001800, -2.373640316265126100 ) ) ;
#9012 = B_SPLINE_CURVE_WITH_KNOTS ( 'NONE', 3,
 ( #365, #9539, #9575, #3491, #7268 ),
 .UNSPECIFIED., .F., .F.,
 ( 4, 1, 4 ),
 ( 0.0000000000000000000, 0.5115628037216395400, 1.000000000000000000 ),
 .UNSPECIFIED. ) ;
#9013 = CARTESIAN_POINT ( 'NONE',  ( 7.479244435280844700, 4.510000000000000700, -2.486933688462568800 ) ) ;
#9014 = FILL_AREA_STYLE ('',( #2173 ) ) ;
#9015 = B_SPLINE_CURVE_WITH_KNOTS ( 'NONE', 3,
 ( #1503, #9225, #4680, #9292, #4716 ),
 .UNSPECIFIED., .F., .F.,
 ( 4, 1, 4 ),
 ( 0.0000000000000000000, 0.4862122328046448700, 1.000000000000000000 ),
 .UNSPECIFIED. ) ;
#9016 = VECTOR ( 'NONE', #7110, 1000.000000000000000 ) ;
#9017 = CARTESIAN_POINT ( 'NONE',  ( 3.048632495190187100, 4.509999999999999800, -1.529553217398840000 ) ) ;
#9018 = EDGE_CURVE ( 'NONE', #7031, #1717, #8010, .T. ) ;
#9019 = ORIENTED_EDGE ( 'NONE', *, *, #2387, .T. ) ;
#9020 = CARTESIAN_POINT ( 'NONE',  ( 6.737535043456958300, 4.500000000000000900, -0.9178530189701942200 ) ) ;
#9021 = SURFACE_SIDE_STYLE ('',( #6046 ) ) ;
#9022 = CARTESIAN_POINT ( 'NONE',  ( 0.6841272511588752900, 4.500000000000000900, -1.028627791793215600 ) ) ;
#9023 = PLANE ( 'NONE',  #7447 ) ;
#9024 = CARTESIAN_POINT ( 'NONE',  ( 5.119620842485871600, 4.510000000000000700, -2.452124493493723600 ) ) ;
#9025 = CARTESIAN_POINT ( 'NONE',  ( 4.871646986402142300, 4.500000000000001800, -2.734255089716013800 ) ) ;
#9026 = VECTOR ( 'NONE', #7681, 1000.000000000000000 ) ;
#9027 = ORIENTED_EDGE ( 'NONE', *, *, #9118, .F. ) ;
#9028 = CARTESIAN_POINT ( 'NONE',  ( 5.189873894604942500, 4.500000000000000000, -2.055531216110068300 ) ) ;
#9029 = CARTESIAN_POINT ( 'NONE',  ( -1.009999999999997600, 4.500000000000000900, -5.000000000000015100 ) ) ;
#9030 = CARTESIAN_POINT ( 'NONE',  ( 1.660964024585010100, 4.499999999999999100, -1.355132763525009400 ) ) ;
#9031 = FACE_OUTER_BOUND ( 'NONE', #3899, .T. ) ;
#9032 = ORIENTED_EDGE ( 'NONE', *, *, #1682, .T. ) ;
#9033 = UNCERTAINTY_MEASURE_WITH_UNIT (LENGTH_MEASURE( 1.000000000000000100E-005 ), #1396, 'distance_accuracy_value', 'NONE');
#9034 = CARTESIAN_POINT ( 'NONE',  ( 2.682372215663588300, 4.510000000000000700, -2.722836433553022900 ) ) ;
#9035 = EDGE_CURVE ( 'NONE', #3231, #9699, #8707, .T. ) ;
#9036 = PRESENTATION_STYLE_ASSIGNMENT (( #8393 ) ) ;
#9037 = ORIENTED_EDGE ( 'NONE', *, *, #7166, .F. ) ;
#9038 = ORIENTED_EDGE ( 'NONE', *, *, #2750, .F. ) ;
#9039 =( LENGTH_UNIT ( ) NAMED_UNIT ( * ) SI_UNIT ( .MILLI., .METRE. ) );
#9040 = CARTESIAN_POINT ( 'NONE',  ( 6.920878707365749200, 4.509999999999999800, -0.9622905474261734800 ) ) ;
#9041 = CARTESIAN_POINT ( 'NONE',  ( 7.496163219321323000, 4.510000000000000700, -2.258980899971467800 ) ) ;
#9042 = SURFACE_SIDE_STYLE ('',( #2979 ) ) ;
#9043 = MECHANICAL_DESIGN_GEOMETRIC_PRESENTATION_REPRESENTATION (  '', ( #8531 ), #9545 ) ;
#9044 = SURFACE_SIDE_STYLE ('',( #550 ) ) ;
#9045 = ORIENTED_EDGE ( 'NONE', *, *, #3767, .T. ) ;
#9046 =( NAMED_UNIT ( * ) PLANE_ANGLE_UNIT ( ) SI_UNIT ( $, .RADIAN. ) );
#9047 = MECHANICAL_DESIGN_GEOMETRIC_PRESENTATION_REPRESENTATION (  '', ( #7860 ), #281 ) ;
#9048 = ADVANCED_FACE ( 'NONE', ( #6436 ), #2123, .F. ) ;
#9049 = EDGE_CURVE ( 'NONE', #4167, #537, #1427, .T. ) ;
#9050 = ORIENTED_EDGE ( 'NONE', *, *, #6037, .T. ) ;
#9051 = CARTESIAN_POINT ( 'NONE',  ( 3.064908664437548900, 4.510000000000000700, -1.536267157812387900 ) ) ;
#9052 = CARTESIAN_POINT ( 'NONE',  ( 4.052170526413688900, 4.509999999999999800, -1.070692899505453900 ) ) ;
#9053 = CARTESIAN_POINT ( 'NONE',  ( 1.855588247628682900, 4.510000000000000700, -1.448506838128058800 ) ) ;
#9054 = FACE_OUTER_BOUND ( 'NONE', #9091, .T. ) ;
#9055 = CARTESIAN_POINT ( 'NONE',  ( 6.658471389043898000, 4.500000000000001800, -2.272133038549352300 ) ) ;
#9056 = ORIENTED_EDGE ( 'NONE', *, *, #3225, .F. ) ;
#9057 = ORIENTED_EDGE ( 'NONE', *, *, #6934, .F. ) ;
#9058 = STYLED_ITEM ( 'NONE', ( #2394 ), #8190 ) ;
#9059 = SURFACE_STYLE_FILL_AREA ( #4229 ) ;
#9060 = STYLED_ITEM ( 'NONE', ( #1599 ), #5053 ) ;
#9061 = CARTESIAN_POINT ( 'NONE',  ( 5.151697358630950200, 4.500000000000000900, -2.011868378486108400 ) ) ;
#9062 = CARTESIAN_POINT ( 'NONE',  ( 1.091000220889136700, 4.509999999999999800, -2.554729299710066600 ) ) ;
#9063 = CARTESIAN_POINT ( 'NONE',  ( 5.777388218470981900, 4.500000000000001800, -2.655424519204114400 ) ) ;
#9064 = PRESENTATION_LAYER_ASSIGNMENT (  '', '', ( #3120 ) ) ;
#9065 = FACE_OUTER_BOUND ( 'NONE', #8303, .T. ) ;
#9066 = CARTESIAN_POINT ( 'NONE',  ( 1.684354623716710600, 4.500000000000000900, -2.555099354554651200 ) ) ;
#9067 =( NAMED_UNIT ( * ) PLANE_ANGLE_UNIT ( ) SI_UNIT ( $, .RADIAN. ) );
#9068 = CARTESIAN_POINT ( 'NONE',  ( 7.261036749208714400, 4.509999999999998900, -1.361739353471121100 ) ) ;
#9069 = B_SPLINE_CURVE_WITH_KNOTS ( 'NONE', 3,
 ( #9495, #4079, #8031, #255, #6448, #3375, #1803, #387, #354, #5696, #3447 ),
 .UNSPECIFIED., .F., .F.,
 ( 4, 1, 1, 1, 1, 1, 1, 1, 4 ),
 ( 0.0000000000000000000, 0.1776927533761879800, 0.3331757883253078600, 0.4686890906939400500, 0.5870354530938758400, 0.6917121057556598900, 0.7907207944305284500, 0.8911850616761289900, 1.000000000000000000 ),
 .UNSPECIFIED. ) ;
#9070 = CARTESIAN_POINT ( 'NONE',  ( 8.000000000000000000, -0.01000000000000002600, -6.000000000000008900 ) ) ;
#9071 =( LENGTH_UNIT ( ) NAMED_UNIT ( * ) SI_UNIT ( .MILLI., .METRE. ) );
#9072 = CARTESIAN_POINT ( 'NONE',  ( 5.537016218501706900, 4.500000000000000900, -2.323851074555163300 ) ) ;
#9073 = EDGE_CURVE ( 'NONE', #1748, #4965, #6800, .T. ) ;
#9074 = ORIENTED_EDGE ( 'NONE', *, *, #8825, .F. ) ;
#9075 =( GEOMETRIC_REPRESENTATION_CONTEXT ( 3 ) GLOBAL_UNCERTAINTY_ASSIGNED_CONTEXT ( ( #3910 ) ) GLOBAL_UNIT_ASSIGNED_CONTEXT ( ( #7944, #9678, #7452 ) ) REPRESENTATION_CONTEXT ( 'NONE', 'WORKASPACE' ) );
#9076 = CARTESIAN_POINT ( 'NONE',  ( 7.496176236442014600, 4.509999999999998900, -2.346887391394324200 ) ) ;
#9077 = CARTESIAN_POINT ( 'NONE',  ( 0.7401910691034224700, 4.500000000000000900, -2.736630341376733000 ) ) ;
#9078 = CARTESIAN_POINT ( 'NONE',  ( 2.324988204433651200, 4.499999999999998200, -2.509979398164091400 ) ) ;
#9079 = CARTESIAN_POINT ( 'NONE',  ( 6.955962542042547300, 4.510000000000000700, -2.422261316552464500 ) ) ;
#9080 = CARTESIAN_POINT ( 'NONE',  ( 5.182555571056547600, 4.509999999999999800, -1.070692899505453900 ) ) ;
#9081 = VERTEX_POINT ( 'NONE', #6873 ) ;
#9082 = CARTESIAN_POINT ( 'NONE',  ( 9.000000000000000000, 1.000000000000000000, -12.00000000000000000 ) ) ;
#9083 = EDGE_CURVE ( 'NONE', #8798, #5090, #4399, .T. ) ;
#9084 = CARTESIAN_POINT ( 'NONE',  ( 2.506112298412682000, 4.510000000000000700, -2.554192164498474400 ) ) ;
#9085 = ORIENTED_EDGE ( 'NONE', *, *, #6963, .T. ) ;
#9086 = CARTESIAN_POINT ( 'NONE',  ( 5.304599212313696900, 4.500000000000000900, -2.283935102730433100 ) ) ;
#9087 = CARTESIAN_POINT ( 'NONE',  ( 8.000000000000000000, 1.000000000000000000, -13.00000000000000000 ) ) ;
#9088 = PRESENTATION_LAYER_ASSIGNMENT (  '', '', ( #1381 ) ) ;
#9089 = VECTOR ( 'NONE', #5885, 1000.000000000000200 ) ;
#9090 = CARTESIAN_POINT ( 'NONE',  ( 6.394958496093749100, 4.500000000000000900, -2.560413707262149800 ) ) ;
#9091 = EDGE_LOOP ( 'NONE', ( #3570, #4807, #2656, #494 ) ) ;
#9092 = CARTESIAN_POINT ( 'NONE',  ( 7.323615181720720500, 4.500000000000000000, -1.500469931387517800 ) ) ;
#9093 = CARTESIAN_POINT ( 'NONE',  ( 5.790000000000003600, 2.490000000000000200, 1.999999999999984500 ) ) ;
#9094 = CARTESIAN_POINT ( 'NONE',  ( 5.523511905599193900, 4.509999999999999800, -2.384079172309085900 ) ) ;
#9095 = EDGE_CURVE ( 'NONE', #2759, #6958, #1179, .T. ) ;
#9096 =( NAMED_UNIT ( * ) SI_UNIT ( $, .STERADIAN. ) SOLID_ANGLE_UNIT ( ) );
#9097 = CARTESIAN_POINT ( 'NONE',  ( 2.637648961435606700, 4.500000000000000900, -2.535881738243079400 ) ) ;
#9098 = VERTEX_POINT ( 'NONE', #6809 ) ;
#9099 = CARTESIAN_POINT ( 'NONE',  ( 0.6497431668066635500, 4.500000000000000900, -2.652894624883067400 ) ) ;
#9100 = CARTESIAN_POINT ( 'NONE',  ( 5.003643339350428900, 4.500000000000001800, -2.545027625353823100 ) ) ;
#9101 = FILL_AREA_STYLE_COLOUR ( '', #1463 ) ;
#9102 = FACE_OUTER_BOUND ( 'NONE', #3311, .T. ) ;
#9103 =( NAMED_UNIT ( * ) PLANE_ANGLE_UNIT ( ) SI_UNIT ( $, .RADIAN. ) );
#9104 = CARTESIAN_POINT ( 'NONE',  ( 7.296365759836620100, 4.500000000000000000, -2.083763850241384700 ) ) ;
#9105 = CARTESIAN_POINT ( 'NONE',  ( 1.767850748697916500, 4.509999999999999800, -2.645679820543399800 ) ) ;
#9106 =( GEOMETRIC_REPRESENTATION_CONTEXT ( 3 ) GLOBAL_UNCERTAINTY_ASSIGNED_CONTEXT ( ( #3075 ) ) GLOBAL_UNIT_ASSIGNED_CONTEXT ( ( #8440, #9846, #9096 ) ) REPRESENTATION_CONTEXT ( 'NONE', 'WORKASPACE' ) );
#9107 = EDGE_CURVE ( 'NONE', #9217, #2759, #9278, .T. ) ;
#9108 = PLANE ( 'NONE',  #2108 ) ;
#9109 = VERTEX_POINT ( 'NONE', #9864 ) ;
#9110 = UNCERTAINTY_MEASURE_WITH_UNIT (LENGTH_MEASURE( 1.000000000000000100E-005 ), #8772, 'distance_accuracy_value', 'NONE');
#9111 = B_SPLINE_CURVE_WITH_KNOTS ( 'NONE', 3,
 ( #5686, #8723, #245, #4912, #5596, #5656, #1884, #6437, #7158, #4940, #8658 ),
 .UNSPECIFIED., .F., .F.,
 ( 4, 1, 1, 1, 1, 1, 1, 1, 4 ),
 ( 0.0000000000000000000, 0.1436409104313115200, 0.2740735383166308900, 0.3888763523592640400, 0.4987022707778785400, 0.6085281891964924300, 0.7258537232309745200, 0.8536058418296561500, 0.9999999999999998900 ),
 .UNSPECIFIED. ) ;
#9112 = DIRECTION ( 'NONE',  ( -0.6714571773835017500, 0.0000000000000000000, 0.7410433583402394900 ) ) ;
#9113 = DIRECTION ( 'NONE',  ( 0.0000000000000000000, 0.0000000000000000000, -1.000000000000000000 ) ) ;
#9114 = PRESENTATION_STYLE_ASSIGNMENT (( #5126 ) ) ;
#9115 = CARTESIAN_POINT ( 'NONE',  ( 5.679941231863838700, 4.509999999999999800, -2.315984182522566700 ) ) ;
#9116 = CARTESIAN_POINT ( 'NONE',  ( 5.612946428571428100, 4.509999999999999800, -2.283095824542656200 ) ) ;
#9117 = ORIENTED_EDGE ( 'NONE', *, *, #2827, .T. ) ;
#9118 = EDGE_CURVE ( 'NONE', #6232, #7641, #9410, .T. ) ;
#9119 = COLOUR_RGB ( '',1.000000000000000000, 1.000000000000000000, 1.000000000000000000 ) ;
#9120 = SURFACE_STYLE_USAGE ( .BOTH. , #6786 ) ;
#9121 = STYLED_ITEM ( 'NONE', ( #9301 ), #1993 ) ;
#9122 = CARTESIAN_POINT ( 'NONE',  ( 0.0000000000000000000, -2.259999999999961600, 4.259999999999985600 ) ) ;
#9123 = B_SPLINE_CURVE_WITH_KNOTS ( 'NONE', 3,
 ( #4739, #4772, #950, #983, #846, #1586, #2345, #3906, #6199, #408, #2753 ),
 .UNSPECIFIED., .F., .F.,
 ( 4, 1, 1, 1, 1, 1, 1, 1, 4 ),
 ( 0.0000000000000000000, 0.1361005710680594800, 0.2659839013270169900, 0.3909514939951708200, 0.5124859818255146400, 0.6325350512681745500, 0.7527974466355396000, 0.8746100777982533900, 1.000000000000000000 ),
 .UNSPECIFIED. ) ;
#9124 = FILL_AREA_STYLE_COLOUR ( '', #6803 ) ;
#9125 = CARTESIAN_POINT ( 'NONE',  ( 5.304599212313696900, 4.509999999999999800, -2.283935102730433100 ) ) ;
#9126 = CARTESIAN_POINT ( 'NONE',  ( 5.562800722170431200, 4.500000000000000900, -2.298339766766987600 ) ) ;
#9127 = ORIENTED_EDGE ( 'NONE', *, *, #4354, .T. ) ;
#9128 = PRESENTATION_STYLE_ASSIGNMENT (( #9737 ) ) ;
#9129 = CARTESIAN_POINT ( 'NONE',  ( 6.667363495057610800, 4.500000000000000000, -2.291033676894844700 ) ) ;
#9130 = CARTESIAN_POINT ( 'NONE',  ( 0.0000000000000000000, 4.500000000000000900, 1.999999999999984500 ) ) ;
#9131 = LINE ( 'NONE', #2743, #9736 ) ;
#9132 = CARTESIAN_POINT ( 'NONE',  ( 6.134444948831757400, 4.500000000000001800, -2.734953802264013400 ) ) ;
#9133 = LINE ( 'NONE', #2778, #787 ) ;
#9134 = CARTESIAN_POINT ( 'NONE',  ( 2.471723503491458600, 4.509999999999999800, -2.553128057635377900 ) ) ;
#9135 = EDGE_CURVE ( 'NONE', #9832, #9799, #1883, .T. ) ;
#9136 = CARTESIAN_POINT ( 'NONE',  ( 3.035662940850393000, 4.500000000000001800, -1.381734156276819500 ) ) ;
#9137 = ORIENTED_EDGE ( 'NONE', *, *, #9299, .T. ) ;
#9138 = VERTEX_POINT ( 'NONE', #2255 ) ;
#9139 = FILL_AREA_STYLE ('',( #8422 ) ) ;
#9140 = SURFACE_STYLE_FILL_AREA ( #2285 ) ;
#9141 =( NAMED_UNIT ( * ) PLANE_ANGLE_UNIT ( ) SI_UNIT ( $, .RADIAN. ) );
#9142 = SURFACE_STYLE_USAGE ( .BOTH. , #3149 ) ;
#9143 = FACE_OUTER_BOUND ( 'NONE', #3399, .T. ) ;
#9144 = LINE ( 'NONE', #5879, #6673 ) ;
#9145 = PLANE ( 'NONE',  #7214 ) ;
#9146 = VERTEX_POINT ( 'NONE', #4574 ) ;
#9147 =( NAMED_UNIT ( * ) SI_UNIT ( $, .STERADIAN. ) SOLID_ANGLE_UNIT ( ) );
#9148 = PRESENTATION_STYLE_ASSIGNMENT (( #2761 ) ) ;
#9149 = CARTESIAN_POINT ( 'NONE',  ( 6.779900648758103700, 4.500000000000001800, -1.099838616856200700 ) ) ;
#9150 = EDGE_CURVE ( 'NONE', #3819, #7979, #5452, .T. ) ;
#9151 = CARTESIAN_POINT ( 'NONE',  ( 4.871646986402142300, 4.510000000000000700, -2.734255089716013800 ) ) ;
#9152 = CARTESIAN_POINT ( 'NONE',  ( 6.622256198896691300, 4.500000000000002700, -1.249060256344413500 ) ) ;
#9153 = PRESENTATION_STYLE_ASSIGNMENT (( #1079 ) ) ;
#9154 = PRESENTATION_STYLE_ASSIGNMENT (( #4982 ) ) ;
#9155 = VERTEX_POINT ( 'NONE', #7624 ) ;
#9156 = CARTESIAN_POINT ( 'NONE',  ( 6.083427241672655600, 4.510000000000001600, -0.9693535411242258900 ) ) ;
#9157 =( GEOMETRIC_REPRESENTATION_CONTEXT ( 3 ) GLOBAL_UNCERTAINTY_ASSIGNED_CONTEXT ( ( #372 ) ) GLOBAL_UNIT_ASSIGNED_CONTEXT ( ( #1130, #4227, #381 ) ) REPRESENTATION_CONTEXT ( 'NONE', 'WORKASPACE' ) );
#9158 = CARTESIAN_POINT ( 'NONE',  ( 1.866717955699072100, 4.500000000000001800, -1.264665272369229500 ) ) ;
#9159 = CARTESIAN_POINT ( 'NONE',  ( 0.7100000000000031800, 2.490000000000000200, 5.799999999999983800 ) ) ;
#9160 = VERTEX_POINT ( 'NONE', #9320 ) ;
#9161 = CARTESIAN_POINT ( 'NONE',  ( 6.802703164427086300, 4.500000000000000900, -2.516661002011852900 ) ) ;
#9162 = DIRECTION ( 'NONE',  ( 1.000000000000000000, -0.0000000000000000000, 0.0000000000000000000 ) ) ;
#9163 = COLOUR_RGB ( '',1.000000000000000000, 1.000000000000000000, 1.000000000000000000 ) ;
#9164 =( GEOMETRIC_REPRESENTATION_CONTEXT ( 3 ) GLOBAL_UNCERTAINTY_ASSIGNED_CONTEXT ( ( #8699 ) ) GLOBAL_UNIT_ASSIGNED_CONTEXT ( ( #7774, #2397, #2 ) ) REPRESENTATION_CONTEXT ( 'NONE', 'WORKASPACE' ) );
#9165 = CARTESIAN_POINT ( 'NONE',  ( 4.482561383928570300, 4.500000000000000900, -2.283095824542656200 ) ) ;
#9166 = CARTESIAN_POINT ( 'NONE',  ( 7.496163219321323000, 4.510000000000000700, -2.258980899971467800 ) ) ;
#9167 = EDGE_CURVE ( 'NONE', #217, #8032, #8243, .T. ) ;
#9168 = CARTESIAN_POINT ( 'NONE',  ( 5.076162079207492200, 4.500000000000001800, -2.510939998543394700 ) ) ;
#9169 = FACE_OUTER_BOUND ( 'NONE', #6120, .T. ) ;
#9170 = SURFACE_SIDE_STYLE ('',( #9555 ) ) ;
#9171 = B_SPLINE_SURFACE_WITH_KNOTS ( 'NONE', 3, 1, ( 
 ( #9180, #2343 ),
 ( #39, #4706 ),
 ( #5482, #915 ),
 ( #6264, #7717 ),
 ( #6293, #3259 ),
 ( #5716, #4031 ),
 ( #2688, #7851 ),
 ( #949, #1187 ),
 ( #4771, #8593 ),
 ( #7120, #9550 ),
 ( #210, #5549 ) ),
 .UNSPECIFIED., .F., .F., .F.,
 ( 4, 1, 1, 1, 1, 1, 1, 1, 4 ),
 ( 2, 2 ),
 ( 0.0000000000000000000, 0.1436409104313061700, 0.2740735383166260100, 0.3888763523592596000, 0.4987022707778745500, 0.6085281891964925400, 0.7258537232309749700, 0.8536058418296557100, 1.000000000000000000 ),
 ( 0.0000000000000000000, 1.000000000000000000 ),
 .UNSPECIFIED. ) ;
#9172 = VERTEX_POINT ( 'NONE', #2408 ) ;
#9173 = CARTESIAN_POINT ( 'NONE',  ( 6.642000762942432200, 4.500000000000002700, -1.630288940419878600 ) ) ;
#9174 = CARTESIAN_POINT ( 'NONE',  ( 2.825952793213169400, 4.500000000000000900, -2.644012243212304100 ) ) ;
#9175 = CARTESIAN_POINT ( 'NONE',  ( 6.640391139513180700, 4.500000000000000900, -2.231543213593283300 ) ) ;
#9176 = LINE ( 'NONE', #7691, #8596 ) ;
#9177 = CARTESIAN_POINT ( 'NONE',  ( 0.7197324051378272100, 4.500000000000000000, -2.555803424821898600 ) ) ;
#9178 = FACE_OUTER_BOUND ( 'NONE', #1635, .T. ) ;
#9179 = MECHANICAL_DESIGN_GEOMETRIC_PRESENTATION_REPRESENTATION (  '', ( #7689 ), #4901 ) ;
#9180 = CARTESIAN_POINT ( 'NONE',  ( 5.997862025669642900, 4.509999999999999800, -1.099520966376733600 ) ) ;
#9181 = CARTESIAN_POINT ( 'NONE',  ( 6.820229995885712900, 4.509999999999998000, -2.187099899750879900 ) ) ;
#9182 = CARTESIAN_POINT ( 'NONE',  ( 6.206547123850349100, 4.510000000000000700, -2.510939998543394200 ) ) ;
#9183 = B_SPLINE_CURVE_WITH_KNOTS ( 'NONE', 3,
 ( #6798, #1361, #8271, #2112, #1391 ),
 .UNSPECIFIED., .F., .F.,
 ( 4, 1, 4 ),
 ( 0.0000000000000000000, 0.5021492086968814000, 1.000000000000000000 ),
 .UNSPECIFIED. ) ;
#9184 = CARTESIAN_POINT ( 'NONE',  ( 7.155857049851190000, 4.509999999999999800, -2.554729299710066600 ) ) ;
#9185 = LINE ( 'NONE', #5047, #2150 ) ;
#9186 = B_SPLINE_SURFACE_WITH_KNOTS ( 'NONE', 3, 1, ( 
 ( #7404, #2803 ),
 ( #1348, #8283 ),
 ( #7600, #7537 ),
 ( #4432, #6725 ),
 ( #5967, #8256 ) ),
 .UNSPECIFIED., .F., .F., .F.,
 ( 4, 1, 4 ),
 ( 2, 2 ),
 ( 0.0000000000000000000, 0.5164569901113426100, 1.000000000000000000 ),
 ( 0.0000000000000000000, 1.000000000000000000 ),
 .UNSPECIFIED. ) ;
#9187 = ORIENTED_EDGE ( 'NONE', *, *, #4442, .T. ) ;
#9188 = CARTESIAN_POINT ( 'NONE',  ( 6.402495857313018000, 4.500000000000001800, -2.546374660400778600 ) ) ;
#9189 = CARTESIAN_POINT ( 'NONE',  ( 6.633811357620558600, 4.500000000000000000, -1.203254391095981000 ) ) ;
#9190 = CARTESIAN_POINT ( 'NONE',  ( 7.140463307198511500, 4.509999999999999800, -1.544729814492051400 ) ) ;
#9191 = COLOUR_RGB ( '',1.000000000000000000, 1.000000000000000000, 1.000000000000000000 ) ;
#9192 = FILL_AREA_STYLE ('',( #9124 ) ) ;
#9193 = LINE ( 'NONE', #3795, #2646 ) ;
#9194 = EDGE_CURVE ( 'NONE', #8990, #591, #4714, .T. ) ;
#9195 = STYLED_ITEM ( 'NONE', ( #4271 ), #2853 ) ;
#9196 = VECTOR ( 'NONE', #8641, 1000.000000000000000 ) ;
#9197 = CARTESIAN_POINT ( 'NONE',  ( 2.759166617865755900, 4.500000000000000900, -2.449888456860171100 ) ) ;
#9198 = ORIENTED_EDGE ( 'NONE', *, *, #4387, .F. ) ;
#9199 = DIRECTION ( 'NONE',  ( 0.0000000000000000000, 1.000000000000000000, -0.0000000000000000000 ) ) ;
#9200 = CARTESIAN_POINT ( 'NONE',  ( 4.482561383928570300, 4.509999999999999800, -2.283095824542656200 ) ) ;
#9201 = CARTESIAN_POINT ( 'NONE',  ( 3.035970061429529300, 4.500000000000000000, -1.518866089230822600 ) ) ;
#9202 = FILL_AREA_STYLE_COLOUR ( '', #1152 ) ;
#9203 = CARTESIAN_POINT ( 'NONE',  ( 5.159798286306853200, 4.500000000000000900, -0.9880149556987065700 ) ) ;
#9204 = B_SPLINE_SURFACE_WITH_KNOTS ( 'NONE', 3, 1, ( 
 ( #549, #4299 ),
 ( #8994, #6608 ),
 ( #6680, #451 ),
 ( #8189, #1227 ),
 ( #9624, #5855 ),
 ( #5012, #6713 ),
 ( #3609, #7386 ),
 ( #2121, #6575 ),
 ( #8247, #9660 ),
 ( #5081, #5788 ),
 ( #2899, #3577 ) ),
 .UNSPECIFIED., .F., .F., .F.,
 ( 4, 1, 1, 1, 1, 1, 1, 1, 4 ),
 ( 2, 2 ),
 ( 0.0000000000000000000, 0.1463941581703436000, 0.2741462767690282000, 0.3914718108035074000, 0.5012977292221242300, 0.6111236476407382300, 0.7259264616833687200, 0.8563590895686891100, 1.000000000000000000 ),
 ( 0.0000000000000000000, 1.000000000000000000 ),
 .UNSPECIFIED. ) ;
#9205 = COLOUR_RGB ( '',1.000000000000000000, 1.000000000000000000, 1.000000000000000000 ) ;
#9206 = CARTESIAN_POINT ( 'NONE',  ( 3.600000000000003600, -2.259999999999997100, 6.749999999999984900 ) ) ;
#9207 = CARTESIAN_POINT ( 'NONE',  ( 2.733257287343320300, 4.510000000000000700, -2.704088957647500900 ) ) ;
#9208 = VERTEX_POINT ( 'NONE', #748 ) ;
#9209 = CARTESIAN_POINT ( 'NONE',  ( 6.433783820944412900, 4.500000000000000900, -1.465846044581452100 ) ) ;
#9210 = CARTESIAN_POINT ( 'NONE',  ( 6.088406517392113100, 4.500000000000000900, -1.008570445543400100 ) ) ;
#9211 = COLOUR_RGB ( '',1.000000000000000000, 1.000000000000000000, 1.000000000000000000 ) ;
#9212 = CARTESIAN_POINT ( 'NONE',  ( 2.256303769066220000, 4.509999999999999800, -2.671665683638638100 ) ) ;
#9213 = DIRECTION ( 'NONE',  ( -0.0000000000000000000, -1.000000000000000000, -0.0000000000000000000 ) ) ;
#9214 = CARTESIAN_POINT ( 'NONE',  ( 5.679941231863838700, 4.500000000000000900, -2.315984182522566700 ) ) ;
#9215 = ORIENTED_EDGE ( 'NONE', *, *, #2078, .F. ) ;
#9216 = CARTESIAN_POINT ( 'NONE',  ( 6.978459109115545000, 4.509999999999999800, -2.449962969077415000 ) ) ;
#9217 = VERTEX_POINT ( 'NONE', #4637 ) ;
#9218 = AXIS2_PLACEMENT_3D ( 'NONE', #7933, #1744, #8545 ) ;
#9219 = ORIENTED_EDGE ( 'NONE', *, *, #6813, .F. ) ;
#9220 =( NAMED_UNIT ( * ) SI_UNIT ( $, .STERADIAN. ) SOLID_ANGLE_UNIT ( ) );
#9221 = CARTESIAN_POINT ( 'NONE',  ( 5.238469950219991000, 4.500000000000001800, -2.601844933314015700 ) ) ;
#9222 = PRESENTATION_LAYER_ASSIGNMENT (  '', '', ( #8237 ) ) ;
#9223 = ORIENTED_EDGE ( 'NONE', *, *, #7515, .T. ) ;
#9224 = CARTESIAN_POINT ( 'NONE',  ( 0.0000000000000000000, -0.01000000000000002600, 0.0000000000000000000 ) ) ;
#9225 = CARTESIAN_POINT ( 'NONE',  ( 5.523511905599193900, 4.500000000000000900, -2.384079172309085900 ) ) ;
#9226 = EDGE_CURVE ( 'NONE', #2291, #1345, #4736, .T. ) ;
#9227 = CARTESIAN_POINT ( 'NONE',  ( 6.786260351770802200, 4.500000000000003600, -2.109548439480166200 ) ) ;
#9228 = CARTESIAN_POINT ( 'NONE',  ( 5.159411911737351800, 4.500000000000000900, -1.008570445543400100 ) ) ;
#9229 = SURFACE_SIDE_STYLE ('',( #8552 ) ) ;
#9230 = CARTESIAN_POINT ( 'NONE',  ( 5.105059730956707400, 4.500000000000003600, -2.257470553048837900 ) ) ;
#9231 = ORIENTED_EDGE ( 'NONE', *, *, #9494, .F. ) ;
#9232 = CARTESIAN_POINT ( 'NONE',  ( 5.922001299050817700, 4.500000000000000900, -2.718016784549997400 ) ) ;
#9233 =( NAMED_UNIT ( * ) PLANE_ANGLE_UNIT ( ) SI_UNIT ( $, .RADIAN. ) );
#9234 = STYLED_ITEM ( 'NONE', ( #671 ), #7844 ) ;
#9235 = SURFACE_SIDE_STYLE ('',( #9304 ) ) ;
#9236 = B_SPLINE_CURVE_WITH_KNOTS ( 'NONE', 3,
 ( #4750, #6343, #282, #7023, #8632, #9398, #6371, #7164, #4814, #8537, #2561 ),
 .UNSPECIFIED., .F., .F.,
 ( 4, 1, 1, 1, 1, 1, 1, 1, 4 ),
 ( 0.0000000000000000000, 0.1436409104313118000, 0.2740735383166309500, 0.3888763523592589400, 0.4987022707778782100, 0.6085281891964922100, 0.7258537232309745200, 0.8536058418296563800, 1.000000000000000000 ),
 .UNSPECIFIED. ) ;
#9237 = PLANE ( 'NONE',  #9911 ) ;
#9238 = STYLED_ITEM ( 'NONE', ( #2802 ), #4902 ) ;
#9239 = ORIENTED_EDGE ( 'NONE', *, *, #7025, .F. ) ;
#9240 = PLANE ( 'NONE',  #4165 ) ;
#9242 = SURFACE_SIDE_STYLE ('',( #2365 ) ) ;
#9241 = LINE ( 'NONE', #3089, #5422 ) ;
#9243 = ORIENTED_EDGE ( 'NONE', *, *, #6830, .F. ) ;
#9244 = CARTESIAN_POINT ( 'NONE',  ( 2.330193320603769700, 4.500000000000000900, -2.701927676949471600 ) ) ;
#9245 = CARTESIAN_POINT ( 'NONE',  ( 1.767850748697916500, 4.509999999999999800, -2.645679820543399800 ) ) ;
#9246 = FACE_OUTER_BOUND ( 'NONE', #1390, .T. ) ;
#9247 =( NAMED_UNIT ( * ) PLANE_ANGLE_UNIT ( ) SI_UNIT ( $, .RADIAN. ) );
#9248 = AXIS2_PLACEMENT_3D ( 'NONE', #1018, #8151, #7345 ) ;
#9249 = EDGE_CURVE ( 'NONE', #2595, #7279, #6336, .T. ) ;
#9250 = ORIENTED_EDGE ( 'NONE', *, *, #2553, .F. ) ;
#9251 =( LENGTH_UNIT ( ) NAMED_UNIT ( * ) SI_UNIT ( .MILLI., .METRE. ) );
#9252 =( GEOMETRIC_REPRESENTATION_CONTEXT ( 3 ) GLOBAL_UNCERTAINTY_ASSIGNED_CONTEXT ( ( #7714 ) ) GLOBAL_UNIT_ASSIGNED_CONTEXT ( ( #8488, #779, #3183 ) ) REPRESENTATION_CONTEXT ( 'NONE', 'WORKASPACE' ) );
#9253 = CARTESIAN_POINT ( 'NONE',  ( 6.386105352746052500, 4.510000000000000700, -2.574465331221079900 ) ) ;
#9254 = FILL_AREA_STYLE_COLOUR ( '', #2063 ) ;
#9255 = LINE ( 'NONE', #6617, #4488 ) ;
#9256 = CARTESIAN_POINT ( 'NONE',  ( -1.009999999999996900, 4.500000000000000900, 1.368805242762944900E-016 ) ) ;
#9257 = SURFACE_SIDE_STYLE ('',( #4534 ) ) ;
#9258 = CARTESIAN_POINT ( 'NONE',  ( 6.320258939247803000, 4.509999999999998900, -2.055531216110068700 ) ) ;
#9259 = ORIENTED_EDGE ( 'NONE', *, *, #6037, .F. ) ;
#9260 = VERTEX_POINT ( 'NONE', #3153 ) ;
#9261 = CARTESIAN_POINT ( 'NONE',  ( 6.087534245515145800, 4.500000000000000900, -2.553374666908405200 ) ) ;
#9262 = PRESENTATION_STYLE_ASSIGNMENT (( #4707 ) ) ;
#9263 = CARTESIAN_POINT ( 'NONE',  ( 7.155857049851190000, 4.500000000000000900, -2.554729299710066600 ) ) ;
#9264 = CARTESIAN_POINT ( 'NONE',  ( 2.077576397313863700, 4.500000000000001800, -1.102060676745144000 ) ) ;
#9265 = SURFACE_STYLE_USAGE ( .BOTH. , #9300 ) ;
#9266 = EDGE_CURVE ( 'NONE', #2714, #9138, #1059, .T. ) ;
#9267 = DIRECTION ( 'NONE',  ( -1.000000000000000000, -0.0000000000000000000, -0.0000000000000000000 ) ) ;
#9268 = CARTESIAN_POINT ( 'NONE',  ( 7.023224145289559000, 4.500000000000000900, -2.495667312210589500 ) ) ;
#9269 =( LENGTH_UNIT ( ) NAMED_UNIT ( * ) SI_UNIT ( .MILLI., .METRE. ) );
#9270 = VERTEX_POINT ( 'NONE', #7852 ) ;
#9271 = CARTESIAN_POINT ( 'NONE',  ( 4.906660869137597000, 4.500000000000000000, -1.094507485193339400 ) ) ;
#9272 = LINE ( 'NONE', #8896, #444 ) ;
#9273 = SURFACE_STYLE_USAGE ( .BOTH. , #6159 ) ;
#9274 = CARTESIAN_POINT ( 'NONE',  ( 0.6817237882693676400, 4.500000000000002700, -1.019569906025255000 ) ) ;
#9275 = ORIENTED_EDGE ( 'NONE', *, *, #6771, .F. ) ;
#9276 =( NAMED_UNIT ( * ) SI_UNIT ( $, .STERADIAN. ) SOLID_ANGLE_UNIT ( ) );
#9277 = PRESENTATION_LAYER_ASSIGNMENT (  '', '', ( #1877 ) ) ;
#9278 = LINE ( 'NONE', #784, #90 ) ;
#9279 = CARTESIAN_POINT ( 'NONE',  ( 2.489621464519551800, 4.500000000000000000, -2.734416018275681400 ) ) ;
#9280 = CARTESIAN_POINT ( 'NONE',  ( 5.069771420688033100, 4.510000000000000700, -2.198146564422811100 ) ) ;
#9281 = CARTESIAN_POINT ( 'NONE',  ( 1.716695000891258500, 4.510000000000000700, -2.559454679426736300 ) ) ;
#9282 = PRESENTATION_STYLE_ASSIGNMENT (( #8780 ) ) ;
#9283 = EDGE_LOOP ( 'NONE', ( #190, #8404, #551, #2333 ) ) ;
#9284 = B_SPLINE_SURFACE_WITH_KNOTS ( 'NONE', 3, 1, ( 
 ( #6503, #1951 ),
 ( #7392, #8024 ),
 ( #7991, #6543 ),
 ( #4262, #351 ),
 ( #1923, #9560 ),
 ( #3407, #4981 ),
 ( #7353, #8124 ),
 ( #8859, #5691 ),
 ( #4944, #6479 ),
 ( #1126, #5016 ),
 ( #9591, #2694 ) ),
 .UNSPECIFIED., .F., .F., .F.,
 ( 4, 1, 1, 1, 1, 1, 1, 1, 4 ),
 ( 2, 2 ),
 ( 0.0000000000000000000, 0.1361005710680594800, 0.2659839013270169900, 0.3909514939951708200, 0.5124859818255146400, 0.6325350512681745500, 0.7527974466355396000, 0.8746100777982533900, 1.000000000000000000 ),
 ( 0.0000000000000000000, 1.000000000000000000 ),
 .UNSPECIFIED. ) ;
#9285 = EDGE_CURVE ( 'NONE', #9832, #373, #7048, .T. ) ;
#9286 = ORIENTED_EDGE ( 'NONE', *, *, #8504, .F. ) ;
#9287 = PRESENTATION_STYLE_ASSIGNMENT (( #9691 ) ) ;
#9288 = CARTESIAN_POINT ( 'NONE',  ( 2.380781946183849300, 4.509999999999998900, -1.171441743213979600 ) ) ;
#9289 = CARTESIAN_POINT ( 'NONE',  ( 1.848513747709803900, 4.500000000000000900, -1.419544193709387800 ) ) ;
#9290 = CARTESIAN_POINT ( 'NONE',  ( 7.128653099423361900, 4.509999999999999800, -1.516918892343995600 ) ) ;
#9291 = DIRECTION ( 'NONE',  ( -0.0000000000000000000, -0.0000000000000000000, -1.000000000000000000 ) ) ;
#9292 = CARTESIAN_POINT ( 'NONE',  ( 5.538037405380701500, 4.500000000000001800, -2.423362262216188300 ) ) ;
#9293 = VECTOR ( 'NONE', #7429, 1000.000000000000000 ) ;
#9294 = UNCERTAINTY_MEASURE_WITH_UNIT (LENGTH_MEASURE( 1.000000000000000100E-005 ), #1106, 'distance_accuracy_value', 'NONE');
#9295 = DIRECTION ( 'NONE',  ( 0.0000000000000000000, 0.0000000000000000000, -1.000000000000000000 ) ) ;
#9296 = CARTESIAN_POINT ( 'NONE',  ( 7.239424884101073800, 4.510000000000000700, -2.735875275218926400 ) ) ;
#9297 =( GEOMETRIC_REPRESENTATION_CONTEXT ( 3 ) GLOBAL_UNCERTAINTY_ASSIGNED_CONTEXT ( ( #8056 ) ) GLOBAL_UNIT_ASSIGNED_CONTEXT ( ( #1483, #3019, #7678 ) ) REPRESENTATION_CONTEXT ( 'NONE', 'WORKASPACE' ) );
#9298 = CARTESIAN_POINT ( 'NONE',  ( 2.031082887560073900, 4.500000000000001800, -0.9202807657884671800 ) ) ;
#9299 = EDGE_CURVE ( 'NONE', #8964, #4987, #2857, .T. ) ;
#9300 = SURFACE_SIDE_STYLE ('',( #1508 ) ) ;
#9301 = PRESENTATION_STYLE_ASSIGNMENT (( #5268 ) ) ;
#9302 = CARTESIAN_POINT ( 'NONE',  ( 7.441504964685187000, 4.509999999999999800, -2.596266522088112700 ) ) ;
#9303 =( NAMED_UNIT ( * ) PLANE_ANGLE_UNIT ( ) SI_UNIT ( $, .RADIAN. ) );
#9304 = SURFACE_STYLE_FILL_AREA ( #5506 ) ;
#9305 = COLOUR_RGB ( '',1.000000000000000000, 1.000000000000000000, 1.000000000000000000 ) ;
#9306 = SURFACE_STYLE_USAGE ( .BOTH. , #9235 ) ;
#9307 = PLANE ( 'NONE',  #6305 ) ;
#9308 = SURFACE_STYLE_USAGE ( .BOTH. , #4728 ) ;
#9309 = ADVANCED_FACE ( 'NONE', ( #7535 ), #5588, .F. ) ;
#9310 = COLOUR_RGB ( '',0.8980392156862745400, 0.8980392156862745400, 0.8980392156862745400 ) ;
#9311 = CARTESIAN_POINT ( 'NONE',  ( 4.874548809540768500, 4.509999999999999800, -1.099391563974918300 ) ) ;
#9312 = CARTESIAN_POINT ( 'NONE',  ( 4.030065083928058700, 4.510000000000001600, -1.025705839578742200 ) ) ;
#9313 = UNCERTAINTY_MEASURE_WITH_UNIT (LENGTH_MEASURE( 1.000000000000000100E-005 ), #1564, 'distance_accuracy_value', 'NONE');
#9314 =( NAMED_UNIT ( * ) SI_UNIT ( $, .STERADIAN. ) SOLID_ANGLE_UNIT ( ) );
#9315 = CARTESIAN_POINT ( 'NONE',  ( 0.6500329519504529600, 4.510000000000000700, -2.625124330698707100 ) ) ;
#9316 = MECHANICAL_DESIGN_GEOMETRIC_PRESENTATION_REPRESENTATION (  '', ( #8313 ), #5349 ) ;
#9317 = LINE ( 'NONE', #2571, #6956 ) ;
#9318 = ORIENTED_EDGE ( 'NONE', *, *, #6430, .F. ) ;
#9319 = DIRECTION ( 'NONE',  ( -1.000000000000000000, -0.0000000000000000000, -0.0000000000000000000 ) ) ;
#9320 = CARTESIAN_POINT ( 'NONE',  ( 5.020955984933035400, 4.500000000000000900, -2.138549461075394100 ) ) ;
#9321 = CARTESIAN_POINT ( 'NONE',  ( 6.282082403273809800, 4.500000000000000900, -2.011868378486108400 ) ) ;
#9322 =( GEOMETRIC_REPRESENTATION_CONTEXT ( 3 ) GLOBAL_UNCERTAINTY_ASSIGNED_CONTEXT ( ( #9427 ) ) GLOBAL_UNIT_ASSIGNED_CONTEXT ( ( #8855, #1984, #9554 ) ) REPRESENTATION_CONTEXT ( 'NONE', 'WORKASPACE' ) );
#9323 = SURFACE_STYLE_FILL_AREA ( #7066 ) ;
#9324 = CARTESIAN_POINT ( 'NONE',  ( 4.545148840453299100, 4.509999999999999800, -2.311040072749954300 ) ) ;
#9325 = CARTESIAN_POINT ( 'NONE',  ( 5.159411911737351800, 4.509999999999999800, -1.008570445543400100 ) ) ;
#9326 = EDGE_LOOP ( 'NONE', ( #3670, #5544, #7414, #2854 ) ) ;
#9327 = CARTESIAN_POINT ( 'NONE',  ( 5.889514544386944600, 4.500000000000001800, -2.505895107314503700 ) ) ;
#9328 = UNCERTAINTY_MEASURE_WITH_UNIT (LENGTH_MEASURE( 1.000000000000000100E-005 ), #4599, 'distance_accuracy_value', 'NONE');
#9329 = AXIS2_PLACEMENT_3D ( 'NONE', #8842, #7443, #7335 ) ;
#9330 = PLANE ( 'NONE',  #4875 ) ;
#9331 = SURFACE_STYLE_USAGE ( .BOTH. , #3237 ) ;
#9332 = EDGE_CURVE ( 'NONE', #6055, #1725, #9123, .T. ) ;
#9333 = CARTESIAN_POINT ( 'NONE',  ( 6.798145403180804200, 4.500000000000001800, -2.137331373742805700 ) ) ;
#9334 = EDGE_LOOP ( 'NONE', ( #4729, #7017, #3749, #7942, #4105, #3094, #8774, #8726, #9760, #6484 ) ) ;
#9335 = CARTESIAN_POINT ( 'NONE',  ( 5.182555571056547600, 4.500000000000002700, -1.070692899505453900 ) ) ;
#9336 = CARTESIAN_POINT ( 'NONE',  ( 3.942948695591516700, 4.500000000000000900, -1.450330118162447700 ) ) ;
#9337 = CARTESIAN_POINT ( 'NONE',  ( 5.125773605048189900, 4.510000000000000700, -2.315811436865796900 ) ) ;
#9338 = CARTESIAN_POINT ( 'NONE',  ( 5.287127284215062100, 4.500000000000000900, -2.518405064466794100 ) ) ;
#9339 = B_SPLINE_SURFACE_WITH_KNOTS ( 'NONE', 3, 1, ( 
 ( #5897, #3730 ),
 ( #9068, #4496 ),
 ( #6816, #5997 ),
 ( #2165, #6691 ),
 ( #2227, #3008 ),
 ( #6788, #9775 ),
 ( #632, #4462 ),
 ( #5221, #4526 ),
 ( #600, #2102 ),
 ( #3784, #2193 ),
 ( #7570, #7470 ),
 ( #2941, #7504 ),
 ( #9040, #5159 ),
 ( #8225, #9810 ),
 ( #4402, #2976 ),
 ( #2881, #3658 ),
 ( #1414, #8976 ),
 ( #9738, #5933 ),
 ( #3694, #1376 ) ),
 .UNSPECIFIED., .F., .F., .F.,
 ( 4, 1, 1, 1, 1, 1, 1, 1, 1, 1, 1, 1, 1, 1, 1, 1, 4 ),
 ( 2, 2 ),
 ( 0.0000000000000000000, 0.08212281502205892600, 0.1604391508911685000, 0.2350813593500163100, 0.3069439010564258800, 0.3750387779419630000, 0.4404285151425521000, 0.5028977086468716700, 0.5631436476071392000, 0.6210835541335253400, 0.6770586510803233700, 0.7319167192235875900, 0.7856211965772441600, 0.8391171535937979000, 0.8923634229658081700, 0.9458888358988556400, 1.000000000000000000 ),
 ( 0.0000000000000000000, 1.000000000000000000 ),
 .UNSPECIFIED. ) ;
#9340 = CARTESIAN_POINT ( 'NONE',  ( 6.200156465330890900, 4.510000000000000700, -2.198146564422811500 ) ) ;
#9341 = CARTESIAN_POINT ( 'NONE',  ( 6.798145403180804200, 4.500000000000001800, -2.137331373742805700 ) ) ;
#9342 = CARTESIAN_POINT ( 'NONE',  ( 5.171963291442008200, 4.500000000000000900, -1.057356331956339900 ) ) ;
#9343 = COLOUR_RGB ( '',1.000000000000000000, 1.000000000000000000, 1.000000000000000000 ) ;
#9344 = DIRECTION ( 'NONE',  ( -0.0000000000000000000, -1.000000000000000000, -0.0000000000000000000 ) ) ;
#9345 = CARTESIAN_POINT ( 'NONE',  ( 1.060000000000003600, 1.739999999999996000, 6.749999999999983100 ) ) ;
#9346 = ORIENTED_EDGE ( 'NONE', *, *, #756, .T. ) ;
#9347 = DIRECTION ( 'NONE',  ( -1.000000000000000000, 0.0000000000000000000, 0.0000000000000000000 ) ) ;
#9348 = CARTESIAN_POINT ( 'NONE',  ( 7.128653099423362800, 4.510000000000000700, -1.516918892343995800 ) ) ;
#9349 = LINE ( 'NONE', #3739, #273 ) ;
#9350 = EDGE_CURVE ( 'NONE', #1758, #5998, #6185, .T. ) ;
#9351 =( NAMED_UNIT ( * ) PLANE_ANGLE_UNIT ( ) SI_UNIT ( $, .RADIAN. ) );
#9352 = DIRECTION ( 'NONE',  ( 0.0000000000000000000, 0.0000000000000000000, -1.000000000000000000 ) ) ;
#9353 = CARTESIAN_POINT ( 'NONE',  ( 6.432252031425963200, 4.500000000000000000, -1.306145360566012000 ) ) ;
#9354 = ORIENTED_EDGE ( 'NONE', *, *, #3238, .F. ) ;
#9355 = VERTEX_POINT ( 'NONE', #1759 ) ;
#9356 = CARTESIAN_POINT ( 'NONE',  ( 6.444055796865916900, 4.509999999999999800, -2.361425980753538000 ) ) ;
#9357 =( NAMED_UNIT ( * ) PLANE_ANGLE_UNIT ( ) SI_UNIT ( $, .RADIAN. ) );
#9358 = ADVANCED_FACE ( 'NONE', ( #4510 ), #5515, .T. ) ;
#9359 = CARTESIAN_POINT ( 'NONE',  ( 6.834208766474071200, 4.509999999999998900, -2.555061229180462400 ) ) ;
#9360 = LINE ( 'NONE', #1833, #7366 ) ;
#9361 =( GEOMETRIC_REPRESENTATION_CONTEXT ( 3 ) GLOBAL_UNCERTAINTY_ASSIGNED_CONTEXT ( ( #7652 ) ) GLOBAL_UNIT_ASSIGNED_CONTEXT ( ( #4962, #7935, #4243 ) ) REPRESENTATION_CONTEXT ( 'NONE', 'WORKASPACE' ) );
#9362 = DIRECTION ( 'NONE',  ( 0.0000000000000000000, 0.0000000000000000000, 1.000000000000000000 ) ) ;
#9363 = DIRECTION ( 'NONE',  ( -0.9662477785196206300, 0.0000000000000000000, -0.2576144997974650400 ) ) ;
#9364 = ORIENTED_EDGE ( 'NONE', *, *, #6274, .F. ) ;
#9365 = EDGE_CURVE ( 'NONE', #9627, #7866, #2167, .T. ) ;
#9366 = ORIENTED_EDGE ( 'NONE', *, *, #1449, .T. ) ;
#9367 = CARTESIAN_POINT ( 'NONE',  ( 6.763289641948047900, 4.500000000000002700, -2.055851261491139500 ) ) ;
#9368 = CARTESIAN_POINT ( 'NONE',  ( 7.239424884101073800, 4.500000000000001800, -2.735875275218926400 ) ) ;
#9369 = DIRECTION ( 'NONE',  ( -1.734723475976807100E-015, -1.414962237524463600E-014, 1.000000000000000000 ) ) ;
#9370 = B_SPLINE_CURVE_WITH_KNOTS ( 'NONE', 3,
 ( #5516, #984, #8495, #1687, #951, #7051, #3228, #4740, #175, #6296, #1723, #7088, #2482, #7853, #8594, #4034, #9353, #212, #4132 ),
 .UNSPECIFIED., .F., .F.,
 ( 4, 1, 1, 1, 1, 1, 1, 1, 1, 1, 1, 1, 1, 1, 1, 1, 4 ),
 ( 0.0000000000000000000, 0.05896032339175841900, 0.1151667795382082000, 0.1685460332946467400, 0.2201040331718202000, 0.2710764578581073600, 0.3221432053036933400, 0.3738521026366863900, 0.4280112790307142900, 0.4844415283733719000, 0.5441127082310428500, 0.6079151718827425800, 0.6763849079317502100, 0.7494119854088731000, 0.8271686075005272300, 0.9106142827348656700, 1.000000000000000000 ),
 .UNSPECIFIED. ) ;
#9371 = CARTESIAN_POINT ( 'NONE',  ( 7.240717134021577000, 4.509999999999999800, -1.827125133043400000 ) ) ;
#9372 = CARTESIAN_POINT ( 'NONE',  ( 6.471607726251139800, 4.509999999999998900, -1.090300694841062500 ) ) ;
#9373 = CARTESIAN_POINT ( 'NONE',  ( 5.132207961309521900, 4.509999999999999800, -2.372828258043400100 ) ) ;
#9374 = CARTESIAN_POINT ( 'NONE',  ( 1.091000220889136700, 4.509999999999999800, -2.554729299710066600 ) ) ;
#9375 = FILL_AREA_STYLE_COLOUR ( '', #2352 ) ;
#9376 = VERTEX_POINT ( 'NONE', #478 ) ;
#9377 = CARTESIAN_POINT ( 'NONE',  ( 0.6841272511588752900, 4.509999999999999800, -1.028627791793215600 ) ) ;
#9378 = CARTESIAN_POINT ( 'NONE',  ( 2.989592343284969400, 4.500000000000000900, -2.190927216376733300 ) ) ;
#9379 = AXIS2_PLACEMENT_3D ( 'NONE', #541, #5232, #2953 ) ;
#9380 = SURFACE_STYLE_FILL_AREA ( #4956 ) ;
#9381 = CARTESIAN_POINT ( 'NONE',  ( 4.952837003297808000, 4.500000000000001800, -1.047963875669278400 ) ) ;
#9382 = PRESENTATION_LAYER_ASSIGNMENT (  '', '', ( #4401 ) ) ;
#9383 = DIRECTION ( 'NONE',  ( -0.0000000000000000000, -1.000000000000000000, -0.0000000000000000000 ) ) ;
#9384 = SURFACE_STYLE_FILL_AREA ( #1710 ) ;
#9385 = CARTESIAN_POINT ( 'NONE',  ( 5.997862025669642900, 4.500000000000000900, -0.9176199247100669300 ) ) ;
#9386 = ORIENTED_EDGE ( 'NONE', *, *, #4291, .F. ) ;
#9387 = EDGE_LOOP ( 'NONE', ( #1914, #4713, #2734, #9117 ) ) ;
#9388 = CARTESIAN_POINT ( 'NONE',  ( 1.767850748697916500, 4.500000000000000900, -2.645679820543399800 ) ) ;
#9389 = COLOUR_RGB ( '',1.000000000000000000, 1.000000000000000000, 1.000000000000000000 ) ;
#9390 =( GEOMETRIC_REPRESENTATION_CONTEXT ( 3 ) GLOBAL_UNCERTAINTY_ASSIGNED_CONTEXT ( ( #1324 ) ) GLOBAL_UNIT_ASSIGNED_CONTEXT ( ( #3936, #7038, #7811 ) ) REPRESENTATION_CONTEXT ( 'NONE', 'WORKASPACE' ) );
#9391 = EDGE_CURVE ( 'NONE', #537, #9891, #320, .T. ) ;
#9392 = CARTESIAN_POINT ( 'NONE',  ( 1.846811631074954100, 4.509999999999999800, -1.365319635797957800 ) ) ;
#9393 = MECHANICAL_DESIGN_GEOMETRIC_PRESENTATION_REPRESENTATION (  '', ( #7702 ), #4972 ) ;
#9394 = VECTOR ( 'NONE', #2784, 1000.000000000000000 ) ;
#9395 = ORIENTED_EDGE ( 'NONE', *, *, #4776, .F. ) ;
#9396 = VERTEX_POINT ( 'NONE', #5851 ) ;
#9397 = CARTESIAN_POINT ( 'NONE',  ( 7.123348014990757100, 4.510000000000000700, -2.729779553492670500 ) ) ;
#9398 = CARTESIAN_POINT ( 'NONE',  ( 3.920526694987879400, 4.509999999999999800, -1.518866089230823000 ) ) ;
#9399 = DIRECTION ( 'NONE',  ( 0.0000000000000000000, -1.000000000000000000, 4.336808689942025100E-016 ) ) ;
#9400 = COLOUR_RGB ( '',0.8980392156862745400, 0.8980392156862745400, 0.8980392156862745400 ) ;
#9401 = CARTESIAN_POINT ( 'NONE',  ( 2.474692985471693700, 4.500000000000000000, -1.018271023459931300 ) ) ;
#9402 = CARTESIAN_POINT ( 'NONE',  ( 5.997862025669642900, 4.500000000000000900, -0.9176199247100669300 ) ) ;
#9403 = CARTESIAN_POINT ( 'NONE',  ( 6.712043602653407600, 4.509999999999998900, -0.9178755928021017400 ) ) ;
#9404 = CARTESIAN_POINT ( 'NONE',  ( 6.523260991002296700, 4.509999999999999800, -1.002022223431515300 ) ) ;
#9405 = ORIENTED_EDGE ( 'NONE', *, *, #4616, .T. ) ;
#9406 = CARTESIAN_POINT ( 'NONE',  ( 6.444494047619048000, 4.509999999999999800, -2.376888549152031100 ) ) ;
#9407 = CARTESIAN_POINT ( 'NONE',  ( 6.177141267104153700, 4.500000000000000000, -2.168127442189547800 ) ) ;
#9408 = ORIENTED_EDGE ( 'NONE', *, *, #3434, .F. ) ;
#9409 = CARTESIAN_POINT ( 'NONE',  ( 5.889514544386944600, 4.510000000000000700, -2.505895107314503700 ) ) ;
#9410 = LINE ( 'NONE', #9062, #335 ) ;
#9411 = CARTESIAN_POINT ( 'NONE',  ( 3.942948695591516700, 4.509999999999999800, -1.450330118162447700 ) ) ;
#9412 = ADVANCED_FACE ( 'NONE', ( #8452 ), #8890, .T. ) ;
#9413 = CARTESIAN_POINT ( 'NONE',  ( 0.0000000000000000000, -0.01000000000000002600, 1.999999999999984500 ) ) ;
#9414 = PRESENTATION_STYLE_ASSIGNMENT (( #2172 ) ) ;
#9415 = VERTEX_POINT ( 'NONE', #3572 ) ;
#9416 = CARTESIAN_POINT ( 'NONE',  ( 6.707751059947664600, 4.510000000000001600, -1.900696804244440300 ) ) ;
#9417 = COLOUR_RGB ( '',0.09803921568627450800, 0.09803921568627450800, 0.09803921568627450800 ) ;
#9418 = STYLED_ITEM ( 'NONE', ( #5496 ), #6324 ) ;
#9419 = ORIENTED_EDGE ( 'NONE', *, *, #4163, .T. ) ;
#9420 = CARTESIAN_POINT ( 'NONE',  ( 3.920833815567017900, 4.509999999999999800, -1.381734156276819100 ) ) ;
#9421 = SURFACE_STYLE_FILL_AREA ( #6258 ) ;
#9422 = B_SPLINE_SURFACE_WITH_KNOTS ( 'NONE', 3, 1, ( 
 ( #3928, #4723 ),
 ( #97, #7069 ),
 ( #8581, #1001 ),
 ( #6250, #231 ),
 ( #3142, #7735 ),
 ( #128, #9230 ),
 ( #4657, #6998 ),
 ( #9337, #198 ),
 ( #7874, #1640 ),
 ( #6280, #5536 ),
 ( #9373, #4017 ) ),
 .UNSPECIFIED., .F., .F., .F.,
 ( 4, 1, 1, 1, 1, 1, 1, 1, 4 ),
 ( 2, 2 ),
 ( 0.0000000000000000000, 0.1509398342856066400, 0.2930091889939349700, 0.4272146947976588900, 0.5525714633560071500, 0.6714016893043988100, 0.7851944250067204300, 0.8941901696829237500, 1.000000000000000000 ),
 ( 0.0000000000000000000, 1.000000000000000000 ),
 .UNSPECIFIED. ) ;
#9423 = EDGE_CURVE ( 'NONE', #9376, #9637, #6310, .T. ) ;
#9424 = FACE_OUTER_BOUND ( 'NONE', #26, .T. ) ;
#9425 = CARTESIAN_POINT ( 'NONE',  ( 1.860000000000003700, 1.739999999999996000, 6.749999999999983100 ) ) ;
#9426 =( NAMED_UNIT ( * ) SI_UNIT ( $, .STERADIAN. ) SOLID_ANGLE_UNIT ( ) );
#9427 = UNCERTAINTY_MEASURE_WITH_UNIT (LENGTH_MEASURE( 1.000000000000000100E-005 ), #8855, 'distance_accuracy_value', 'NONE');
#9428 = CARTESIAN_POINT ( 'NONE',  ( 5.020955984933035400, 4.500000000000000900, -2.138549461075394100 ) ) ;
#9429 = LINE ( 'NONE', #532, #4640 ) ;
#9430 = CARTESIAN_POINT ( 'NONE',  ( 1.060000000000003600, 2.990000000000000200, 5.999999999999976900 ) ) ;
#9431 = FILL_AREA_STYLE_COLOUR ( '', #4065 ) ;
#9432 = LINE ( 'NONE', #9622, #3844 ) ;
#9433 = PRESENTATION_LAYER_ASSIGNMENT (  '', '', ( #9763 ) ) ;
#9434 = ORIENTED_EDGE ( 'NONE', *, *, #6005, .F. ) ;
#9435 = CARTESIAN_POINT ( 'NONE',  ( 6.613402157738094400, 4.509999999999999800, -1.361409742883430000 ) ) ;
#9436 = MECHANICAL_DESIGN_GEOMETRIC_PRESENTATION_REPRESENTATION (  '', ( #9060 ), #4216 ) ;
#9437 = SURFACE_SIDE_STYLE ('',( #8516 ) ) ;
#9438 = CARTESIAN_POINT ( 'NONE',  ( 6.440996554526546600, 4.509999999999999800, -1.209597301188372500 ) ) ;
#9439 = PRESENTATION_LAYER_ASSIGNMENT (  '', '', ( #8933 ) ) ;
#9440 = CARTESIAN_POINT ( 'NONE',  ( 6.140000000000004100, 1.740000000000000000, 5.999999999999984000 ) ) ;
#9441 = UNCERTAINTY_MEASURE_WITH_UNIT (LENGTH_MEASURE( 1.000000000000000100E-005 ), #5805, 'distance_accuracy_value', 'NONE');
#9442 = CARTESIAN_POINT ( 'NONE',  ( 4.657965959821427600, 4.509999999999999800, -2.429672333564233600 ) ) ;
#9443 = CARTESIAN_POINT ( 'NONE',  ( 5.264573451450891300, 4.500000000000002700, -2.560413707262149800 ) ) ;
#9444 = SURFACE_STYLE_USAGE ( .BOTH. , #7206 ) ;
#9445 = CARTESIAN_POINT ( 'NONE',  ( -1.009999999999996700, -0.01000000000000002600, 1.999999999999984500 ) ) ;
#9446 = ORIENTED_EDGE ( 'NONE', *, *, #2050, .T. ) ;
#9447 = CARTESIAN_POINT ( 'NONE',  ( 5.249956403459821200, 4.500000000000000900, -0.9176199247100669300 ) ) ;
#9448 = CARTESIAN_POINT ( 'NONE',  ( 2.086583600725445900, 4.500000000000000900, -0.9176199247100669300 ) ) ;
#9449 = CARTESIAN_POINT ( 'NONE',  ( 1.890156577225495100, 4.510000000000000700, -2.273412876436924800 ) ) ;
#9450 =( GEOMETRIC_REPRESENTATION_CONTEXT ( 3 ) GLOBAL_UNCERTAINTY_ASSIGNED_CONTEXT ( ( #385 ) ) GLOBAL_UNIT_ASSIGNED_CONTEXT ( ( #3301, #4751, #187 ) ) REPRESENTATION_CONTEXT ( 'NONE', 'WORKASPACE' ) );
#9451 = EDGE_CURVE ( 'NONE', #4201, #6363, #4853, .T. ) ;
#9452 = CARTESIAN_POINT ( 'NONE',  ( 1.846811631074954100, 4.500000000000000900, -1.365319635797957800 ) ) ;
#9453 = STYLED_ITEM ( 'NONE', ( #2510 ), #1859 ) ;
#9454 = ORIENTED_EDGE ( 'NONE', *, *, #9826, .T. ) ;
#9455 = LINE ( 'NONE', #7640, #1477 ) ;
#9456 = CARTESIAN_POINT ( 'NONE',  ( 2.086583600725445900, 4.509999999999999800, -0.9176199247100669300 ) ) ;
#9457 = CARTESIAN_POINT ( 'NONE',  ( 5.856628567385527600, 4.509999999999999800, -2.484191714886017500 ) ) ;
#9458 = ADVANCED_FACE ( 'NONE', ( #571 ), #8309, .T. ) ;
#9459 = CARTESIAN_POINT ( 'NONE',  ( 6.900870992213787900, 4.510000000000001600, -2.620558828072076600 ) ) ;
#9460 = ORIENTED_EDGE ( 'NONE', *, *, #8721, .F. ) ;
#9461 = VERTEX_POINT ( 'NONE', #3607 ) ;
#9462 = DIRECTION ( 'NONE',  ( -0.0000000000000000000, -0.0000000000000000000, -1.000000000000000000 ) ) ;
#9463 = FILL_AREA_STYLE_COLOUR ( '', #227 ) ;
#9464 = EDGE_CURVE ( 'NONE', #8482, #6715, #6678, .T. ) ;
#9465 = LINE ( 'NONE', #675, #9707 ) ;
#9466 = CARTESIAN_POINT ( 'NONE',  ( 2.795104399181546700, 4.500000000000000000, -1.463323049710066900 ) ) ;
#9467 = PRESENTATION_STYLE_ASSIGNMENT (( #8363 ) ) ;
#9468 = CARTESIAN_POINT ( 'NONE',  ( 6.655666018321718400, 4.510000000000000700, -0.9238917501115488900 ) ) ;
#9469 = ORIENTED_EDGE ( 'NONE', *, *, #230, .T. ) ;
#9470 = CARTESIAN_POINT ( 'NONE',  ( 6.545050908320552800, 4.510000000000000700, -0.9793495519313747400 ) ) ;
#9471 = CARTESIAN_POINT ( 'NONE',  ( 0.7228797673759661500, 4.510000000000000700, -0.9321896942347625000 ) ) ;
#9472 = CARTESIAN_POINT ( 'NONE',  ( 5.043224201561155700, 4.509999999999998900, -2.530829638628621800 ) ) ;
#9473 = ORIENTED_EDGE ( 'NONE', *, *, #2191, .T. ) ;
#9474 = CARTESIAN_POINT ( 'NONE',  ( 1.697871463228240300, 4.510000000000000700, -2.736254033173320700 ) ) ;
#9475 = FILL_AREA_STYLE ('',( #7238 ) ) ;
#9476 = CARTESIAN_POINT ( 'NONE',  ( 4.418439731939699300, 4.499999999999998200, -2.309899506971663500 ) ) ;
#9477 = SURFACE_STYLE_USAGE ( .BOTH. , #5614 ) ;
#9478 = CIRCLE ( 'NONE', #4684, 0.7499999999999997800 ) ;
#9479 = ORIENTED_EDGE ( 'NONE', *, *, #5589, .T. ) ;
#9480 = CARTESIAN_POINT ( 'NONE',  ( 2.119197818977963400, 4.510000000000001600, -2.592682946982801000 ) ) ;
#9481 = ORIENTED_EDGE ( 'NONE', *, *, #3792, .F. ) ;
#9482 = EDGE_CURVE ( 'NONE', #3811, #7426, #2601, .T. ) ;
#9483 = CARTESIAN_POINT ( 'NONE',  ( 3.859452570610312000, 4.509999999999999800, -1.359749652173699400 ) ) ;
#9484 = PRESENTATION_STYLE_ASSIGNMENT (( #1026 ) ) ;
#9485 =( GEOMETRIC_REPRESENTATION_CONTEXT ( 3 ) GLOBAL_UNCERTAINTY_ASSIGNED_CONTEXT ( ( #7930 ) ) GLOBAL_UNIT_ASSIGNED_CONTEXT ( ( #3544, #9689, #8995 ) ) REPRESENTATION_CONTEXT ( 'NONE', 'WORKASPACE' ) );
#9486 = ORIENTED_EDGE ( 'NONE', *, *, #5503, .T. ) ;
#9487 = FILL_AREA_STYLE ('',( #4810 ) ) ;
#9488 =( NAMED_UNIT ( * ) SI_UNIT ( $, .STERADIAN. ) SOLID_ANGLE_UNIT ( ) );
#9489 = CARTESIAN_POINT ( 'NONE',  ( 5.522401936848959600, 4.510000000000000700, -2.373640316265126500 ) ) ;
#9490 = CARTESIAN_POINT ( 'NONE',  ( 6.088273653434218800, 4.510000000000000700, -1.001501958244233500 ) ) ;
#9491 = CYLINDRICAL_SURFACE ( 'NONE', #6513, 1.250000000000000200 ) ;
#9492 = UNCERTAINTY_MEASURE_WITH_UNIT (LENGTH_MEASURE( 1.000000000000000100E-005 ), #2286, 'distance_accuracy_value', 'NONE');
#9493 = STYLED_ITEM ( 'NONE', ( #2705 ), #4320 ) ;
#9494 = EDGE_CURVE ( 'NONE', #1758, #8937, #4841, .T. ) ;
#9495 = CARTESIAN_POINT ( 'NONE',  ( 7.315020461309522700, 4.500000000000000900, -2.292840523203370400 ) ) ;
#9496 = ORIENTED_EDGE ( 'NONE', *, *, #8917, .F. ) ;
#9497 = FACE_OUTER_BOUND ( 'NONE', #4280, .T. ) ;
#9498 = EDGE_LOOP ( 'NONE', ( #1892, #7740, #46, #8337 ) ) ;
#9499 = DIRECTION ( 'NONE',  ( 1.000000000000000000, 0.0000000000000000000, 0.0000000000000000000 ) ) ;
#9500 = CARTESIAN_POINT ( 'NONE',  ( 0.7672048675490761300, 4.509999999999999800, -0.9178641005960710400 ) ) ;
#9501 = CARTESIAN_POINT ( 'NONE',  ( 1.673769115179550200, 4.500000000000001800, -1.263195678285103300 ) ) ;
#9502 = AXIS2_PLACEMENT_3D ( 'NONE', #7536, #1441, #3693 ) ;
#9503 = CARTESIAN_POINT ( 'NONE',  ( 2.573006475539434000, 4.500000000000001800, -2.736630341376733000 ) ) ;
#9504 = CARTESIAN_POINT ( 'NONE',  ( 3.872969410121840800, 4.509999999999999800, -1.540904330792368700 ) ) ;
#9505 = VERTEX_POINT ( 'NONE', #9655 ) ;
#9506 = STYLED_ITEM ( 'NONE', ( #2421 ), #5091 ) ;
#9507 = ADVANCED_FACE ( 'NONE', ( #7524 ), #8274, .F. ) ;
#9508 = ORIENTED_EDGE ( 'NONE', *, *, #2206, .F. ) ;
#9509 = PRESENTATION_LAYER_ASSIGNMENT (  '', '', ( #8685 ) ) ;
#9510 = CARTESIAN_POINT ( 'NONE',  ( 6.798145403180804200, 4.510000000000000700, -2.137331373742805700 ) ) ;
#9511 =( NAMED_UNIT ( * ) SI_UNIT ( $, .STERADIAN. ) SOLID_ANGLE_UNIT ( ) );
#9512 = ORIENTED_EDGE ( 'NONE', *, *, #5137, .T. ) ;
#9513 = SURFACE_STYLE_FILL_AREA ( #5202 ) ;
#9514 = DIRECTION ( 'NONE',  ( 0.0000000000000000000, 1.000000000000000000, 0.0000000000000000000 ) ) ;
#9515 = DIRECTION ( 'NONE',  ( -0.0000000000000000000, 0.0000000000000000000, -1.000000000000000000 ) ) ;
#9516 = ORIENTED_EDGE ( 'NONE', *, *, #7459, .F. ) ;
#9517 = EDGE_CURVE ( 'NONE', #4207, #9505, #8800, .T. ) ;
#9518 = VECTOR ( 'NONE', #820, 1000.000000000000000 ) ;
#9519 = CARTESIAN_POINT ( 'NONE',  ( 1.767573280255139800, 4.509999999999999800, -2.666405490152947300 ) ) ;
#9520 =( NAMED_UNIT ( * ) PLANE_ANGLE_UNIT ( ) SI_UNIT ( $, .RADIAN. ) );
#9521 = CARTESIAN_POINT ( 'NONE',  ( 5.522401936848959600, 4.500000000000001800, -2.373640316265126500 ) ) ;
#9522 = DIRECTION ( 'NONE',  ( -0.0000000000000000000, -1.000000000000000000, -0.0000000000000000000 ) ) ;
#9523 = CARTESIAN_POINT ( 'NONE',  ( -1.009999999999996900, -0.01000000000000002600, 1.368805242762944900E-016 ) ) ;
#9524 =( LENGTH_UNIT ( ) NAMED_UNIT ( * ) SI_UNIT ( .MILLI., .METRE. ) );
#9525 = VECTOR ( 'NONE', #1279, 1000.000000000000000 ) ;
#9526 = EDGE_LOOP ( 'NONE', ( #8942, #7280, #2894, #894 ) ) ;
#9527 = ORIENTED_EDGE ( 'NONE', *, *, #6176, .F. ) ;
#9528 =( NAMED_UNIT ( * ) PLANE_ANGLE_UNIT ( ) SI_UNIT ( $, .RADIAN. ) );
#9529 = COLOUR_RGB ( '',1.000000000000000000, 1.000000000000000000, 1.000000000000000000 ) ;
#9530 = CARTESIAN_POINT ( 'NONE',  ( 6.759997647807654000, 4.500000000000003600, -1.100200526269885100 ) ) ;
#9531 = CARTESIAN_POINT ( 'NONE',  ( 3.920833815567017900, 4.509999999999999800, -1.381734156276819100 ) ) ;
#9532 = CARTESIAN_POINT ( 'NONE',  ( 5.229497739494229700, 4.500000000000000900, -0.9186940498218999500 ) ) ;
#9533 = LINE ( 'NONE', #206, #4519 ) ;
#9534 = DIRECTION ( 'NONE',  ( -0.0000000000000000000, -1.000000000000000000, -0.0000000000000000000 ) ) ;
#9535 = CARTESIAN_POINT ( 'NONE',  ( 5.050985280931635100, 4.500000000000000000, -2.726937923305110100 ) ) ;
#9536 = FACE_OUTER_BOUND ( 'NONE', #25, .T. ) ;
#9537 = CARTESIAN_POINT ( 'NONE',  ( 6.027477501788582400, 4.500000000000001800, -2.554278226873298000 ) ) ;
#9538 = CARTESIAN_POINT ( 'NONE',  ( 2.814187767392112500, 4.509999999999999800, -2.279035533434024900 ) ) ;
#9539 = CARTESIAN_POINT ( 'NONE',  ( 1.855588247628682900, 4.500000000000001800, -1.448506838128058800 ) ) ;
#9540 = EDGE_CURVE ( 'NONE', #2806, #3231, #6772, .T. ) ;
#9541 =( LENGTH_UNIT ( ) NAMED_UNIT ( * ) SI_UNIT ( .MILLI., .METRE. ) );
#9542 = CARTESIAN_POINT ( 'NONE',  ( 6.687705485026040900, 4.509999999999999800, -1.827125133043400000 ) ) ;
#9543 = CARTESIAN_POINT ( 'NONE',  ( 4.955179268973211900, 4.509999999999999800, -2.736630341376733000 ) ) ;
#9544 = COLOUR_RGB ( '',1.000000000000000000, 1.000000000000000000, 1.000000000000000000 ) ;
#9545 =( GEOMETRIC_REPRESENTATION_CONTEXT ( 3 ) GLOBAL_UNCERTAINTY_ASSIGNED_CONTEXT ( ( #4531 ) ) GLOBAL_UNIT_ASSIGNED_CONTEXT ( ( #870, #2399, #4960 ) ) REPRESENTATION_CONTEXT ( 'NONE', 'WORKASPACE' ) );
#9546 = FACE_OUTER_BOUND ( 'NONE', #699, .T. ) ;
#9547 = ORIENTED_EDGE ( 'NONE', *, *, #6550, .F. ) ;
#9548 = UNCERTAINTY_MEASURE_WITH_UNIT (LENGTH_MEASURE( 1.000000000000000100E-005 ), #3624, 'distance_accuracy_value', 'NONE');
#9549 = SURFACE_STYLE_USAGE ( .BOTH. , #4251 ) ;
#9550 = CARTESIAN_POINT ( 'NONE',  ( 6.088309927966401200, 4.500000000000001800, -1.015785249883067700 ) ) ;
#9551 = PRESENTATION_LAYER_ASSIGNMENT (  '', '', ( #6635 ) ) ;
#9552 = EDGE_CURVE ( 'NONE', #6805, #3041, #1445, .T. ) ;
#9553 = LINE ( 'NONE', #137, #7083 ) ;
#9554 =( NAMED_UNIT ( * ) SI_UNIT ( $, .STERADIAN. ) SOLID_ANGLE_UNIT ( ) );
#9555 = SURFACE_STYLE_FILL_AREA ( #7773 ) ;
#9556 = CARTESIAN_POINT ( 'NONE',  ( 2.402880278087797400, 4.509999999999999800, -0.9838026697807514800 ) ) ;
#9557 = CARTESIAN_POINT ( 'NONE',  ( 5.548824776582560700, 4.510000000000000700, -2.309899506971664400 ) ) ;
#9558 = ADVANCED_FACE ( 'NONE', ( #9143 ), #8182, .T. ) ;
#9559 = ORIENTED_EDGE ( 'NONE', *, *, #1958, .T. ) ;
#9560 = CARTESIAN_POINT ( 'NONE',  ( 1.962400107687003900, 4.500000000000002700, -2.420860805166841900 ) ) ;
#9561 = CARTESIAN_POINT ( 'NONE',  ( 5.790000000000003600, 2.490000000000000200, 5.799999999999983800 ) ) ;
#9562 = CARTESIAN_POINT ( 'NONE',  ( 0.6964723991707456600, 4.510000000000000700, -0.9576271177994134500 ) ) ;
#9563 = CARTESIAN_POINT ( 'NONE',  ( 7.155857049851190000, 4.500000000000000900, -2.554729299710066600 ) ) ;
#9564 = UNCERTAINTY_MEASURE_WITH_UNIT (LENGTH_MEASURE( 1.000000000000000100E-005 ), #9647, 'distance_accuracy_value', 'NONE');
#9565 = PRESENTATION_STYLE_ASSIGNMENT (( #4590 ) ) ;
#9566 = CARTESIAN_POINT ( 'NONE',  ( 6.087534245515145800, 4.509999999999999800, -2.553374666908405200 ) ) ;
#9567 = MECHANICAL_DESIGN_GEOMETRIC_PRESENTATION_REPRESENTATION (  '', ( #1006 ), #5407 ) ;
#9568 = MECHANICAL_DESIGN_GEOMETRIC_PRESENTATION_REPRESENTATION (  '', ( #555 ), #3966 ) ;
#9569 = ORIENTED_EDGE ( 'NONE', *, *, #9285, .F. ) ;
#9570 = CARTESIAN_POINT ( 'NONE',  ( 3.891792947784858300, 4.500000000000000000, -1.364104977045784300 ) ) ;
#9571 = AXIS2_PLACEMENT_3D ( 'NONE', #4655, #1701, #3926 ) ;
#9572 = CARTESIAN_POINT ( 'NONE',  ( 3.104092552548362700, 4.509999999999999800, -1.541280638995781200 ) ) ;
#9573 = CARTESIAN_POINT ( 'NONE',  ( 4.971719814564456100, 4.509999999999999800, -2.736063023224931000 ) ) ;
#9574 =( NAMED_UNIT ( * ) PLANE_ANGLE_UNIT ( ) SI_UNIT ( $, .RADIAN. ) );
#9575 = CARTESIAN_POINT ( 'NONE',  ( 1.848513747709803900, 4.500000000000000900, -1.419544193709387800 ) ) ;
#9576 = COLOUR_RGB ( '',1.000000000000000000, 1.000000000000000000, 1.000000000000000000 ) ;
#9577 = CARTESIAN_POINT ( 'NONE',  ( 6.940000000000003100, 2.490000000000000200, 5.999999999999976900 ) ) ;
#9578 = ORIENTED_EDGE ( 'NONE', *, *, #6636, .T. ) ;
#9579 = CARTESIAN_POINT ( 'NONE',  ( 5.004059904188896000, 4.509999999999999800, -2.734953802264012500 ) ) ;
#9580 = PRESENTATION_LAYER_ASSIGNMENT (  '', '', ( #2551 ) ) ;
#9581 = EDGE_CURVE ( 'NONE', #5424, #3123, #2046, .T. ) ;
#9582 = MECHANICAL_DESIGN_GEOMETRIC_PRESENTATION_REPRESENTATION (  '', ( #9917 ), #311 ) ;
#9583 = FACE_BOUND ( 'NONE', #5553, .T. ) ;
#9584 = CARTESIAN_POINT ( 'NONE',  ( 6.002032031045002800, 4.510000000000000700, -2.734255089716013800 ) ) ;
#9585 = ORIENTED_EDGE ( 'NONE', *, *, #8539, .T. ) ;
#9586 = CARTESIAN_POINT ( 'NONE',  ( 1.767464374128416200, 4.510000000000000700, -2.625124330698707500 ) ) ;
#9587 = VERTEX_POINT ( 'NONE', #1365 ) ;
#9588 = FILL_AREA_STYLE_COLOUR ( '', #9211 ) ;
#9589 =( NAMED_UNIT ( * ) SI_UNIT ( $, .STERADIAN. ) SOLID_ANGLE_UNIT ( ) );
#9590 = CARTESIAN_POINT ( 'NONE',  ( 7.258303672365889800, 4.509999999999999800, -1.894976910655698800 ) ) ;
#9591 = CARTESIAN_POINT ( 'NONE',  ( 2.256303769066220000, 4.509999999999999800, -2.671665683638638100 ) ) ;
#9592 = VECTOR ( 'NONE', #6388, 1000.000000000000000 ) ;
#9593 = CARTESIAN_POINT ( 'NONE',  ( 0.6497431668066635500, 4.509999999999999800, -2.652894624883067400 ) ) ;
#9594 = DIRECTION ( 'NONE',  ( 0.0000000000000000000, 0.0000000000000000000, 1.000000000000000000 ) ) ;
#9595 = CARTESIAN_POINT ( 'NONE',  ( 1.857948174093059700, 4.510000000000000700, -1.290399275540088400 ) ) ;
#9596 = EDGE_CURVE ( 'NONE', #196, #2832, #3195, .T. ) ;
#9597 = ORIENTED_EDGE ( 'NONE', *, *, #4134, .T. ) ;
#9598 = CARTESIAN_POINT ( 'NONE',  ( 2.989592343284969400, 4.509999999999999800, -2.190927216376733300 ) ) ;
#9599 = LINE ( 'NONE', #1824, #8532 ) ;
#9600 = CARTESIAN_POINT ( 'NONE',  ( 2.697657345998461400, 4.500000000000001800, -1.233771974234883200 ) ) ;
#9601 = CARTESIAN_POINT ( 'NONE',  ( 4.325022088913688600, 4.500000000000000900, -1.099520966376733600 ) ) ;
#9602 = CARTESIAN_POINT ( 'NONE',  ( 7.216379014363425000, 4.500000000000000900, -2.736374672132270800 ) ) ;
#9603 = COLOUR_RGB ( '',1.000000000000000000, 1.000000000000000000, 1.000000000000000000 ) ;
#9604 = CARTESIAN_POINT ( 'NONE',  ( 7.016541613392837100, 4.510000000000000700, -1.297455294126004500 ) ) ;
#9605 = EDGE_LOOP ( 'NONE', ( #2059, #2427, #5709, #6674 ) ) ;
#9606 =( GEOMETRIC_REPRESENTATION_CONTEXT ( 3 ) GLOBAL_UNCERTAINTY_ASSIGNED_CONTEXT ( ( #6882 ) ) GLOBAL_UNIT_ASSIGNED_CONTEXT ( ( #5514, #4000, #5376 ) ) REPRESENTATION_CONTEXT ( 'NONE', 'WORKASPACE' ) );
#9607 = SURFACE_STYLE_USAGE ( .BOTH. , #2846 ) ;
#9608 = CARTESIAN_POINT ( 'NONE',  ( 2.380781946183849300, 4.500000000000000000, -1.171441743213979600 ) ) ;
#9609 = CARTESIAN_POINT ( 'NONE',  ( 0.6615252670045747000, 4.500000000000000900, -2.590227330290587800 ) ) ;
#9610 = ADVANCED_FACE ( 'NONE', ( #6551 ), #5028, .T. ) ;
#9611 = CARTESIAN_POINT ( 'NONE',  ( 6.431501116071427900, 4.509999999999999800, -1.358567539107388400 ) ) ;
#9612 = CARTESIAN_POINT ( 'NONE',  ( 4.029159731052386600, 4.500000000000000900, -1.001501958244233300 ) ) ;
#9613 = EDGE_CURVE ( 'NONE', #679, #3278, #6299, .T. ) ;
#9614 = PRESENTATION_STYLE_ASSIGNMENT (( #1007 ) ) ;
#9615 = ORIENTED_EDGE ( 'NONE', *, *, #1958, .F. ) ;
#9616 = CARTESIAN_POINT ( 'NONE',  ( 4.935906592724755600, 4.510000000000000700, -0.9399744836577721400 ) ) ;
#9617 = CARTESIAN_POINT ( 'NONE',  ( 1.767754159272205500, 4.500000000000002700, -2.652894624883067800 ) ) ;
#9618 = LINE ( 'NONE', #4924, #302 ) ;
#9619 = UNCERTAINTY_MEASURE_WITH_UNIT (LENGTH_MEASURE( 1.000000000000000100E-005 ), #5865, 'distance_accuracy_value', 'NONE');
#9620 =( NAMED_UNIT ( * ) SI_UNIT ( $, .STERADIAN. ) SOLID_ANGLE_UNIT ( ) );
#9621 = COLOUR_RGB ( '',1.000000000000000000, 1.000000000000000000, 1.000000000000000000 ) ;
#9622 = CARTESIAN_POINT ( 'NONE',  ( 3.250000000000003100, 2.990000000000000200, 5.799999999999983800 ) ) ;
#9623 = CARTESIAN_POINT ( 'NONE',  ( 7.106507417487521600, 4.509999999999998000, -1.467244278231397000 ) ) ;
#9624 = CARTESIAN_POINT ( 'NONE',  ( 0.6612475182322004000, 4.509999999999998900, -2.701465446063500600 ) ) ;
#9625 = FACE_OUTER_BOUND ( 'NONE', #8948, .T. ) ;
#9626 = CARTESIAN_POINT ( 'NONE',  ( 5.612946428571428100, 4.500000000000000900, -2.283095824542656200 ) ) ;
#9627 = VERTEX_POINT ( 'NONE', #9105 ) ;
#9628 = ORIENTED_EDGE ( 'NONE', *, *, #5456, .F. ) ;
#9629 = FILL_AREA_STYLE ('',( #414 ) ) ;
#9630 = PRESENTATION_LAYER_ASSIGNMENT (  '', '', ( #2793 ) ) ;
#9631 = FILL_AREA_STYLE_COLOUR ( '', #802 ) ;
#9632 = CARTESIAN_POINT ( 'NONE',  ( 0.7331192405894378900, 4.509999999999999800, -2.736500938974917800 ) ) ;
#9633 = CARTESIAN_POINT ( 'NONE',  ( 4.482561383928570300, 4.500000000000000900, -2.283095824542656200 ) ) ;
#9634 = ORIENTED_EDGE ( 'NONE', *, *, #5826, .F. ) ;
#9635 = EDGE_CURVE ( 'NONE', #3293, #9832, #6907, .T. ) ;
#9636 = LINE ( 'NONE', #1486, #5578 ) ;
#9637 = VERTEX_POINT ( 'NONE', #6866 ) ;
#9638 = CARTESIAN_POINT ( 'NONE',  ( 3.942815831633621900, 4.500000000000000900, -1.443261630863280900 ) ) ;
#9639 = FACE_BOUND ( 'NONE', #6542, .T. ) ;
#9640 = UNCERTAINTY_MEASURE_WITH_UNIT (LENGTH_MEASURE( 1.000000000000000100E-005 ), #4097, 'distance_accuracy_value', 'NONE');
#9641 = CARTESIAN_POINT ( 'NONE',  ( 6.940000000000003100, 1.739999999999996000, 6.749999999999983100 ) ) ;
#9642 = CARTESIAN_POINT ( 'NONE',  ( 2.114653012706989400, 4.509999999999999800, -0.9183319625429866600 ) ) ;
#9643 = PRESENTATION_LAYER_ASSIGNMENT (  '', '', ( #240 ) ) ;
#9644 =( LENGTH_UNIT ( ) NAMED_UNIT ( * ) SI_UNIT ( .MILLI., .METRE. ) );
#9645 = DIRECTION ( 'NONE',  ( -1.000000000000000000, 0.0000000000000000000, 0.0000000000000000000 ) ) ;
#9646 = CARTESIAN_POINT ( 'NONE',  ( 1.460000000000003300, 1.740000000000000000, 5.999999999999984000 ) ) ;
#9647 =( LENGTH_UNIT ( ) NAMED_UNIT ( * ) SI_UNIT ( .MILLI., .METRE. ) );
#9648 = CYLINDRICAL_SURFACE ( 'NONE', #4588, 0.7499999999999997800 ) ;
#9649 = CARTESIAN_POINT ( 'NONE',  ( 4.029026867094492200, 4.509999999999999800, -1.008570445543400100 ) ) ;
#9650 = ORIENTED_EDGE ( 'NONE', *, *, #7057, .F. ) ;
#9651 = ORIENTED_EDGE ( 'NONE', *, *, #178, .T. ) ;
#9652 = DIRECTION ( 'NONE',  ( 0.0000000000000000000, 0.0000000000000000000, 1.000000000000000000 ) ) ;
#9653 = CARTESIAN_POINT ( 'NONE',  ( 1.749783225320938000, 4.509999999999999800, -1.108138787319686200 ) ) ;
#9654 = LINE ( 'NONE', #3994, #2627 ) ;
#9655 = CARTESIAN_POINT ( 'NONE',  ( 8.999999999999998200, 0.0000000000000000000, -6.000000000000016000 ) ) ;
#9656 = LINE ( 'NONE', #3248, #3830 ) ;
#9657 =( NAMED_UNIT ( * ) PLANE_ANGLE_UNIT ( ) SI_UNIT ( $, .RADIAN. ) );
#9658 = EDGE_CURVE ( 'NONE', #7368, #4168, #8114, .T. ) ;
#9659 = CARTESIAN_POINT ( 'NONE',  ( 6.994060967817847400, 4.499999999999999100, -1.263274262161944600 ) ) ;
#9661 = ORIENTED_EDGE ( 'NONE', *, *, #7551, .T. ) ;
#9660 = CARTESIAN_POINT ( 'NONE',  ( 0.7196258628506281300, 4.500000000000001800, -2.736254033173321200 ) ) ;
#9662 = ADVANCED_FACE ( 'NONE', ( #3446 ), #6323, .T. ) ;
#9663 = CARTESIAN_POINT ( 'NONE',  ( 6.004910392410908800, 4.500000000000000900, -0.9179899795546515600 ) ) ;
#9664 = DIRECTION ( 'NONE',  ( 1.000000000000000000, 0.0000000000000000000, 0.0000000000000000000 ) ) ;
#9665 =( NAMED_UNIT ( * ) PLANE_ANGLE_UNIT ( ) SI_UNIT ( $, .RADIAN. ) );
#9666 =( NAMED_UNIT ( * ) SI_UNIT ( $, .STERADIAN. ) SOLID_ANGLE_UNIT ( ) );
#9667 = CARTESIAN_POINT ( 'NONE',  ( 7.479244435280844700, 4.500000000000001800, -2.486933688462568800 ) ) ;
#9668 = FILL_AREA_STYLE ('',( #8141 ) ) ;
#9669 = PLANE ( 'NONE',  #9696 ) ;
#9670 =( LENGTH_UNIT ( ) NAMED_UNIT ( * ) SI_UNIT ( .MILLI., .METRE. ) );
#9671 = EDGE_CURVE ( 'NONE', #4939, #3744, #4968, .T. ) ;
#9672 =( LENGTH_UNIT ( ) NAMED_UNIT ( * ) SI_UNIT ( .MILLI., .METRE. ) );
#9673 = EDGE_LOOP ( 'NONE', ( #2337, #5775, #5224, #4494 ) ) ;
#9674 = B_SPLINE_CURVE_WITH_KNOTS ( 'NONE', 3,
 ( #8058, #7321, #4140, #4946, #3408, #318, #7285 ),
 .UNSPECIFIED., .F., .F.,
 ( 4, 1, 1, 1, 4 ),
 ( 0.0000000000000000000, 0.2432027598354963600, 0.4864218073515730300, 0.7377376028668435300, 0.9999999999999998900 ),
 .UNSPECIFIED. ) ;
#9675 = CARTESIAN_POINT ( 'NONE',  ( 4.051141747118993700, 4.510000000000000700, -0.9399744836577723600 ) ) ;
#9676 = CIRCLE ( 'NONE', #5612, 1.000000000000001600 ) ;
#9677 = DIRECTION ( 'NONE',  ( -0.2582330317988716400, 0.0000000000000000000, 0.9660826575857589500 ) ) ;
#9678 =( NAMED_UNIT ( * ) PLANE_ANGLE_UNIT ( ) SI_UNIT ( $, .RADIAN. ) );
#9679 = COLOUR_RGB ( '',1.000000000000000000, 1.000000000000000000, 1.000000000000000000 ) ;
#9680 = VERTEX_POINT ( 'NONE', #5541 ) ;
#9681 = CARTESIAN_POINT ( 'NONE',  ( 4.628038055464847900, 4.510000000000000700, -2.642539487240881600 ) ) ;
#9682 = DIRECTION ( 'NONE',  ( 0.0000000000000000000, -1.000000000000000000, 0.0000000000000000000 ) ) ;
#9683 = EDGE_CURVE ( 'NONE', #2820, #6259, #4490, .T. ) ;
#9684 = CARTESIAN_POINT ( 'NONE',  ( 6.381557287843257600, 4.500000000000000000, -2.145994865886197800 ) ) ;
#9685 = CARTESIAN_POINT ( 'NONE',  ( 5.313420327162423200, 4.510000000000000700, -2.393300428662839900 ) ) ;
#9686 =( LENGTH_UNIT ( ) NAMED_UNIT ( * ) SI_UNIT ( .MILLI., .METRE. ) );
#9687 = CARTESIAN_POINT ( 'NONE',  ( 7.038843694920115200, 4.500000000000000000, -1.335079654942215500 ) ) ;
#9688 = VERTEX_POINT ( 'NONE', #1614 ) ;
#9689 =( NAMED_UNIT ( * ) PLANE_ANGLE_UNIT ( ) SI_UNIT ( $, .RADIAN. ) );
#9690 = FILL_AREA_STYLE ('',( #5726 ) ) ;
#9691 = SURFACE_STYLE_USAGE ( .BOTH. , #8193 ) ;
#9692 = CARTESIAN_POINT ( 'NONE',  ( 6.002032031045002800, 4.500000000000001800, -2.734255089716013800 ) ) ;
#9693 = FACE_OUTER_BOUND ( 'NONE', #8585, .T. ) ;
#9694 = ADVANCED_FACE ( 'NONE', ( #3184 ), #9237, .T. ) ;
#9695 = CARTESIAN_POINT ( 'NONE',  ( 3.001773216610862200, 4.500000000000000900, -2.281877737210066900 ) ) ;
#9696 = AXIS2_PLACEMENT_3D ( 'NONE', #5132, #9741, #7506 ) ;
#9697 = SURFACE_STYLE_FILL_AREA ( #1151 ) ;
#9698 = PRESENTATION_LAYER_ASSIGNMENT (  '', '', ( #8682 ) ) ;
#9699 = VERTEX_POINT ( 'NONE', #165 ) ;
#9700 =( GEOMETRIC_REPRESENTATION_CONTEXT ( 3 ) GLOBAL_UNCERTAINTY_ASSIGNED_CONTEXT ( ( #6814 ) ) GLOBAL_UNIT_ASSIGNED_CONTEXT ( ( #4449, #9761, #6741 ) ) REPRESENTATION_CONTEXT ( 'NONE', 'WORKASPACE' ) );
#9701 = SURFACE_STYLE_USAGE ( .BOTH. , #8940 ) ;
#9702 = ORIENTED_EDGE ( 'NONE', *, *, #6236, .T. ) ;
#9703 = CARTESIAN_POINT ( 'NONE',  ( 2.802006894066219700, 4.500000000000000900, -2.190927216376733300 ) ) ;
#9704 = CARTESIAN_POINT ( 'NONE',  ( 3.013825529268670400, 4.500000000000001800, -1.471055787771994700 ) ) ;
#9705 = CARTESIAN_POINT ( 'NONE',  ( 5.222717329497317700, 4.509999999999999800, -2.100932883778873900 ) ) ;
#9706 = CARTESIAN_POINT ( 'NONE',  ( 2.287313795418822500, 4.500000000000002700, -1.124733988095137900 ) ) ;
#9707 = VECTOR ( 'NONE', #9677, 1000.000000000000100 ) ;
#9708 = ADVANCED_FACE ( 'NONE', ( #427 ), #7077, .F. ) ;
#9709 = FACE_OUTER_BOUND ( 'NONE', #189, .T. ) ;
#9710 = CARTESIAN_POINT ( 'NONE',  ( 5.650723507801373600, 4.499999999999999100, -2.290491966352345500 ) ) ;
#9711 = ORIENTED_EDGE ( 'NONE', *, *, #9886, .F. ) ;
#9712 = ORIENTED_EDGE ( 'NONE', *, *, #2078, .T. ) ;
#9713 = SURFACE_SIDE_STYLE ('',( #995 ) ) ;
#9714 = EDGE_CURVE ( 'NONE', #9415, #4839, #188, .T. ) ;
#9715 = CARTESIAN_POINT ( 'NONE',  ( 7.027567996916065600, 4.500000000000001800, -1.033271377414996000 ) ) ;
#9716 = FACE_OUTER_BOUND ( 'NONE', #1675, .T. ) ;
#9717 = CARTESIAN_POINT ( 'NONE',  ( 2.402880278087797400, 4.509999999999999800, -0.9838026697807514800 ) ) ;
#9718 = PRESENTATION_LAYER_ASSIGNMENT (  '', '', ( #5288 ) ) ;
#9719 = PRESENTATION_STYLE_ASSIGNMENT (( #5604 ) ) ;
#9720 =( LENGTH_UNIT ( ) NAMED_UNIT ( * ) SI_UNIT ( .MILLI., .METRE. ) );
#9721 = ORIENTED_EDGE ( 'NONE', *, *, #661, .T. ) ;
#9722 =( LENGTH_UNIT ( ) NAMED_UNIT ( * ) SI_UNIT ( .MILLI., .METRE. ) );
#9723 = ORIENTED_EDGE ( 'NONE', *, *, #8172, .F. ) ;
#9724 = CARTESIAN_POINT ( 'NONE',  ( 4.955179268973211900, 4.509999999999999800, -2.736630341376733000 ) ) ;
#9725 = CARTESIAN_POINT ( 'NONE',  ( 4.064388594982565600, 4.500000000000000000, -0.9299409107028423500 ) ) ;
#9726 = CARTESIAN_POINT ( 'NONE',  ( 6.037250769585452500, 4.509999999999998900, -0.9223453044267365700 ) ) ;
#9727 = LINE ( 'NONE', #7060, #4005 ) ;
#9728 = CARTESIAN_POINT ( 'NONE',  ( 1.749783225320938000, 4.509999999999999800, -1.108138787319686200 ) ) ;
#9729 = FILL_AREA_STYLE ('',( #4425 ) ) ;
#9730 = DIRECTION ( 'NONE',  ( -0.2587360852240837000, 0.0000000000000000000, 0.9659480515032450300 ) ) ;
#9731 = VECTOR ( 'NONE', #1529, 1000.000000000000000 ) ;
#9732 = CARTESIAN_POINT ( 'NONE',  ( 4.958021472749254400, 4.509999999999999800, -1.008570445543400100 ) ) ;
#9733 = ORIENTED_EDGE ( 'NONE', *, *, #6887, .T. ) ;
#9734 = UNCERTAINTY_MEASURE_WITH_UNIT (LENGTH_MEASURE( 1.000000000000000100E-005 ), #326, 'distance_accuracy_value', 'NONE');
#9735 = PRODUCT ( 'TO-220_correct_angle', 'TO-220_correct_angle', '', ( #2985 ) ) ;
#9736 = VECTOR ( 'NONE', #8101, 1000.000000000000000 ) ;
#9737 = SURFACE_STYLE_USAGE ( .BOTH. , #599 ) ;
#9738 = CARTESIAN_POINT ( 'NONE',  ( 6.737535043456958300, 4.509999999999999800, -0.9178530189701942200 ) ) ;
#9739 = CARTESIAN_POINT ( 'NONE',  ( 6.949557276012961400, 4.509999999999998000, -1.204290560092105000 ) ) ;
#9740 = CARTESIAN_POINT ( 'NONE',  ( 7.243620983212360400, 4.509999999999998900, -1.325101094684881100 ) ) ;
#9741 = DIRECTION ( 'NONE',  ( 0.0000000000000000000, -4.336808689942025600E-016, -1.000000000000000000 ) ) ;
#9742 = DIRECTION ( 'NONE',  ( 0.0000000000000000000, 0.0000000000000000000, -1.000000000000000000 ) ) ;
#9743 = VECTOR ( 'NONE', #7737, 1000.000000000000000 ) ;
#9744 = ORIENTED_EDGE ( 'NONE', *, *, #3264, .T. ) ;
#9745 = SURFACE_SIDE_STYLE ('',( #8971 ) ) ;
#9746 = CARTESIAN_POINT ( 'NONE',  ( 5.679941231863838700, 4.500000000000000900, -2.315984182522566700 ) ) ;
#9747 = SURFACE_STYLE_FILL_AREA ( #1546 ) ;
#9748 = UNCERTAINTY_MEASURE_WITH_UNIT (LENGTH_MEASURE( 1.000000000000000100E-005 ), #9541, 'distance_accuracy_value', 'NONE');
#9749 = STYLED_ITEM ( 'NONE', ( #9848 ), #3530 ) ;
#9750 = PRESENTATION_STYLE_ASSIGNMENT (( #944 ) ) ;
#9751 = ADVANCED_FACE ( 'NONE', ( #1751 ), #8252, .T. ) ;
#9752 = EDGE_CURVE ( 'NONE', #5714, #7463, #3919, .T. ) ;
#9753 = CARTESIAN_POINT ( 'NONE',  ( 3.013548060825892400, 4.509999999999999800, -1.450330118162447700 ) ) ;
#9754 = CARTESIAN_POINT ( 'NONE',  ( 6.798145403180804200, 4.500000000000002700, -2.137331373742805700 ) ) ;
#9755 = ORIENTED_EDGE ( 'NONE', *, *, #4176, .T. ) ;
#9756 = ORIENTED_EDGE ( 'NONE', *, *, #9332, .T. ) ;
#9757 = LINE ( 'NONE', #4670, #5692 ) ;
#9758 = SURFACE_SIDE_STYLE ('',( #9513 ) ) ;
#9759 = CARTESIAN_POINT ( 'NONE',  ( 3.083633888582768500, 4.510000000000001600, -1.360453722440947600 ) ) ;
#9760 = ORIENTED_EDGE ( 'NONE', *, *, #7620, .F. ) ;
#9761 =( NAMED_UNIT ( * ) PLANE_ANGLE_UNIT ( ) SI_UNIT ( $, .RADIAN. ) );
#9762 = CARTESIAN_POINT ( 'NONE',  ( 2.192758885541906900, 4.509999999999999800, -2.415580175495109400 ) ) ;
#9763 = STYLED_ITEM ( 'NONE', ( #4250 ), #7791 ) ;
#9764 = ADVANCED_FACE ( 'NONE', ( #2951 ), #1693, .T. ) ;
#9765 = FACE_OUTER_BOUND ( 'NONE', #1649, .T. ) ;
#9766 = MECHANICAL_DESIGN_GEOMETRIC_PRESENTATION_REPRESENTATION (  '', ( #5473 ), #3251 ) ;
#9767 = FILL_AREA_STYLE_COLOUR ( '', #3082 ) ;
#9768 =( LENGTH_UNIT ( ) NAMED_UNIT ( * ) SI_UNIT ( .MILLI., .METRE. ) );
#9769 = CARTESIAN_POINT ( 'NONE',  ( 4.790952842626757600, 4.500000000000001800, -2.523427915377506500 ) ) ;
#9770 = LINE ( 'NONE', #5560, #2248 ) ;
#9771 = VERTEX_POINT ( 'NONE', #6492 ) ;
#9772 = EDGE_LOOP ( 'NONE', ( #8615, #6288 ) ) ;
#9773 = CARTESIAN_POINT ( 'NONE',  ( 5.182555571056547600, 4.509999999999999800, -1.070692899505453900 ) ) ;
#9774 = CARTESIAN_POINT ( 'NONE',  ( 6.140000000000004100, 2.490000000000000200, 5.999999999999976900 ) ) ;
#9775 = CARTESIAN_POINT ( 'NONE',  ( 7.156855590939201800, 4.500000000000000900, -1.178343448593054600 ) ) ;
#9776 = PRESENTATION_STYLE_ASSIGNMENT (( #2467 ) ) ;
#9777 = LINE ( 'NONE', #4649, #6694 ) ;
#9778 = MECHANICAL_DESIGN_GEOMETRIC_PRESENTATION_REPRESENTATION (  '', ( #1021 ), #176 ) ;
#9779 = VERTEX_POINT ( 'NONE', #2576 ) ;
#9780 = CARTESIAN_POINT ( 'NONE',  ( 6.723842075892855900, 4.509999999999999800, -0.9176199247100669300 ) ) ;
#9781 = CARTESIAN_POINT ( 'NONE',  ( 5.151697358630950200, 4.509999999999999800, -2.011868378486108400 ) ) ;
#9782 = CARTESIAN_POINT ( 'NONE',  ( 5.538037405380701500, 4.500000000000002700, -2.423362262216188300 ) ) ;
#9783 = EDGE_LOOP ( 'NONE', ( #2984, #5628, #3166, #380 ) ) ;
#9784 = EDGE_CURVE ( 'NONE', #815, #4466, #5326, .T. ) ;
#9785 = LINE ( 'NONE', #5087, #6570 ) ;
#9786 = STYLED_ITEM ( 'NONE', ( #4537 ), #1813 ) ;
#9787 = CARTESIAN_POINT ( 'NONE',  ( 2.600940628240816300, 4.500000000000000900, -2.546359093504663800 ) ) ;
#9788 = DIRECTION ( 'NONE',  ( 0.0000000000000000000, 1.000000000000000000, 0.0000000000000000000 ) ) ;
#9789 = LINE ( 'NONE', #1584, #5230 ) ;
#9790 = COLOUR_RGB ( '',1.000000000000000000, 1.000000000000000000, 1.000000000000000000 ) ;
#9791 = CARTESIAN_POINT ( 'NONE',  ( 3.097020724034378300, 4.509999999999999800, -1.541151236593966100 ) ) ;
#9792 =( NAMED_UNIT ( * ) PLANE_ANGLE_UNIT ( ) SI_UNIT ( $, .RADIAN. ) );
#9793 = DIRECTION ( 'NONE',  ( 0.0000000000000000000, 0.0000000000000000000, -1.000000000000000000 ) ) ;
#9794 = VECTOR ( 'NONE', #283, 1000.000000000000000 ) ;
#9795 = CARTESIAN_POINT ( 'NONE',  ( 0.6811744711754660300, 4.510000000000000700, -1.010217200702961900 ) ) ;
#9796 = FACE_OUTER_BOUND ( 'NONE', #6269, .T. ) ;
#9797 = EDGE_CURVE ( 'NONE', #1668, #3465, #1277, .T. ) ;
#9798 = CARTESIAN_POINT ( 'NONE',  ( 5.131565891165528200, 4.510000000000001600, -2.387115135631041200 ) ) ;
#9799 = VERTEX_POINT ( 'NONE', #7937 ) ;
#9800 = DIRECTION ( 'NONE',  ( 0.0000000000000000000, 1.414962237524463600E-014, -1.000000000000000000 ) ) ;
#9801 = CARTESIAN_POINT ( 'NONE',  ( 7.148522036177767300, 4.509999999999998900, -2.554411569219188700 ) ) ;
#9802 = CARTESIAN_POINT ( 'NONE',  ( 3.250000000000003100, 2.490000000000000200, 1.999999999999984500 ) ) ;
#9803 = VECTOR ( 'NONE', #5642, 1000.000000000000000 ) ;
#9804 = ADVANCED_FACE ( 'NONE', ( #8909 ), #6526, .T. ) ;
#9805 = DIRECTION ( 'NONE',  ( 1.355252715606880500E-016, 0.0000000000000000000, 1.000000000000000000 ) ) ;
#9806 = MECHANICAL_DESIGN_GEOMETRIC_PRESENTATION_REPRESENTATION (  '', ( #1381 ), #4316 ) ;
#9807 = LINE ( 'NONE', #7838, #3239 ) ;
#9808 = VERTEX_POINT ( 'NONE', #1319 ) ;
#9809 = DIRECTION ( 'NONE',  ( 1.000000000000000000, 0.0000000000000000000, 0.0000000000000000000 ) ) ;
#9810 = CARTESIAN_POINT ( 'NONE',  ( 6.883291632222503500, 4.500000000000000900, -0.9458571260259988100 ) ) ;
#9811 = B_SPLINE_CURVE_WITH_KNOTS ( 'NONE', 3,
 ( #2772, #9602, #8200, #5063, #8138, #2842, #2001, #2708, #7365, #5128, #8870, #4278, #4339, #9667, #8066, #6656, #6620, #3622, #3556 ),
 .UNSPECIFIED., .F., .F.,
 ( 4, 1, 1, 1, 1, 1, 1, 1, 1, 1, 1, 1, 1, 1, 1, 1, 4 ),
 ( 0.0000000000000000000, 0.05884865939375230600, 0.1149486670466061400, 0.1682268267020931600, 0.2196871817214319800, 0.2705630705612188100, 0.3215331035239645800, 0.3731440702168840100, 0.4272006754271571700, 0.4841087328651387200, 0.5436669024452982500, 0.6079870225141677000, 0.6763270848431238700, 0.7492158575253496900, 0.8274959300652161600, 0.9107835688917304000, 1.000000000000000000 ),
 .UNSPECIFIED. ) ;
#9812 = FILL_AREA_STYLE ('',( #5934 ) ) ;
#9813 = DIRECTION ( 'NONE',  ( -0.0000000000000000000, -0.0000000000000000000, -1.000000000000000000 ) ) ;
#9814 = FILL_AREA_STYLE_COLOUR ( '', #7435 ) ;
#9815 = FILL_AREA_STYLE_COLOUR ( '', #7508 ) ;
#9816 = EDGE_CURVE ( 'NONE', #314, #4260, #3397, .T. ) ;
#9817 = FACE_OUTER_BOUND ( 'NONE', #2521, .T. ) ;
#9818 = ORIENTED_EDGE ( 'NONE', *, *, #1726, .F. ) ;
#9819 =( LENGTH_UNIT ( ) NAMED_UNIT ( * ) SI_UNIT ( .MILLI., .METRE. ) );
#9820 = CARTESIAN_POINT ( 'NONE',  ( 1.662388068842455700, 4.509999999999999800, -1.318163482251132300 ) ) ;
#9821 = CARTESIAN_POINT ( 'NONE',  ( 3.083633888582768500, 4.510000000000001600, -1.360453722440947600 ) ) ;
#9822 =( NAMED_UNIT ( * ) PLANE_ANGLE_UNIT ( ) SI_UNIT ( $, .RADIAN. ) );
#9823 = CARTESIAN_POINT ( 'NONE',  ( 8.999999999999998200, 1.000000000000000000, -6.000000000000016000 ) ) ;
#9824 =( GEOMETRIC_REPRESENTATION_CONTEXT ( 3 ) GLOBAL_UNCERTAINTY_ASSIGNED_CONTEXT ( ( #3344 ) ) GLOBAL_UNIT_ASSIGNED_CONTEXT ( ( #4398, #8312, #9834 ) ) REPRESENTATION_CONTEXT ( 'NONE', 'WORKASPACE' ) );
#9825 = ORIENTED_EDGE ( 'NONE', *, *, #8981, .F. ) ;
#9826 = EDGE_CURVE ( 'NONE', #4135, #5649, #5576, .T. ) ;
#9827 = SURFACE_STYLE_FILL_AREA ( #3340 ) ;
#9828 = CARTESIAN_POINT ( 'NONE',  ( 4.669940337544708200, 4.510000000000001600, -2.668096377734473300 ) ) ;
#9829 =( NAMED_UNIT ( * ) PLANE_ANGLE_UNIT ( ) SI_UNIT ( $, .RADIAN. ) );
#9830 = CARTESIAN_POINT ( 'NONE',  ( 6.670118946681727200, 4.510000000000000700, -1.759273355431101500 ) ) ;
#9831 = CARTESIAN_POINT ( 'NONE',  ( 4.850467273940511200, 4.500000000000000900, -2.547440929278638000 ) ) ;
#9832 = VERTEX_POINT ( 'NONE', #1181 ) ;
#9833 = ORIENTED_EDGE ( 'NONE', *, *, #9049, .F. ) ;
#9834 =( NAMED_UNIT ( * ) SI_UNIT ( $, .STERADIAN. ) SOLID_ANGLE_UNIT ( ) );
#9835 = MECHANICAL_DESIGN_GEOMETRIC_PRESENTATION_REPRESENTATION (  '', ( #5739 ), #6262 ) ;
#9836 = VECTOR ( 'NONE', #8757, 1000.000000000000000 ) ;
#9837 =( GEOMETRIC_REPRESENTATION_CONTEXT ( 3 ) GLOBAL_UNCERTAINTY_ASSIGNED_CONTEXT ( ( #751 ) ) GLOBAL_UNIT_ASSIGNED_CONTEXT ( ( #725, #760, #3040 ) ) REPRESENTATION_CONTEXT ( 'NONE', 'WORKASPACE' ) );
#9838 = CARTESIAN_POINT ( 'NONE',  ( 6.102104859207315700, 4.500000000000002700, -2.736063023224931900 ) ) ;
#9839 = MECHANICAL_DESIGN_GEOMETRIC_PRESENTATION_REPRESENTATION (  '', ( #3729 ), #4218 ) ;
#9840 = DIRECTION ( 'NONE',  ( -0.0000000000000000000, -1.000000000000000000, -0.0000000000000000000 ) ) ;
#9841 = ORIENTED_EDGE ( 'NONE', *, *, #5904, .T. ) ;
#9842 = CARTESIAN_POINT ( 'NONE',  ( 4.935906592724755600, 4.500000000000001800, -0.9399744836577721400 ) ) ;
#9843 = CARTESIAN_POINT ( 'NONE',  ( 5.164661820305040500, 4.509999999999999800, -2.026695946533231000 ) ) ;
#9844 =( NAMED_UNIT ( * ) PLANE_ANGLE_UNIT ( ) SI_UNIT ( $, .RADIAN. ) );
#9845 = EDGE_LOOP ( 'NONE', ( #985, #5533, #6851, #6631 ) ) ;
#9846 =( NAMED_UNIT ( * ) PLANE_ANGLE_UNIT ( ) SI_UNIT ( $, .RADIAN. ) );
#9847 = CARTESIAN_POINT ( 'NONE',  ( 2.562895323736938300, 4.510000000000000700, -2.553879107846025700 ) ) ;
#9848 = PRESENTATION_STYLE_ASSIGNMENT (( #2649 ) ) ;
#9849 = CARTESIAN_POINT ( 'NONE',  ( 0.6612475182322004000, 4.500000000000000000, -2.701465446063500600 ) ) ;
#9850 = CARTESIAN_POINT ( 'NONE',  ( 5.130347207359171200, 4.500000000000001800, -2.414232400811927800 ) ) ;
#9851 = EDGE_CURVE ( 'NONE', #2860, #1758, #9133, .T. ) ;
#9852 = ORIENTED_EDGE ( 'NONE', *, *, #138, .T. ) ;
#9853 = CARTESIAN_POINT ( 'NONE',  ( 6.955962542042547300, 4.500000000000002700, -2.422261316552464500 ) ) ;
#9854 = DIRECTION ( 'NONE',  ( -0.6719155422155838100, 0.0000000000000000000, 0.7406277770440006200 ) ) ;
#9855 = PRESENTATION_STYLE_ASSIGNMENT (( #724 ) ) ;
#9856 = CARTESIAN_POINT ( 'NONE',  ( 2.906375223651199500, 4.499999999999999100, -2.553851000331666100 ) ) ;
#9857 = FILL_AREA_STYLE_COLOUR ( '', #2265 ) ;
#9858 = CARTESIAN_POINT ( 'NONE',  ( 4.926942312885029400, 4.510000000000000700, -2.735827419742393300 ) ) ;
#9859 = SURFACE_STYLE_FILL_AREA ( #8551 ) ;
#9860 = EDGE_LOOP ( 'NONE', ( #2179, #9386, #8005, #7960 ) ) ;
#9861 = VECTOR ( 'NONE', #8639, 1000.000000000000000 ) ;
#9862 = B_SPLINE_CURVE_WITH_KNOTS ( 'NONE', 3,
 ( #464, #4238, #390, #6515, #2707, #5830, #7999, #3414, #4180, #4275, #1932 ),
 .UNSPECIFIED., .F., .F.,
 ( 4, 1, 1, 1, 1, 1, 1, 1, 4 ),
 ( 0.0000000000000000000, 0.1266558512251224100, 0.2499581619777200800, 0.3719201904168855700, 0.5022220188728671000, 0.6325238473288448100, 0.7556260460035196800, 0.8761988241860979600, 1.000000000000000000 ),
 .UNSPECIFIED. ) ;
#9863 = UNCERTAINTY_MEASURE_WITH_UNIT (LENGTH_MEASURE( 1.000000000000000100E-005 ), #521, 'distance_accuracy_value', 'NONE');
#9864 = CARTESIAN_POINT ( 'NONE',  ( 4.549556187220980900, 4.509999999999999800, -2.315984182522566700 ) ) ;
#9865 = SURFACE_STYLE_USAGE ( .BOTH. , #2256 ) ;
#9866 = VECTOR ( 'NONE', #9344, 1000.000000000000000 ) ;
#9867 = EDGE_CURVE ( 'NONE', #4158, #3104, #7146, .T. ) ;
#9868 = ORIENTED_EDGE ( 'NONE', *, *, #7633, .T. ) ;
#9869 = ORIENTED_EDGE ( 'NONE', *, *, #7977, .T. ) ;
#9870 = CARTESIAN_POINT ( 'NONE',  ( 6.444494047619048000, 4.509999999999999800, -2.376888549152031100 ) ) ;
#9871 = COLOUR_RGB ( '',0.8980392156862745400, 0.8980392156862745400, 0.8980392156862745400 ) ;
#9872 = FILL_AREA_STYLE_COLOUR ( '', #4480 ) ;
#9873 = CARTESIAN_POINT ( 'NONE',  ( 7.369872250218883800, 4.500000000000000000, -1.620372117880663800 ) ) ;
#9874 = ORIENTED_EDGE ( 'NONE', *, *, #6756, .T. ) ;
#9875 = UNCERTAINTY_MEASURE_WITH_UNIT (LENGTH_MEASURE( 1.000000000000000100E-005 ), #9524, 'distance_accuracy_value', 'NONE');
#9876 = CARTESIAN_POINT ( 'NONE',  ( 4.953042197029793300, 4.500000000000000900, -0.9693535411242255600 ) ) ;
#9877 = AXIS2_PLACEMENT_3D ( 'NONE', #8049, #4195, #9515 ) ;
#9878 = SURFACE_STYLE_USAGE ( .BOTH. , #3788 ) ;
#9879 = CARTESIAN_POINT ( 'NONE',  ( 3.999999999999999100, 1.000000000000000000, -12.00000000000000200 ) ) ;
#9880 = VECTOR ( 'NONE', #7303, 1000.000000000000000 ) ;
#9881 = ORIENTED_EDGE ( 'NONE', *, *, #6919, .T. ) ;
#9882 = VERTEX_POINT ( 'NONE', #4245 ) ;
#9883 = CARTESIAN_POINT ( 'NONE',  ( 7.496921502976189100, 4.509999999999999800, -2.294464639646822700 ) ) ;
#9884 = STYLED_ITEM ( 'NONE', ( #4125 ), #3578 ) ;
#9885 = CARTESIAN_POINT ( 'NONE',  ( 4.398640456104886600, 4.509999999999999800, -2.339670029120749700 ) ) ;
#9886 = EDGE_CURVE ( 'NONE', #3984, #8583, #4593, .T. ) ;
#9887 = VERTEX_POINT ( 'NONE', #3528 ) ;
#9888 = CARTESIAN_POINT ( 'NONE',  ( 2.372272589001337600, 4.500000000000002700, -2.529973084293389600 ) ) ;
#9889 = CARTESIAN_POINT ( 'NONE',  ( 5.800325382187568700, 4.510000000000001600, -2.668096377734473300 ) ) ;
#9890 = CARTESIAN_POINT ( 'NONE',  ( 4.887935644992379200, 4.510000000000000700, -0.9186940498218996200 ) ) ;
#9891 = VERTEX_POINT ( 'NONE', #2746 ) ;
#9892 = COLOUR_RGB ( '',1.000000000000000000, 1.000000000000000000, 1.000000000000000000 ) ;
#9893 = CARTESIAN_POINT ( 'NONE',  ( 7.246672220997245600, 4.500000000000000000, -1.850100844876178000 ) ) ;
#9894 = CARTESIAN_POINT ( 'NONE',  ( 4.040905556718115600, 4.510000000000000700, -0.9531179552905874000 ) ) ;
#9895 = SURFACE_STYLE_FILL_AREA ( #5693 ) ;
#9896 = CARTESIAN_POINT ( 'NONE',  ( 3.097044185807098100, 4.509999999999999800, -1.359749652173699100 ) ) ;
#9897 = B_SPLINE_CURVE_WITH_KNOTS ( 'NONE', 3,
 ( #9510, #4932, #400, #5004, #337, #8043, #9542 ),
 .UNSPECIFIED., .F., .F.,
 ( 4, 1, 1, 1, 4 ),
 ( 0.0000000000000000000, 0.2750033103974506300, 0.5315097954157082000, 0.7746017486674372500, 0.9999999999999998900 ),
 .UNSPECIFIED. ) ;
#9898 = ORIENTED_EDGE ( 'NONE', *, *, #3823, .F. ) ;
#9899 = VERTEX_POINT ( 'NONE', #6561 ) ;
#9900 = MECHANICAL_DESIGN_GEOMETRIC_PRESENTATION_REPRESENTATION (  '', ( #294 ), #4088 ) ;
#9901 = PRESENTATION_LAYER_ASSIGNMENT (  '', '', ( #6463 ) ) ;
#9902 = CARTESIAN_POINT ( 'NONE',  ( 1.677306256975446000, 4.509999999999999800, -2.554729299710066600 ) ) ;
#9903 = SURFACE_STYLE_USAGE ( .BOTH. , #1466 ) ;
#9904 = CARTESIAN_POINT ( 'NONE',  ( 3.250000000000003100, 2.990000000000000200, 5.799999999999983800 ) ) ;
#9905 = MECHANICAL_DESIGN_GEOMETRIC_PRESENTATION_REPRESENTATION (  '', ( #822 ), #1347 ) ;
#9906 = LINE ( 'NONE', #3532, #7900 ) ;
#9907 = CARTESIAN_POINT ( 'NONE',  ( 5.619490106185794300, 4.500000000000001800, -2.283473480323946300 ) ) ;
#9908 = CARTESIAN_POINT ( 'NONE',  ( 6.266074259224552600, 4.510000000000001600, -2.693998988631578500 ) ) ;
#9909 = CARTESIAN_POINT ( 'NONE',  ( 1.060000000000003600, 1.739999999999988900, 7.249999999999984000 ) ) ;
#9910 = CARTESIAN_POINT ( 'NONE',  ( 7.494626104497546000, 4.509999999999999800, -2.187051903601893200 ) ) ;
#9911 = AXIS2_PLACEMENT_3D ( 'NONE', #6286, #8613, #1645 ) ;
#9912 = SURFACE_STYLE_USAGE ( .BOTH. , #4553 ) ;
#9913 = CARTESIAN_POINT ( 'NONE',  ( 5.314109002976188400, 4.509999999999999800, -2.376888549152031100 ) ) ;
#9914 = CARTESIAN_POINT ( 'NONE',  ( 5.287127284215062100, 4.500000000000000900, -2.518405064466794100 ) ) ;
#9915 = FACE_OUTER_BOUND ( 'NONE', #753, .T. ) ;
#9916 = EDGE_CURVE ( 'NONE', #5920, #9461, #561, .T. ) ;
#9917 = STYLED_ITEM ( 'NONE', ( #9414 ), #2558 ) ;
#9918 = CARTESIAN_POINT ( 'NONE',  ( 6.684686077412997000, 4.500000000000000000, -2.327853735473119900 ) ) ;
#9919 = PLANE ( 'NONE',  #2347 ) ;
#9920 =( NAMED_UNIT ( * ) PLANE_ANGLE_UNIT ( ) SI_UNIT ( $, .RADIAN. ) );
#9921 = CARTESIAN_POINT ( 'NONE',  ( 2.372272589001337600, 4.510000000000001600, -2.529973084293389600 ) ) ;
ENDSEC;
END-ISO-10303-21;
